<?xml version='1.0' encoding='utf-8'?>
<COLLADA xmlns="http://www.collada.org/2005/11/COLLADASchema" version="1.4.1">
  <asset>
    <unit name="meter" meter="1" />
    <up_axis>Z_UP</up_axis>
  </asset>
  <library_effects>
    <effect id="shell-effect">
      <profile_COMMON>
        <technique sid="common">
          <phong>
            <ambient>
              <color>0.92549 0.933333 0.941176 1</color>
            </ambient>
            <diffuse>
              <color>0.92549 0.933333 0.941176 1</color>
            </diffuse>
            <specular>
              <color>0.22 0.22 0.22 1</color>
            </specular>
            <shininess>
              <float>45</float>
            </shininess>
          </phong>
        </technique>
      </profile_COMMON>
    </effect>
    <effect id="graphite-effect">
      <profile_COMMON>
        <technique sid="common">
          <phong>
            <ambient>
              <color>0.137255 0.172549 0.192157 1</color>
            </ambient>
            <diffuse>
              <color>0.137255 0.172549 0.192157 1</color>
            </diffuse>
            <specular>
              <color>0.22 0.22 0.22 1</color>
            </specular>
            <shininess>
              <float>45</float>
            </shininess>
          </phong>
        </technique>
      </profile_COMMON>
    </effect>
    <effect id="rubber-effect">
      <profile_COMMON>
        <technique sid="common">
          <phong>
            <ambient>
              <color>0.086275 0.113725 0.129412 1</color>
            </ambient>
            <diffuse>
              <color>0.086275 0.113725 0.129412 1</color>
            </diffuse>
            <specular>
              <color>0.22 0.22 0.22 1</color>
            </specular>
            <shininess>
              <float>45</float>
            </shininess>
          </phong>
        </technique>
      </profile_COMMON>
    </effect>
    <effect id="glass-effect">
      <profile_COMMON>
        <technique sid="common">
          <phong>
            <ambient>
              <color>0.054902 0.12549 0.164706 1</color>
            </ambient>
            <diffuse>
              <color>0.054902 0.12549 0.164706 1</color>
            </diffuse>
            <specular>
              <color>0.22 0.22 0.22 1</color>
            </specular>
            <shininess>
              <float>45</float>
            </shininess>
          </phong>
        </technique>
      </profile_COMMON>
    </effect>
    <effect id="alloy-effect">
      <profile_COMMON>
        <technique sid="common">
          <phong>
            <ambient>
              <color>0.54902 0.615686 0.647059 1</color>
            </ambient>
            <diffuse>
              <color>0.54902 0.615686 0.647059 1</color>
            </diffuse>
            <specular>
              <color>0.22 0.22 0.22 1</color>
            </specular>
            <shininess>
              <float>45</float>
            </shininess>
          </phong>
        </technique>
      </profile_COMMON>
    </effect>
    <effect id="signal-effect">
      <profile_COMMON>
        <technique sid="common">
          <phong>
            <ambient>
              <color>0.439216 0.847059 0.819608 1</color>
            </ambient>
            <diffuse>
              <color>0.439216 0.847059 0.819608 1</color>
            </diffuse>
            <specular>
              <color>0.22 0.22 0.22 1</color>
            </specular>
            <shininess>
              <float>45</float>
            </shininess>
          </phong>
        </technique>
      </profile_COMMON>
    </effect>
  </library_effects>
  <library_materials>
    <material id="shell">
      <instance_effect url="#shell-effect" />
    </material>
    <material id="graphite">
      <instance_effect url="#graphite-effect" />
    </material>
    <material id="rubber">
      <instance_effect url="#rubber-effect" />
    </material>
    <material id="glass">
      <instance_effect url="#glass-effect" />
    </material>
    <material id="alloy">
      <instance_effect url="#alloy-effect" />
    </material>
    <material id="signal">
      <instance_effect url="#signal-effect" />
    </material>
  </library_materials>
  <library_geometries>
    <geometry id="mesh0">
      <mesh>
        <source id="mesh0-positions">
          <float_array id="mesh0-positions-array" count="774">0.046 0.0 -0.011 0.0457785 0.0045088 -0.011 0.0451161 0.0089742 -0.011 0.0440193 0.0133531 -0.011 0.0424985 0.0176034 -0.011 0.0405684 0.0216842 -0.011 0.0382476 0.0255562 -0.011 0.0355585 0.0291821 -0.011 0.0325269 0.0325269 -0.011 0.0291821 0.0355585 -0.011 0.0255562 0.0382476 -0.011 0.0216842 0.0405684 -0.011 0.0176034 0.0424985 -0.011 0.0133531 0.0440193 -0.011 0.0089742 0.0451161 -0.011 0.0045088 0.0457785 -0.011 0.0 0.046 -0.011 -0.0045088 0.0457785 -0.011 -0.0089742 0.0451161 -0.011 -0.0133531 0.0440193 -0.011 -0.0176034 0.0424985 -0.011 -0.0216842 0.0405684 -0.011 -0.0255562 0.0382476 -0.011 -0.0291821 0.0355585 -0.011 -0.0325269 0.0325269 -0.011 -0.0355585 0.0291821 -0.011 -0.0382476 0.0255562 -0.011 -0.0405684 0.0216842 -0.011 -0.0424985 0.0176034 -0.011 -0.0440193 0.0133531 -0.011 -0.0451161 0.0089742 -0.011 -0.0457785 0.0045088 -0.011 -0.046 0.0 -0.011 -0.0457785 -0.0045088 -0.011 -0.0451161 -0.0089742 -0.011 -0.0440193 -0.0133531 -0.011 -0.0424985 -0.0176034 -0.011 -0.0405684 -0.0216842 -0.011 -0.0382476 -0.0255562 -0.011 -0.0355585 -0.0291821 -0.011 -0.0325269 -0.0325269 -0.011 -0.0291821 -0.0355585 -0.011 -0.0255562 -0.0382476 -0.011 -0.0216842 -0.0405684 -0.011 -0.0176034 -0.0424985 -0.011 -0.0133531 -0.0440193 -0.011 -0.0089742 -0.0451161 -0.011 -0.0045088 -0.0457785 -0.011 -0.0 -0.046 -0.011 0.0045088 -0.0457785 -0.011 0.0089742 -0.0451161 -0.011 0.0133531 -0.0440193 -0.011 0.0176034 -0.0424985 -0.011 0.0216842 -0.0405684 -0.011 0.0255562 -0.0382476 -0.011 0.0291821 -0.0355585 -0.011 0.0325269 -0.0325269 -0.011 0.0355585 -0.0291821 -0.011 0.0382476 -0.0255562 -0.011 0.0405684 -0.0216842 -0.011 0.0424985 -0.0176034 -0.011 0.0440193 -0.0133531 -0.011 0.0451161 -0.0089742 -0.011 0.0457785 -0.0045088 -0.011 0.049 0.0 -0.008 0.0487641 0.0048028 -0.008 0.0480585 0.0095594 -0.008 0.0468901 0.0142239 -0.008 0.0452701 0.0187515 -0.008 0.0432141 0.0230984 -0.008 0.040742 0.0272229 -0.008 0.0378775 0.0310853 -0.008 0.0346482 0.0346482 -0.008 0.0310853 0.0378775 -0.008 0.0272229 0.040742 -0.008 0.0230984 0.0432141 -0.008 0.0187515 0.0452701 -0.008 0.0142239 0.0468901 -0.008 0.0095594 0.0480585 -0.008 0.0048028 0.0487641 -0.008 0.0 0.049 -0.008 -0.0048028 0.0487641 -0.008 -0.0095594 0.0480585 -0.008 -0.0142239 0.0468901 -0.008 -0.0187515 0.0452701 -0.008 -0.0230984 0.0432141 -0.008 -0.0272229 0.040742 -0.008 -0.0310853 0.0378775 -0.008 -0.0346482 0.0346482 -0.008 -0.0378775 0.0310853 -0.008 -0.040742 0.0272229 -0.008 -0.0432141 0.0230984 -0.008 -0.0452701 0.0187515 -0.008 -0.0468901 0.0142239 -0.008 -0.0480585 0.0095594 -0.008 -0.0487641 0.0048028 -0.008 -0.049 0.0 -0.008 -0.0487641 -0.0048028 -0.008 -0.0480585 -0.0095594 -0.008 -0.0468901 -0.0142239 -0.008 -0.0452701 -0.0187515 -0.008 -0.0432141 -0.0230984 -0.008 -0.040742 -0.0272229 -0.008 -0.0378775 -0.0310853 -0.008 -0.0346482 -0.0346482 -0.008 -0.0310853 -0.0378775 -0.008 -0.0272229 -0.040742 -0.008 -0.0230984 -0.0432141 -0.008 -0.0187515 -0.0452701 -0.008 -0.0142239 -0.0468901 -0.008 -0.0095594 -0.0480585 -0.008 -0.0048028 -0.0487641 -0.008 -0.0 -0.049 -0.008 0.0048028 -0.0487641 -0.008 0.0095594 -0.0480585 -0.008 0.0142239 -0.0468901 -0.008 0.0187515 -0.0452701 -0.008 0.0230984 -0.0432141 -0.008 0.0272229 -0.040742 -0.008 0.0310853 -0.0378775 -0.008 0.0346482 -0.0346482 -0.008 0.0378775 -0.0310853 -0.008 0.040742 -0.0272229 -0.008 0.0432141 -0.0230984 -0.008 0.0452701 -0.0187515 -0.008 0.0468901 -0.0142239 -0.008 0.0480585 -0.0095594 -0.008 0.0487641 -0.0048028 -0.008 0.049 0.0 0.032 0.0487641 0.0048028 0.032 0.0480585 0.0095594 0.032 0.0468901 0.0142239 0.032 0.0452701 0.0187515 0.032 0.0432141 0.0230984 0.032 0.040742 0.0272229 0.032 0.0378775 0.0310853 0.032 0.0346482 0.0346482 0.032 0.0310853 0.0378775 0.032 0.0272229 0.040742 0.032 0.0230984 0.0432141 0.032 0.0187515 0.0452701 0.032 0.0142239 0.0468901 0.032 0.0095594 0.0480585 0.032 0.0048028 0.0487641 0.032 0.0 0.049 0.032 -0.0048028 0.0487641 0.032 -0.0095594 0.0480585 0.032 -0.0142239 0.0468901 0.032 -0.0187515 0.0452701 0.032 -0.0230984 0.0432141 0.032 -0.0272229 0.040742 0.032 -0.0310853 0.0378775 0.032 -0.0346482 0.0346482 0.032 -0.0378775 0.0310853 0.032 -0.040742 0.0272229 0.032 -0.0432141 0.0230984 0.032 -0.0452701 0.0187515 0.032 -0.0468901 0.0142239 0.032 -0.0480585 0.0095594 0.032 -0.0487641 0.0048028 0.032 -0.049 0.0 0.032 -0.0487641 -0.0048028 0.032 -0.0480585 -0.0095594 0.032 -0.0468901 -0.0142239 0.032 -0.0452701 -0.0187515 0.032 -0.0432141 -0.0230984 0.032 -0.040742 -0.0272229 0.032 -0.0378775 -0.0310853 0.032 -0.0346482 -0.0346482 0.032 -0.0310853 -0.0378775 0.032 -0.0272229 -0.040742 0.032 -0.0230984 -0.0432141 0.032 -0.0187515 -0.0452701 0.032 -0.0142239 -0.0468901 0.032 -0.0095594 -0.0480585 0.032 -0.0048028 -0.0487641 0.032 -0.0 -0.049 0.032 0.0048028 -0.0487641 0.032 0.0095594 -0.0480585 0.032 0.0142239 -0.0468901 0.032 0.0187515 -0.0452701 0.032 0.0230984 -0.0432141 0.032 0.0272229 -0.040742 0.032 0.0310853 -0.0378775 0.032 0.0346482 -0.0346482 0.032 0.0378775 -0.0310853 0.032 0.040742 -0.0272229 0.032 0.0432141 -0.0230984 0.032 0.0452701 -0.0187515 0.032 0.0468901 -0.0142239 0.032 0.0480585 -0.0095594 0.032 0.0487641 -0.0048028 0.032 0.046 0.0 0.035 0.0457785 0.0045088 0.035 0.0451161 0.0089742 0.035 0.0440193 0.0133531 0.035 0.0424985 0.0176034 0.035 0.0405684 0.0216842 0.035 0.0382476 0.0255562 0.035 0.0355585 0.0291821 0.035 0.0325269 0.0325269 0.035 0.0291821 0.0355585 0.035 0.0255562 0.0382476 0.035 0.0216842 0.0405684 0.035 0.0176034 0.0424985 0.035 0.0133531 0.0440193 0.035 0.0089742 0.0451161 0.035 0.0045088 0.0457785 0.035 0.0 0.046 0.035 -0.0045088 0.0457785 0.035 -0.0089742 0.0451161 0.035 -0.0133531 0.0440193 0.035 -0.0176034 0.0424985 0.035 -0.0216842 0.0405684 0.035 -0.0255562 0.0382476 0.035 -0.0291821 0.0355585 0.035 -0.0325269 0.0325269 0.035 -0.0355585 0.0291821 0.035 -0.0382476 0.0255562 0.035 -0.0405684 0.0216842 0.035 -0.0424985 0.0176034 0.035 -0.0440193 0.0133531 0.035 -0.0451161 0.0089742 0.035 -0.0457785 0.0045088 0.035 -0.046 0.0 0.035 -0.0457785 -0.0045088 0.035 -0.0451161 -0.0089742 0.035 -0.0440193 -0.0133531 0.035 -0.0424985 -0.0176034 0.035 -0.0405684 -0.0216842 0.035 -0.0382476 -0.0255562 0.035 -0.0355585 -0.0291821 0.035 -0.0325269 -0.0325269 0.035 -0.0291821 -0.0355585 0.035 -0.0255562 -0.0382476 0.035 -0.0216842 -0.0405684 0.035 -0.0176034 -0.0424985 0.035 -0.0133531 -0.0440193 0.035 -0.0089742 -0.0451161 0.035 -0.0045088 -0.0457785 0.035 -0.0 -0.046 0.035 0.0045088 -0.0457785 0.035 0.0089742 -0.0451161 0.035 0.0133531 -0.0440193 0.035 0.0176034 -0.0424985 0.035 0.0216842 -0.0405684 0.035 0.0255562 -0.0382476 0.035 0.0291821 -0.0355585 0.035 0.0325269 -0.0325269 0.035 0.0355585 -0.0291821 0.035 0.0382476 -0.0255562 0.035 0.0405684 -0.0216842 0.035 0.0424985 -0.0176034 0.035 0.0440193 -0.0133531 0.035 0.0451161 -0.0089742 0.035 0.0457785 -0.0045088 0.035 -0.0 -0.0 -0.011 -0.0 -0.0 0.035</float_array>
          <technique_common>
            <accessor source="#mesh0-positions-array" count="258" stride="3">
              <param name="X" type="float" />
              <param name="Y" type="float" />
              <param name="Z" type="float" />
            </accessor>
          </technique_common>
        </source>
        <source id="mesh0-normals">
          <float_array id="mesh0-normals-array" count="774">0.0904971 0.001545 -0.9958955 0.0899099 0.0104078 -0.9958955 0.0884568 0.0191704 -0.9958955 0.0861518 0.0277484 -0.9958955 0.0830171 0.0360591 -0.9958955 0.079083 0.0440226 -0.9958955 0.0743872 0.0515621 -0.9958955 0.068975 0.058605 -0.9958955 0.0628986 0.0650836 -0.9958955 0.0562164 0.0709353 -0.9958955 0.0489928 0.0761039 -0.9958955 0.0412974 0.0805396 -0.9958955 0.0332043 0.0841996 -0.9958955 0.0247914 0.0870488 -0.9958955 0.0161398 0.0890596 -0.9958955 0.0073327 0.0902127 -0.9958955 -0.001545 0.0904971 -0.9958955 -0.0104078 0.0899099 -0.9958955 -0.0191704 0.0884568 -0.9958955 -0.0277484 0.0861518 -0.9958955 -0.0360591 0.0830171 -0.9958955 -0.0440226 0.079083 -0.9958955 -0.0515621 0.0743872 -0.9958955 -0.058605 0.068975 -0.9958955 -0.0650836 0.0628986 -0.9958955 -0.0709353 0.0562164 -0.9958955 -0.0761039 0.0489928 -0.9958955 -0.0805396 0.0412974 -0.9958955 -0.0841996 0.0332043 -0.9958955 -0.0870488 0.0247914 -0.9958955 -0.0890596 0.0161398 -0.9958955 -0.0902127 0.0073327 -0.9958955 -0.0904971 -0.001545 -0.9958955 -0.0899099 -0.0104078 -0.9958955 -0.0884568 -0.0191704 -0.9958955 -0.0861518 -0.0277484 -0.9958955 -0.0830171 -0.0360591 -0.9958955 -0.079083 -0.0440226 -0.9958955 -0.0743872 -0.0515621 -0.9958955 -0.068975 -0.058605 -0.9958955 -0.0628986 -0.0650836 -0.9958955 -0.0562164 -0.0709353 -0.9958955 -0.0489928 -0.0761039 -0.9958955 -0.0412974 -0.0805396 -0.9958955 -0.0332043 -0.0841996 -0.9958955 -0.0247914 -0.0870488 -0.9958955 -0.0161398 -0.0890596 -0.9958955 -0.0073327 -0.0902127 -0.9958955 0.001545 -0.0904971 -0.9958955 0.0104078 -0.0899099 -0.9958955 0.0191704 -0.0884568 -0.9958955 0.0277484 -0.0861518 -0.9958955 0.0360591 -0.0830171 -0.9958955 0.0440226 -0.079083 -0.9958955 0.0515621 -0.0743872 -0.9958955 0.058605 -0.068975 -0.9958955 0.0650836 -0.0628986 -0.9958955 0.0709353 -0.0562164 -0.9958955 0.0761039 -0.0489928 -0.9958955 0.0805396 -0.0412974 -0.9958955 0.0841996 -0.0332043 -0.9958955 0.0870488 -0.0247914 -0.9958955 0.0890596 -0.0161398 -0.9958955 0.0902127 -0.0073327 -0.9958955 0.9975663 0.0141463 -0.0682745 0.9913761 0.1118567 -0.0682745 0.9756385 0.20849 -0.0682745 0.950505 0.3031153 -0.0682745 0.9162175 0.3948215 -0.0682745 0.8731064 0.4827254 -0.0682745 0.8215868 0.5659803 -0.0682745 0.7621549 0.6437846 -0.0682745 0.695383 0.7153888 -0.0682745 0.6219141 0.7801035 -0.0682745 0.5424559 0.8373053 -0.0682745 0.4577736 0.8864434 -0.0682745 0.3686826 0.9270446 -0.0682745 0.2760411 0.9587179 -0.0682745 0.1807411 0.9811581 -0.0682745 0.0837004 0.9941493 -0.0682745 -0.0141463 0.9975663 -0.0682745 -0.1118567 0.9913761 -0.0682745 -0.20849 0.9756385 -0.0682745 -0.3031153 0.950505 -0.0682745 -0.3948215 0.9162175 -0.0682745 -0.4827254 0.8731064 -0.0682745 -0.5659803 0.8215868 -0.0682745 -0.6437846 0.7621549 -0.0682745 -0.7153888 0.695383 -0.0682745 -0.7801035 0.6219141 -0.0682745 -0.8373053 0.5424559 -0.0682745 -0.8864434 0.4577736 -0.0682745 -0.9270446 0.3686826 -0.0682745 -0.9587179 0.2760411 -0.0682745 -0.9811581 0.1807411 -0.0682745 -0.9941493 0.0837004 -0.0682745 -0.9975663 -0.0141463 -0.0682745 -0.9913761 -0.1118567 -0.0682745 -0.9756385 -0.20849 -0.0682745 -0.950505 -0.3031153 -0.0682745 -0.9162175 -0.3948215 -0.0682745 -0.8731064 -0.4827254 -0.0682745 -0.8215868 -0.5659803 -0.0682745 -0.7621549 -0.6437846 -0.0682745 -0.695383 -0.7153888 -0.0682745 -0.6219141 -0.7801035 -0.0682745 -0.5424559 -0.8373053 -0.0682745 -0.4577736 -0.8864434 -0.0682745 -0.3686826 -0.9270446 -0.0682745 -0.2760411 -0.9587179 -0.0682745 -0.1807411 -0.9811581 -0.0682745 -0.0837004 -0.9941493 -0.0682745 0.0141463 -0.9975663 -0.0682745 0.1118567 -0.9913761 -0.0682745 0.20849 -0.9756385 -0.0682745 0.3031153 -0.950505 -0.0682745 0.3948215 -0.9162175 -0.0682745 0.4827254 -0.8731064 -0.0682745 0.5659803 -0.8215868 -0.0682745 0.6437846 -0.7621549 -0.0682745 0.7153888 -0.695383 -0.0682745 0.7801035 -0.6219141 -0.0682745 0.8373053 -0.5424559 -0.0682745 0.8864434 -0.4577736 -0.0682745 0.9270446 -0.3686826 -0.0682745 0.9587179 -0.2760411 -0.0682745 0.9811581 -0.1807411 -0.0682745 0.9941493 -0.0837004 -0.0682745 0.9975663 -0.0141463 0.0682745 0.9941493 0.0837004 0.0682745 0.9811581 0.1807411 0.0682745 0.9587179 0.2760411 0.0682745 0.9270446 0.3686826 0.0682745 0.8864434 0.4577736 0.0682745 0.8373053 0.5424559 0.0682745 0.7801035 0.6219141 0.0682745 0.7153888 0.695383 0.0682745 0.6437846 0.7621549 0.0682745 0.5659803 0.8215868 0.0682745 0.4827254 0.8731064 0.0682745 0.3948215 0.9162175 0.0682745 0.3031153 0.950505 0.0682745 0.20849 0.9756385 0.0682745 0.1118567 0.9913761 0.0682745 0.0141463 0.9975663 0.0682745 -0.0837004 0.9941493 0.0682745 -0.1807411 0.9811581 0.0682745 -0.2760411 0.9587179 0.0682745 -0.3686826 0.9270446 0.0682745 -0.4577736 0.8864434 0.0682745 -0.5424559 0.8373053 0.0682745 -0.6219141 0.7801035 0.0682745 -0.695383 0.7153888 0.0682745 -0.7621549 0.6437846 0.0682745 -0.8215868 0.5659803 0.0682745 -0.8731064 0.4827254 0.0682745 -0.9162175 0.3948215 0.0682745 -0.950505 0.3031153 0.0682745 -0.9756385 0.20849 0.0682745 -0.9913761 0.1118567 0.0682745 -0.9975663 0.0141463 0.0682745 -0.9941493 -0.0837004 0.0682745 -0.9811581 -0.1807411 0.0682745 -0.9587179 -0.2760411 0.0682745 -0.9270446 -0.3686826 0.0682745 -0.8864434 -0.4577736 0.0682745 -0.8373053 -0.5424559 0.0682745 -0.7801035 -0.6219141 0.0682745 -0.7153888 -0.695383 0.0682745 -0.6437846 -0.7621549 0.0682745 -0.5659803 -0.8215868 0.0682745 -0.4827254 -0.8731064 0.0682745 -0.3948215 -0.9162175 0.0682745 -0.3031153 -0.950505 0.0682745 -0.20849 -0.9756385 0.0682745 -0.1118567 -0.9913761 0.0682745 -0.0141463 -0.9975663 0.0682745 0.0837004 -0.9941493 0.0682745 0.1807411 -0.9811581 0.0682745 0.2760411 -0.9587179 0.0682745 0.3686826 -0.9270446 0.0682745 0.4577736 -0.8864434 0.0682745 0.5424559 -0.8373053 0.0682745 0.6219141 -0.7801035 0.0682745 0.695383 -0.7153888 0.0682745 0.7621549 -0.6437846 0.0682745 0.8215868 -0.5659803 0.0682745 0.8731064 -0.4827254 0.0682745 0.9162175 -0.3948215 0.0682745 0.950505 -0.3031153 0.0682745 0.9756385 -0.20849 0.0682745 0.9913761 -0.1118567 0.0682745 0.0904971 -0.001545 0.9958955 0.0902127 0.0073327 0.9958955 0.0890596 0.0161398 0.9958955 0.0870488 0.0247914 0.9958955 0.0841996 0.0332043 0.9958955 0.0805396 0.0412974 0.9958955 0.0761039 0.0489928 0.9958955 0.0709353 0.0562164 0.9958955 0.0650836 0.0628986 0.9958955 0.058605 0.068975 0.9958955 0.0515621 0.0743872 0.9958955 0.0440226 0.079083 0.9958955 0.0360591 0.0830171 0.9958955 0.0277484 0.0861518 0.9958955 0.0191704 0.0884568 0.9958955 0.0104078 0.0899099 0.9958955 0.001545 0.0904971 0.9958955 -0.0073327 0.0902127 0.9958955 -0.0161398 0.0890596 0.9958955 -0.0247914 0.0870488 0.9958955 -0.0332043 0.0841996 0.9958955 -0.0412974 0.0805396 0.9958955 -0.0489928 0.0761039 0.9958955 -0.0562164 0.0709353 0.9958955 -0.0628986 0.0650836 0.9958955 -0.068975 0.058605 0.9958955 -0.0743872 0.0515621 0.9958955 -0.079083 0.0440226 0.9958955 -0.0830171 0.0360591 0.9958955 -0.0861518 0.0277484 0.9958955 -0.0884568 0.0191704 0.9958955 -0.0899099 0.0104078 0.9958955 -0.0904971 0.001545 0.9958955 -0.0902127 -0.0073327 0.9958955 -0.0890596 -0.0161398 0.9958955 -0.0870488 -0.0247914 0.9958955 -0.0841996 -0.0332043 0.9958955 -0.0805396 -0.0412974 0.9958955 -0.0761039 -0.0489928 0.9958955 -0.0709353 -0.0562164 0.9958955 -0.0650836 -0.0628986 0.9958955 -0.058605 -0.068975 0.9958955 -0.0515621 -0.0743872 0.9958955 -0.0440226 -0.079083 0.9958955 -0.0360591 -0.0830171 0.9958955 -0.0277484 -0.0861518 0.9958955 -0.0191704 -0.0884568 0.9958955 -0.0104078 -0.0899099 0.9958955 -0.001545 -0.0904971 0.9958955 0.0073327 -0.0902127 0.9958955 0.0161398 -0.0890596 0.9958955 0.0247914 -0.0870488 0.9958955 0.0332043 -0.0841996 0.9958955 0.0412974 -0.0805396 0.9958955 0.0489928 -0.0761039 0.9958955 0.0562164 -0.0709353 0.9958955 0.0628986 -0.0650836 0.9958955 0.068975 -0.058605 0.9958955 0.0743872 -0.0515621 0.9958955 0.079083 -0.0440226 0.9958955 0.0830171 -0.0360591 0.9958955 0.0861518 -0.0277484 0.9958955 0.0884568 -0.0191704 0.9958955 0.0899099 -0.0104078 0.9958955 -0.0 0.0 -1.0 -0.0 -0.0 1.0</float_array>
          <technique_common>
            <accessor source="#mesh0-normals-array" count="258" stride="3">
              <param name="X" type="float" />
              <param name="Y" type="float" />
              <param name="Z" type="float" />
            </accessor>
          </technique_common>
        </source>
        <vertices id="mesh0-vertices">
          <input semantic="POSITION" source="#mesh0-positions" />
        </vertices>
        <triangles count="512" material="graphite">
          <input semantic="VERTEX" source="#mesh0-vertices" offset="0" />
          <input semantic="NORMAL" source="#mesh0-normals" offset="1" />
          <p>0 0 1 1 65 65 0 0 65 65 64 64 1 1 2 2 66 66 1 1 66 66 65 65 2 2 3 3 67 67 2 2 67 67 66 66 3 3 4 4 68 68 3 3 68 68 67 67 4 4 5 5 69 69 4 4 69 69 68 68 5 5 6 6 70 70 5 5 70 70 69 69 6 6 7 7 71 71 6 6 71 71 70 70 7 7 8 8 72 72 7 7 72 72 71 71 8 8 9 9 73 73 8 8 73 73 72 72 9 9 10 10 74 74 9 9 74 74 73 73 10 10 11 11 75 75 10 10 75 75 74 74 11 11 12 12 76 76 11 11 76 76 75 75 12 12 13 13 77 77 12 12 77 77 76 76 13 13 14 14 78 78 13 13 78 78 77 77 14 14 15 15 79 79 14 14 79 79 78 78 15 15 16 16 80 80 15 15 80 80 79 79 16 16 17 17 81 81 16 16 81 81 80 80 17 17 18 18 82 82 17 17 82 82 81 81 18 18 19 19 83 83 18 18 83 83 82 82 19 19 20 20 84 84 19 19 84 84 83 83 20 20 21 21 85 85 20 20 85 85 84 84 21 21 22 22 86 86 21 21 86 86 85 85 22 22 23 23 87 87 22 22 87 87 86 86 23 23 24 24 88 88 23 23 88 88 87 87 24 24 25 25 89 89 24 24 89 89 88 88 25 25 26 26 90 90 25 25 90 90 89 89 26 26 27 27 91 91 26 26 91 91 90 90 27 27 28 28 92 92 27 27 92 92 91 91 28 28 29 29 93 93 28 28 93 93 92 92 29 29 30 30 94 94 29 29 94 94 93 93 30 30 31 31 95 95 30 30 95 95 94 94 31 31 32 32 96 96 31 31 96 96 95 95 32 32 33 33 97 97 32 32 97 97 96 96 33 33 34 34 98 98 33 33 98 98 97 97 34 34 35 35 99 99 34 34 99 99 98 98 35 35 36 36 100 100 35 35 100 100 99 99 36 36 37 37 101 101 36 36 101 101 100 100 37 37 38 38 102 102 37 37 102 102 101 101 38 38 39 39 103 103 38 38 103 103 102 102 39 39 40 40 104 104 39 39 104 104 103 103 40 40 41 41 105 105 40 40 105 105 104 104 41 41 42 42 106 106 41 41 106 106 105 105 42 42 43 43 107 107 42 42 107 107 106 106 43 43 44 44 108 108 43 43 108 108 107 107 44 44 45 45 109 109 44 44 109 109 108 108 45 45 46 46 110 110 45 45 110 110 109 109 46 46 47 47 111 111 46 46 111 111 110 110 47 47 48 48 112 112 47 47 112 112 111 111 48 48 49 49 113 113 48 48 113 113 112 112 49 49 50 50 114 114 49 49 114 114 113 113 50 50 51 51 115 115 50 50 115 115 114 114 51 51 52 52 116 116 51 51 116 116 115 115 52 52 53 53 117 117 52 52 117 117 116 116 53 53 54 54 118 118 53 53 118 118 117 117 54 54 55 55 119 119 54 54 119 119 118 118 55 55 56 56 120 120 55 55 120 120 119 119 56 56 57 57 121 121 56 56 121 121 120 120 57 57 58 58 122 122 57 57 122 122 121 121 58 58 59 59 123 123 58 58 123 123 122 122 59 59 60 60 124 124 59 59 124 124 123 123 60 60 61 61 125 125 60 60 125 125 124 124 61 61 62 62 126 126 61 61 126 126 125 125 62 62 63 63 127 127 62 62 127 127 126 126 63 63 0 0 64 64 63 63 64 64 127 127 64 64 65 65 129 129 64 64 129 129 128 128 65 65 66 66 130 130 65 65 130 130 129 129 66 66 67 67 131 131 66 66 131 131 130 130 67 67 68 68 132 132 67 67 132 132 131 131 68 68 69 69 133 133 68 68 133 133 132 132 69 69 70 70 134 134 69 69 134 134 133 133 70 70 71 71 135 135 70 70 135 135 134 134 71 71 72 72 136 136 71 71 136 136 135 135 72 72 73 73 137 137 72 72 137 137 136 136 73 73 74 74 138 138 73 73 138 138 137 137 74 74 75 75 139 139 74 74 139 139 138 138 75 75 76 76 140 140 75 75 140 140 139 139 76 76 77 77 141 141 76 76 141 141 140 140 77 77 78 78 142 142 77 77 142 142 141 141 78 78 79 79 143 143 78 78 143 143 142 142 79 79 80 80 144 144 79 79 144 144 143 143 80 80 81 81 145 145 80 80 145 145 144 144 81 81 82 82 146 146 81 81 146 146 145 145 82 82 83 83 147 147 82 82 147 147 146 146 83 83 84 84 148 148 83 83 148 148 147 147 84 84 85 85 149 149 84 84 149 149 148 148 85 85 86 86 150 150 85 85 150 150 149 149 86 86 87 87 151 151 86 86 151 151 150 150 87 87 88 88 152 152 87 87 152 152 151 151 88 88 89 89 153 153 88 88 153 153 152 152 89 89 90 90 154 154 89 89 154 154 153 153 90 90 91 91 155 155 90 90 155 155 154 154 91 91 92 92 156 156 91 91 156 156 155 155 92 92 93 93 157 157 92 92 157 157 156 156 93 93 94 94 158 158 93 93 158 158 157 157 94 94 95 95 159 159 94 94 159 159 158 158 95 95 96 96 160 160 95 95 160 160 159 159 96 96 97 97 161 161 96 96 161 161 160 160 97 97 98 98 162 162 97 97 162 162 161 161 98 98 99 99 163 163 98 98 163 163 162 162 99 99 100 100 164 164 99 99 164 164 163 163 100 100 101 101 165 165 100 100 165 165 164 164 101 101 102 102 166 166 101 101 166 166 165 165 102 102 103 103 167 167 102 102 167 167 166 166 103 103 104 104 168 168 103 103 168 168 167 167 104 104 105 105 169 169 104 104 169 169 168 168 105 105 106 106 170 170 105 105 170 170 169 169 106 106 107 107 171 171 106 106 171 171 170 170 107 107 108 108 172 172 107 107 172 172 171 171 108 108 109 109 173 173 108 108 173 173 172 172 109 109 110 110 174 174 109 109 174 174 173 173 110 110 111 111 175 175 110 110 175 175 174 174 111 111 112 112 176 176 111 111 176 176 175 175 112 112 113 113 177 177 112 112 177 177 176 176 113 113 114 114 178 178 113 113 178 178 177 177 114 114 115 115 179 179 114 114 179 179 178 178 115 115 116 116 180 180 115 115 180 180 179 179 116 116 117 117 181 181 116 116 181 181 180 180 117 117 118 118 182 182 117 117 182 182 181 181 118 118 119 119 183 183 118 118 183 183 182 182 119 119 120 120 184 184 119 119 184 184 183 183 120 120 121 121 185 185 120 120 185 185 184 184 121 121 122 122 186 186 121 121 186 186 185 185 122 122 123 123 187 187 122 122 187 187 186 186 123 123 124 124 188 188 123 123 188 188 187 187 124 124 125 125 189 189 124 124 189 189 188 188 125 125 126 126 190 190 125 125 190 190 189 189 126 126 127 127 191 191 126 126 191 191 190 190 127 127 64 64 128 128 127 127 128 128 191 191 128 128 129 129 193 193 128 128 193 193 192 192 129 129 130 130 194 194 129 129 194 194 193 193 130 130 131 131 195 195 130 130 195 195 194 194 131 131 132 132 196 196 131 131 196 196 195 195 132 132 133 133 197 197 132 132 197 197 196 196 133 133 134 134 198 198 133 133 198 198 197 197 134 134 135 135 199 199 134 134 199 199 198 198 135 135 136 136 200 200 135 135 200 200 199 199 136 136 137 137 201 201 136 136 201 201 200 200 137 137 138 138 202 202 137 137 202 202 201 201 138 138 139 139 203 203 138 138 203 203 202 202 139 139 140 140 204 204 139 139 204 204 203 203 140 140 141 141 205 205 140 140 205 205 204 204 141 141 142 142 206 206 141 141 206 206 205 205 142 142 143 143 207 207 142 142 207 207 206 206 143 143 144 144 208 208 143 143 208 208 207 207 144 144 145 145 209 209 144 144 209 209 208 208 145 145 146 146 210 210 145 145 210 210 209 209 146 146 147 147 211 211 146 146 211 211 210 210 147 147 148 148 212 212 147 147 212 212 211 211 148 148 149 149 213 213 148 148 213 213 212 212 149 149 150 150 214 214 149 149 214 214 213 213 150 150 151 151 215 215 150 150 215 215 214 214 151 151 152 152 216 216 151 151 216 216 215 215 152 152 153 153 217 217 152 152 217 217 216 216 153 153 154 154 218 218 153 153 218 218 217 217 154 154 155 155 219 219 154 154 219 219 218 218 155 155 156 156 220 220 155 155 220 220 219 219 156 156 157 157 221 221 156 156 221 221 220 220 157 157 158 158 222 222 157 157 222 222 221 221 158 158 159 159 223 223 158 158 223 223 222 222 159 159 160 160 224 224 159 159 224 224 223 223 160 160 161 161 225 225 160 160 225 225 224 224 161 161 162 162 226 226 161 161 226 226 225 225 162 162 163 163 227 227 162 162 227 227 226 226 163 163 164 164 228 228 163 163 228 228 227 227 164 164 165 165 229 229 164 164 229 229 228 228 165 165 166 166 230 230 165 165 230 230 229 229 166 166 167 167 231 231 166 166 231 231 230 230 167 167 168 168 232 232 167 167 232 232 231 231 168 168 169 169 233 233 168 168 233 233 232 232 169 169 170 170 234 234 169 169 234 234 233 233 170 170 171 171 235 235 170 170 235 235 234 234 171 171 172 172 236 236 171 171 236 236 235 235 172 172 173 173 237 237 172 172 237 237 236 236 173 173 174 174 238 238 173 173 238 238 237 237 174 174 175 175 239 239 174 174 239 239 238 238 175 175 176 176 240 240 175 175 240 240 239 239 176 176 177 177 241 241 176 176 241 241 240 240 177 177 178 178 242 242 177 177 242 242 241 241 178 178 179 179 243 243 178 178 243 243 242 242 179 179 180 180 244 244 179 179 244 244 243 243 180 180 181 181 245 245 180 180 245 245 244 244 181 181 182 182 246 246 181 181 246 246 245 245 182 182 183 183 247 247 182 182 247 247 246 246 183 183 184 184 248 248 183 183 248 248 247 247 184 184 185 185 249 249 184 184 249 249 248 248 185 185 186 186 250 250 185 185 250 250 249 249 186 186 187 187 251 251 186 186 251 251 250 250 187 187 188 188 252 252 187 187 252 252 251 251 188 188 189 189 253 253 188 188 253 253 252 252 189 189 190 190 254 254 189 189 254 254 253 253 190 190 191 191 255 255 190 190 255 255 254 254 191 191 128 128 192 192 191 191 192 192 255 255 256 256 1 1 0 0 256 256 2 2 1 1 256 256 3 3 2 2 256 256 4 4 3 3 256 256 5 5 4 4 256 256 6 6 5 5 256 256 7 7 6 6 256 256 8 8 7 7 256 256 9 9 8 8 256 256 10 10 9 9 256 256 11 11 10 10 256 256 12 12 11 11 256 256 13 13 12 12 256 256 14 14 13 13 256 256 15 15 14 14 256 256 16 16 15 15 256 256 17 17 16 16 256 256 18 18 17 17 256 256 19 19 18 18 256 256 20 20 19 19 256 256 21 21 20 20 256 256 22 22 21 21 256 256 23 23 22 22 256 256 24 24 23 23 256 256 25 25 24 24 256 256 26 26 25 25 256 256 27 27 26 26 256 256 28 28 27 27 256 256 29 29 28 28 256 256 30 30 29 29 256 256 31 31 30 30 256 256 32 32 31 31 256 256 33 33 32 32 256 256 34 34 33 33 256 256 35 35 34 34 256 256 36 36 35 35 256 256 37 37 36 36 256 256 38 38 37 37 256 256 39 39 38 38 256 256 40 40 39 39 256 256 41 41 40 40 256 256 42 42 41 41 256 256 43 43 42 42 256 256 44 44 43 43 256 256 45 45 44 44 256 256 46 46 45 45 256 256 47 47 46 46 256 256 48 48 47 47 256 256 49 49 48 48 256 256 50 50 49 49 256 256 51 51 50 50 256 256 52 52 51 51 256 256 53 53 52 52 256 256 54 54 53 53 256 256 55 55 54 54 256 256 56 56 55 55 256 256 57 57 56 56 256 256 58 58 57 57 256 256 59 59 58 58 256 256 60 60 59 59 256 256 61 61 60 60 256 256 62 62 61 61 256 256 63 63 62 62 256 256 0 0 63 63 257 257 192 192 193 193 257 257 193 193 194 194 257 257 194 194 195 195 257 257 195 195 196 196 257 257 196 196 197 197 257 257 197 197 198 198 257 257 198 198 199 199 257 257 199 199 200 200 257 257 200 200 201 201 257 257 201 201 202 202 257 257 202 202 203 203 257 257 203 203 204 204 257 257 204 204 205 205 257 257 205 205 206 206 257 257 206 206 207 207 257 257 207 207 208 208 257 257 208 208 209 209 257 257 209 209 210 210 257 257 210 210 211 211 257 257 211 211 212 212 257 257 212 212 213 213 257 257 213 213 214 214 257 257 214 214 215 215 257 257 215 215 216 216 257 257 216 216 217 217 257 257 217 217 218 218 257 257 218 218 219 219 257 257 219 219 220 220 257 257 220 220 221 221 257 257 221 221 222 222 257 257 222 222 223 223 257 257 223 223 224 224 257 257 224 224 225 225 257 257 225 225 226 226 257 257 226 226 227 227 257 257 227 227 228 228 257 257 228 228 229 229 257 257 229 229 230 230 257 257 230 230 231 231 257 257 231 231 232 232 257 257 232 232 233 233 257 257 233 233 234 234 257 257 234 234 235 235 257 257 235 235 236 236 257 257 236 236 237 237 257 257 237 237 238 238 257 257 238 238 239 239 257 257 239 239 240 240 257 257 240 240 241 241 257 257 241 241 242 242 257 257 242 242 243 243 257 257 243 243 244 244 257 257 244 244 245 245 257 257 245 245 246 246 257 257 246 246 247 247 257 257 247 247 248 248 257 257 248 248 249 249 257 257 249 249 250 250 257 257 250 250 251 251 257 257 251 251 252 252 257 257 252 252 253 253 257 257 253 253 254 254 257 257 254 254 255 255 257 257 255 255 192 192</p>
        </triangles>
      </mesh>
    </geometry>
    <geometry id="mesh1">
      <mesh>
        <source id="mesh1-positions">
          <float_array id="mesh1-positions-array" count="774">0.04 0.0 0.0345 0.0398074 0.0039207 0.0345 0.0392314 0.0078036 0.0345 0.0382776 0.0116114 0.0345 0.0369552 0.0153073 0.0345 0.0352769 0.0188559 0.0345 0.0332588 0.0222228 0.0345 0.0309204 0.0253757 0.0345 0.0282843 0.0282843 0.0345 0.0253757 0.0309204 0.0345 0.0222228 0.0332588 0.0345 0.0188559 0.0352769 0.0345 0.0153073 0.0369552 0.0345 0.0116114 0.0382776 0.0345 0.0078036 0.0392314 0.0345 0.0039207 0.0398074 0.0345 0.0 0.04 0.0345 -0.0039207 0.0398074 0.0345 -0.0078036 0.0392314 0.0345 -0.0116114 0.0382776 0.0345 -0.0153073 0.0369552 0.0345 -0.0188559 0.0352769 0.0345 -0.0222228 0.0332588 0.0345 -0.0253757 0.0309204 0.0345 -0.0282843 0.0282843 0.0345 -0.0309204 0.0253757 0.0345 -0.0332588 0.0222228 0.0345 -0.0352769 0.0188559 0.0345 -0.0369552 0.0153073 0.0345 -0.0382776 0.0116114 0.0345 -0.0392314 0.0078036 0.0345 -0.0398074 0.0039207 0.0345 -0.04 0.0 0.0345 -0.0398074 -0.0039207 0.0345 -0.0392314 -0.0078036 0.0345 -0.0382776 -0.0116114 0.0345 -0.0369552 -0.0153073 0.0345 -0.0352769 -0.0188559 0.0345 -0.0332588 -0.0222228 0.0345 -0.0309204 -0.0253757 0.0345 -0.0282843 -0.0282843 0.0345 -0.0253757 -0.0309204 0.0345 -0.0222228 -0.0332588 0.0345 -0.0188559 -0.0352769 0.0345 -0.0153073 -0.0369552 0.0345 -0.0116114 -0.0382776 0.0345 -0.0078036 -0.0392314 0.0345 -0.0039207 -0.0398074 0.0345 -0.0 -0.04 0.0345 0.0039207 -0.0398074 0.0345 0.0078036 -0.0392314 0.0345 0.0116114 -0.0382776 0.0345 0.0153073 -0.0369552 0.0345 0.0188559 -0.0352769 0.0345 0.0222228 -0.0332588 0.0345 0.0253757 -0.0309204 0.0345 0.0282843 -0.0282843 0.0345 0.0309204 -0.0253757 0.0345 0.0332588 -0.0222228 0.0345 0.0352769 -0.0188559 0.0345 0.0369552 -0.0153073 0.0345 0.0382776 -0.0116114 0.0345 0.0392314 -0.0078036 0.0345 0.0398074 -0.0039207 0.0345 0.043 0.0 0.0375 0.0427929 0.0042147 0.0375 0.0421738 0.0083889 0.0375 0.0411484 0.0124822 0.0375 0.0397268 0.0164554 0.0375 0.0379226 0.0202701 0.0375 0.0357532 0.0238895 0.0375 0.0332394 0.0272789 0.0375 0.0304056 0.0304056 0.0375 0.0272789 0.0332394 0.0375 0.0238895 0.0357532 0.0375 0.0202701 0.0379226 0.0375 0.0164554 0.0397268 0.0375 0.0124822 0.0411484 0.0375 0.0083889 0.0421738 0.0375 0.0042147 0.0427929 0.0375 0.0 0.043 0.0375 -0.0042147 0.0427929 0.0375 -0.0083889 0.0421738 0.0375 -0.0124822 0.0411484 0.0375 -0.0164554 0.0397268 0.0375 -0.0202701 0.0379226 0.0375 -0.0238895 0.0357532 0.0375 -0.0272789 0.0332394 0.0375 -0.0304056 0.0304056 0.0375 -0.0332394 0.0272789 0.0375 -0.0357532 0.0238895 0.0375 -0.0379226 0.0202701 0.0375 -0.0397268 0.0164554 0.0375 -0.0411484 0.0124822 0.0375 -0.0421738 0.0083889 0.0375 -0.0427929 0.0042147 0.0375 -0.043 0.0 0.0375 -0.0427929 -0.0042147 0.0375 -0.0421738 -0.0083889 0.0375 -0.0411484 -0.0124822 0.0375 -0.0397268 -0.0164554 0.0375 -0.0379226 -0.0202701 0.0375 -0.0357532 -0.0238895 0.0375 -0.0332394 -0.0272789 0.0375 -0.0304056 -0.0304056 0.0375 -0.0272789 -0.0332394 0.0375 -0.0238895 -0.0357532 0.0375 -0.0202701 -0.0379226 0.0375 -0.0164554 -0.0397268 0.0375 -0.0124822 -0.0411484 0.0375 -0.0083889 -0.0421738 0.0375 -0.0042147 -0.0427929 0.0375 -0.0 -0.043 0.0375 0.0042147 -0.0427929 0.0375 0.0083889 -0.0421738 0.0375 0.0124822 -0.0411484 0.0375 0.0164554 -0.0397268 0.0375 0.0202701 -0.0379226 0.0375 0.0238895 -0.0357532 0.0375 0.0272789 -0.0332394 0.0375 0.0304056 -0.0304056 0.0375 0.0332394 -0.0272789 0.0375 0.0357532 -0.0238895 0.0375 0.0379226 -0.0202701 0.0375 0.0397268 -0.0164554 0.0375 0.0411484 -0.0124822 0.0375 0.0421738 -0.0083889 0.0375 0.0427929 -0.0042147 0.0375 0.043 0.0 0.0405 0.0427929 0.0042147 0.0405 0.0421738 0.0083889 0.0405 0.0411484 0.0124822 0.0405 0.0397268 0.0164554 0.0405 0.0379226 0.0202701 0.0405 0.0357532 0.0238895 0.0405 0.0332394 0.0272789 0.0405 0.0304056 0.0304056 0.0405 0.0272789 0.0332394 0.0405 0.0238895 0.0357532 0.0405 0.0202701 0.0379226 0.0405 0.0164554 0.0397268 0.0405 0.0124822 0.0411484 0.0405 0.0083889 0.0421738 0.0405 0.0042147 0.0427929 0.0405 0.0 0.043 0.0405 -0.0042147 0.0427929 0.0405 -0.0083889 0.0421738 0.0405 -0.0124822 0.0411484 0.0405 -0.0164554 0.0397268 0.0405 -0.0202701 0.0379226 0.0405 -0.0238895 0.0357532 0.0405 -0.0272789 0.0332394 0.0405 -0.0304056 0.0304056 0.0405 -0.0332394 0.0272789 0.0405 -0.0357532 0.0238895 0.0405 -0.0379226 0.0202701 0.0405 -0.0397268 0.0164554 0.0405 -0.0411484 0.0124822 0.0405 -0.0421738 0.0083889 0.0405 -0.0427929 0.0042147 0.0405 -0.043 0.0 0.0405 -0.0427929 -0.0042147 0.0405 -0.0421738 -0.0083889 0.0405 -0.0411484 -0.0124822 0.0405 -0.0397268 -0.0164554 0.0405 -0.0379226 -0.0202701 0.0405 -0.0357532 -0.0238895 0.0405 -0.0332394 -0.0272789 0.0405 -0.0304056 -0.0304056 0.0405 -0.0272789 -0.0332394 0.0405 -0.0238895 -0.0357532 0.0405 -0.0202701 -0.0379226 0.0405 -0.0164554 -0.0397268 0.0405 -0.0124822 -0.0411484 0.0405 -0.0083889 -0.0421738 0.0405 -0.0042147 -0.0427929 0.0405 -0.0 -0.043 0.0405 0.0042147 -0.0427929 0.0405 0.0083889 -0.0421738 0.0405 0.0124822 -0.0411484 0.0405 0.0164554 -0.0397268 0.0405 0.0202701 -0.0379226 0.0405 0.0238895 -0.0357532 0.0405 0.0272789 -0.0332394 0.0405 0.0304056 -0.0304056 0.0405 0.0332394 -0.0272789 0.0405 0.0357532 -0.0238895 0.0405 0.0379226 -0.0202701 0.0405 0.0397268 -0.0164554 0.0405 0.0411484 -0.0124822 0.0405 0.0421738 -0.0083889 0.0405 0.0427929 -0.0042147 0.0405 0.04 0.0 0.0435 0.0398074 0.0039207 0.0435 0.0392314 0.0078036 0.0435 0.0382776 0.0116114 0.0435 0.0369552 0.0153073 0.0435 0.0352769 0.0188559 0.0435 0.0332588 0.0222228 0.0435 0.0309204 0.0253757 0.0435 0.0282843 0.0282843 0.0435 0.0253757 0.0309204 0.0435 0.0222228 0.0332588 0.0435 0.0188559 0.0352769 0.0435 0.0153073 0.0369552 0.0435 0.0116114 0.0382776 0.0435 0.0078036 0.0392314 0.0435 0.0039207 0.0398074 0.0435 0.0 0.04 0.0435 -0.0039207 0.0398074 0.0435 -0.0078036 0.0392314 0.0435 -0.0116114 0.0382776 0.0435 -0.0153073 0.0369552 0.0435 -0.0188559 0.0352769 0.0435 -0.0222228 0.0332588 0.0435 -0.0253757 0.0309204 0.0435 -0.0282843 0.0282843 0.0435 -0.0309204 0.0253757 0.0435 -0.0332588 0.0222228 0.0435 -0.0352769 0.0188559 0.0435 -0.0369552 0.0153073 0.0435 -0.0382776 0.0116114 0.0435 -0.0392314 0.0078036 0.0435 -0.0398074 0.0039207 0.0435 -0.04 0.0 0.0435 -0.0398074 -0.0039207 0.0435 -0.0392314 -0.0078036 0.0435 -0.0382776 -0.0116114 0.0435 -0.0369552 -0.0153073 0.0435 -0.0352769 -0.0188559 0.0435 -0.0332588 -0.0222228 0.0435 -0.0309204 -0.0253757 0.0435 -0.0282843 -0.0282843 0.0435 -0.0253757 -0.0309204 0.0435 -0.0222228 -0.0332588 0.0435 -0.0188559 -0.0352769 0.0435 -0.0153073 -0.0369552 0.0435 -0.0116114 -0.0382776 0.0435 -0.0078036 -0.0392314 0.0435 -0.0039207 -0.0398074 0.0435 -0.0 -0.04 0.0435 0.0039207 -0.0398074 0.0435 0.0078036 -0.0392314 0.0435 0.0116114 -0.0382776 0.0435 0.0153073 -0.0369552 0.0435 0.0188559 -0.0352769 0.0435 0.0222228 -0.0332588 0.0435 0.0253757 -0.0309204 0.0435 0.0282843 -0.0282843 0.0435 0.0309204 -0.0253757 0.0435 0.0332588 -0.0222228 0.0435 0.0352769 -0.0188559 0.0435 0.0369552 -0.0153073 0.0435 0.0382776 -0.0116114 0.0435 0.0392314 -0.0078036 0.0435 0.0398074 -0.0039207 0.0435 -0.0 0.0 0.0345 -0.0 0.0 0.0435</float_array>
          <technique_common>
            <accessor source="#mesh1-positions-array" count="258" stride="3">
              <param name="X" type="float" />
              <param name="Y" type="float" />
              <param name="Z" type="float" />
            </accessor>
          </technique_common>
        </source>
        <source id="mesh1-normals">
          <float_array id="mesh1-normals-array" count="774">0.1028419 0.0017663 -0.9946961 0.1021736 0.011838 -0.9946961 0.1005213 0.0217958 -0.9946961 0.0979009 0.0315436 -0.9946961 0.0943376 0.0409877 -0.9946961 0.0898659 0.050037 -0.9946961 0.0845287 0.0586045 -0.9946961 0.0783774 0.0666076 -0.9946961 0.0714713 0.0739692 -0.9946961 0.0638769 0.0806184 -0.9946961 0.0556673 0.0864912 -0.9946961 0.0469217 0.0915311 -0.9946961 0.0377241 0.0956895 -0.9946961 0.0281632 0.0989263 -0.9946961 0.0183312 0.1012104 -0.9946961 0.0083225 0.1025198 -0.9946961 -0.0017663 0.1028419 -0.9946961 -0.011838 0.1021736 -0.9946961 -0.0217958 0.1005213 -0.9946961 -0.0315436 0.0979009 -0.9946961 -0.0409877 0.0943376 -0.9946961 -0.050037 0.0898659 -0.9946961 -0.0586045 0.0845287 -0.9946961 -0.0666076 0.0783774 -0.9946961 -0.0739692 0.0714713 -0.9946961 -0.0806184 0.0638769 -0.9946961 -0.0864912 0.0556673 -0.9946961 -0.0915311 0.0469217 -0.9946961 -0.0956895 0.0377241 -0.9946961 -0.0989263 0.0281632 -0.9946961 -0.1012104 0.0183312 -0.9946961 -0.1025198 0.0083225 -0.9946961 -0.1028419 -0.0017663 -0.9946961 -0.1021736 -0.011838 -0.9946961 -0.1005213 -0.0217958 -0.9946961 -0.0979009 -0.0315436 -0.9946961 -0.0943376 -0.0409877 -0.9946961 -0.0898659 -0.050037 -0.9946961 -0.0845287 -0.0586045 -0.9946961 -0.0783774 -0.0666076 -0.9946961 -0.0714713 -0.0739692 -0.9946961 -0.0638769 -0.0806184 -0.9946961 -0.0556673 -0.0864912 -0.9946961 -0.0469217 -0.0915311 -0.9946961 -0.0377241 -0.0956895 -0.9946961 -0.0281632 -0.0989263 -0.9946961 -0.0183312 -0.1012104 -0.9946961 -0.0083225 -0.1025198 -0.9946961 0.0017663 -0.1028419 -0.9946961 0.011838 -0.1021736 -0.9946961 0.0217958 -0.1005213 -0.9946961 0.0315436 -0.0979009 -0.9946961 0.0409877 -0.0943376 -0.9946961 0.050037 -0.0898659 -0.9946961 0.0586045 -0.0845287 -0.9946961 0.0666076 -0.0783774 -0.9946961 0.0739692 -0.0714713 -0.9946961 0.0806184 -0.0638769 -0.9946961 0.0864912 -0.0556673 -0.9946961 0.0915311 -0.0469217 -0.9946961 0.0956895 -0.0377241 -0.9946961 0.0989263 -0.0281632 -0.9946961 0.1012104 -0.0183312 -0.9946961 0.1025198 -0.0083225 -0.9946961 0.8965266 0.0005182 -0.4429896 0.8921588 0.0883906 -0.4429896 0.879199 0.1754119 -0.4429896 0.857772 0.2607438 -0.4429896 0.8280843 0.3435646 -0.4429896 0.7904216 0.4230767 -0.4429896 0.7451467 0.4985143 -0.4429896 0.6926957 0.569151 -0.4429896 0.6335736 0.6343064 -0.4429896 0.5683499 0.6933531 -0.4429896 0.4976527 0.7457225 -0.4429896 0.4221627 0.7909101 -0.4429896 0.3426072 0.8284809 -0.4429896 0.2597521 0.8580729 -0.4429896 0.1743955 0.8794012 -0.4429896 0.0873593 0.8922604 -0.4429896 -0.0005182 0.8965266 -0.4429896 -0.0883906 0.8921588 -0.4429896 -0.1754119 0.879199 -0.4429896 -0.2607438 0.857772 -0.4429896 -0.3435646 0.8280843 -0.4429896 -0.4230767 0.7904216 -0.4429896 -0.4985143 0.7451467 -0.4429896 -0.569151 0.6926957 -0.4429896 -0.6343064 0.6335736 -0.4429896 -0.6933531 0.5683499 -0.4429896 -0.7457225 0.4976527 -0.4429896 -0.7909101 0.4221627 -0.4429896 -0.8284809 0.3426072 -0.4429896 -0.8580729 0.2597521 -0.4429896 -0.8794012 0.1743955 -0.4429896 -0.8922604 0.0873593 -0.4429896 -0.8965266 -0.0005182 -0.4429896 -0.8921588 -0.0883906 -0.4429896 -0.879199 -0.1754119 -0.4429896 -0.857772 -0.2607438 -0.4429896 -0.8280843 -0.3435646 -0.4429896 -0.7904216 -0.4230767 -0.4429896 -0.7451467 -0.4985143 -0.4429896 -0.6926957 -0.569151 -0.4429896 -0.6335736 -0.6343064 -0.4429896 -0.5683499 -0.6933531 -0.4429896 -0.4976527 -0.7457225 -0.4429896 -0.4221627 -0.7909101 -0.4429896 -0.3426072 -0.8284809 -0.4429896 -0.2597521 -0.8580729 -0.4429896 -0.1743955 -0.8794012 -0.4429896 -0.0873593 -0.8922604 -0.4429896 0.0005182 -0.8965266 -0.4429896 0.0883906 -0.8921588 -0.4429896 0.1754119 -0.879199 -0.4429896 0.2607438 -0.857772 -0.4429896 0.3435646 -0.8280843 -0.4429896 0.4230767 -0.7904216 -0.4429896 0.4985143 -0.7451467 -0.4429896 0.569151 -0.6926957 -0.4429896 0.6343064 -0.6335736 -0.4429896 0.6933531 -0.5683499 -0.4429896 0.7457225 -0.4976527 -0.4429896 0.7909101 -0.4221627 -0.4429896 0.8284809 -0.3426072 -0.4429896 0.8580729 -0.2597521 -0.4429896 0.8794012 -0.1743955 -0.4429896 0.8922604 -0.0873593 -0.4429896 0.8965266 -0.0005182 0.4429896 0.8922604 0.0873593 0.4429896 0.8794012 0.1743955 0.4429896 0.8580729 0.2597521 0.4429896 0.8284809 0.3426072 0.4429896 0.7909101 0.4221627 0.4429896 0.7457225 0.4976527 0.4429896 0.6933531 0.5683499 0.4429896 0.6343064 0.6335736 0.4429896 0.569151 0.6926957 0.4429896 0.4985143 0.7451467 0.4429896 0.4230767 0.7904216 0.4429896 0.3435646 0.8280843 0.4429896 0.2607438 0.857772 0.4429896 0.1754119 0.879199 0.4429896 0.0883906 0.8921588 0.4429896 0.0005182 0.8965266 0.4429896 -0.0873593 0.8922604 0.4429896 -0.1743955 0.8794012 0.4429896 -0.2597521 0.8580729 0.4429896 -0.3426072 0.8284809 0.4429896 -0.4221627 0.7909101 0.4429896 -0.4976527 0.7457225 0.4429896 -0.5683499 0.6933531 0.4429896 -0.6335736 0.6343064 0.4429896 -0.6926957 0.569151 0.4429896 -0.7451467 0.4985143 0.4429896 -0.7904216 0.4230767 0.4429896 -0.8280843 0.3435646 0.4429896 -0.857772 0.2607438 0.4429896 -0.879199 0.1754119 0.4429896 -0.8921588 0.0883906 0.4429896 -0.8965266 0.0005182 0.4429896 -0.8922604 -0.0873593 0.4429896 -0.8794012 -0.1743955 0.4429896 -0.8580729 -0.2597521 0.4429896 -0.8284809 -0.3426072 0.4429896 -0.7909101 -0.4221627 0.4429896 -0.7457225 -0.4976527 0.4429896 -0.6933531 -0.5683499 0.4429896 -0.6343064 -0.6335736 0.4429896 -0.569151 -0.6926957 0.4429896 -0.4985143 -0.7451467 0.4429896 -0.4230767 -0.7904216 0.4429896 -0.3435646 -0.8280843 0.4429896 -0.2607438 -0.857772 0.4429896 -0.1754119 -0.879199 0.4429896 -0.0883906 -0.8921588 0.4429896 -0.0005182 -0.8965266 0.4429896 0.0873593 -0.8922604 0.4429896 0.1743955 -0.8794012 0.4429896 0.2597521 -0.8580729 0.4429896 0.3426072 -0.8284809 0.4429896 0.4221627 -0.7909101 0.4429896 0.4976527 -0.7457225 0.4429896 0.5683499 -0.6933531 0.4429896 0.6335736 -0.6343064 0.4429896 0.6926957 -0.569151 0.4429896 0.7451467 -0.4985143 0.4429896 0.7904216 -0.4230767 0.4429896 0.8280843 -0.3435646 0.4429896 0.857772 -0.2607438 0.4429896 0.879199 -0.1754119 0.4429896 0.8921588 -0.0883906 0.4429896 0.1028419 -0.0017663 0.9946961 0.1025198 0.0083225 0.9946961 0.1012104 0.0183312 0.9946961 0.0989263 0.0281632 0.9946961 0.0956895 0.0377241 0.9946961 0.0915311 0.0469217 0.9946961 0.0864912 0.0556673 0.9946961 0.0806184 0.0638769 0.9946961 0.0739692 0.0714713 0.9946961 0.0666076 0.0783774 0.9946961 0.0586045 0.0845287 0.9946961 0.050037 0.0898659 0.9946961 0.0409877 0.0943376 0.9946961 0.0315436 0.0979009 0.9946961 0.0217958 0.1005213 0.9946961 0.011838 0.1021736 0.9946961 0.0017663 0.1028419 0.9946961 -0.0083225 0.1025198 0.9946961 -0.0183312 0.1012104 0.9946961 -0.0281632 0.0989263 0.9946961 -0.0377241 0.0956895 0.9946961 -0.0469217 0.0915311 0.9946961 -0.0556673 0.0864912 0.9946961 -0.0638769 0.0806184 0.9946961 -0.0714713 0.0739692 0.9946961 -0.0783774 0.0666076 0.9946961 -0.0845287 0.0586045 0.9946961 -0.0898659 0.050037 0.9946961 -0.0943376 0.0409877 0.9946961 -0.0979009 0.0315436 0.9946961 -0.1005213 0.0217958 0.9946961 -0.1021736 0.011838 0.9946961 -0.1028419 0.0017663 0.9946961 -0.1025198 -0.0083225 0.9946961 -0.1012104 -0.0183312 0.9946961 -0.0989263 -0.0281632 0.9946961 -0.0956895 -0.0377241 0.9946961 -0.0915311 -0.0469217 0.9946961 -0.0864912 -0.0556673 0.9946961 -0.0806184 -0.0638769 0.9946961 -0.0739692 -0.0714713 0.9946961 -0.0666076 -0.0783774 0.9946961 -0.0586045 -0.0845287 0.9946961 -0.050037 -0.0898659 0.9946961 -0.0409877 -0.0943376 0.9946961 -0.0315436 -0.0979009 0.9946961 -0.0217958 -0.1005213 0.9946961 -0.011838 -0.1021736 0.9946961 -0.0017663 -0.1028419 0.9946961 0.0083225 -0.1025198 0.9946961 0.0183312 -0.1012104 0.9946961 0.0281632 -0.0989263 0.9946961 0.0377241 -0.0956895 0.9946961 0.0469217 -0.0915311 0.9946961 0.0556673 -0.0864912 0.9946961 0.0638769 -0.0806184 0.9946961 0.0714713 -0.0739692 0.9946961 0.0783774 -0.0666076 0.9946961 0.0845287 -0.0586045 0.9946961 0.0898659 -0.050037 0.9946961 0.0943376 -0.0409877 0.9946961 0.0979009 -0.0315436 0.9946961 0.1005213 -0.0217958 0.9946961 0.1021736 -0.011838 0.9946961 0.0 0.0 -1.0 0.0 0.0 1.0</float_array>
          <technique_common>
            <accessor source="#mesh1-normals-array" count="258" stride="3">
              <param name="X" type="float" />
              <param name="Y" type="float" />
              <param name="Z" type="float" />
            </accessor>
          </technique_common>
        </source>
        <vertices id="mesh1-vertices">
          <input semantic="POSITION" source="#mesh1-positions" />
        </vertices>
        <triangles count="512" material="shell">
          <input semantic="VERTEX" source="#mesh1-vertices" offset="0" />
          <input semantic="NORMAL" source="#mesh1-normals" offset="1" />
          <p>0 0 1 1 65 65 0 0 65 65 64 64 1 1 2 2 66 66 1 1 66 66 65 65 2 2 3 3 67 67 2 2 67 67 66 66 3 3 4 4 68 68 3 3 68 68 67 67 4 4 5 5 69 69 4 4 69 69 68 68 5 5 6 6 70 70 5 5 70 70 69 69 6 6 7 7 71 71 6 6 71 71 70 70 7 7 8 8 72 72 7 7 72 72 71 71 8 8 9 9 73 73 8 8 73 73 72 72 9 9 10 10 74 74 9 9 74 74 73 73 10 10 11 11 75 75 10 10 75 75 74 74 11 11 12 12 76 76 11 11 76 76 75 75 12 12 13 13 77 77 12 12 77 77 76 76 13 13 14 14 78 78 13 13 78 78 77 77 14 14 15 15 79 79 14 14 79 79 78 78 15 15 16 16 80 80 15 15 80 80 79 79 16 16 17 17 81 81 16 16 81 81 80 80 17 17 18 18 82 82 17 17 82 82 81 81 18 18 19 19 83 83 18 18 83 83 82 82 19 19 20 20 84 84 19 19 84 84 83 83 20 20 21 21 85 85 20 20 85 85 84 84 21 21 22 22 86 86 21 21 86 86 85 85 22 22 23 23 87 87 22 22 87 87 86 86 23 23 24 24 88 88 23 23 88 88 87 87 24 24 25 25 89 89 24 24 89 89 88 88 25 25 26 26 90 90 25 25 90 90 89 89 26 26 27 27 91 91 26 26 91 91 90 90 27 27 28 28 92 92 27 27 92 92 91 91 28 28 29 29 93 93 28 28 93 93 92 92 29 29 30 30 94 94 29 29 94 94 93 93 30 30 31 31 95 95 30 30 95 95 94 94 31 31 32 32 96 96 31 31 96 96 95 95 32 32 33 33 97 97 32 32 97 97 96 96 33 33 34 34 98 98 33 33 98 98 97 97 34 34 35 35 99 99 34 34 99 99 98 98 35 35 36 36 100 100 35 35 100 100 99 99 36 36 37 37 101 101 36 36 101 101 100 100 37 37 38 38 102 102 37 37 102 102 101 101 38 38 39 39 103 103 38 38 103 103 102 102 39 39 40 40 104 104 39 39 104 104 103 103 40 40 41 41 105 105 40 40 105 105 104 104 41 41 42 42 106 106 41 41 106 106 105 105 42 42 43 43 107 107 42 42 107 107 106 106 43 43 44 44 108 108 43 43 108 108 107 107 44 44 45 45 109 109 44 44 109 109 108 108 45 45 46 46 110 110 45 45 110 110 109 109 46 46 47 47 111 111 46 46 111 111 110 110 47 47 48 48 112 112 47 47 112 112 111 111 48 48 49 49 113 113 48 48 113 113 112 112 49 49 50 50 114 114 49 49 114 114 113 113 50 50 51 51 115 115 50 50 115 115 114 114 51 51 52 52 116 116 51 51 116 116 115 115 52 52 53 53 117 117 52 52 117 117 116 116 53 53 54 54 118 118 53 53 118 118 117 117 54 54 55 55 119 119 54 54 119 119 118 118 55 55 56 56 120 120 55 55 120 120 119 119 56 56 57 57 121 121 56 56 121 121 120 120 57 57 58 58 122 122 57 57 122 122 121 121 58 58 59 59 123 123 58 58 123 123 122 122 59 59 60 60 124 124 59 59 124 124 123 123 60 60 61 61 125 125 60 60 125 125 124 124 61 61 62 62 126 126 61 61 126 126 125 125 62 62 63 63 127 127 62 62 127 127 126 126 63 63 0 0 64 64 63 63 64 64 127 127 64 64 65 65 129 129 64 64 129 129 128 128 65 65 66 66 130 130 65 65 130 130 129 129 66 66 67 67 131 131 66 66 131 131 130 130 67 67 68 68 132 132 67 67 132 132 131 131 68 68 69 69 133 133 68 68 133 133 132 132 69 69 70 70 134 134 69 69 134 134 133 133 70 70 71 71 135 135 70 70 135 135 134 134 71 71 72 72 136 136 71 71 136 136 135 135 72 72 73 73 137 137 72 72 137 137 136 136 73 73 74 74 138 138 73 73 138 138 137 137 74 74 75 75 139 139 74 74 139 139 138 138 75 75 76 76 140 140 75 75 140 140 139 139 76 76 77 77 141 141 76 76 141 141 140 140 77 77 78 78 142 142 77 77 142 142 141 141 78 78 79 79 143 143 78 78 143 143 142 142 79 79 80 80 144 144 79 79 144 144 143 143 80 80 81 81 145 145 80 80 145 145 144 144 81 81 82 82 146 146 81 81 146 146 145 145 82 82 83 83 147 147 82 82 147 147 146 146 83 83 84 84 148 148 83 83 148 148 147 147 84 84 85 85 149 149 84 84 149 149 148 148 85 85 86 86 150 150 85 85 150 150 149 149 86 86 87 87 151 151 86 86 151 151 150 150 87 87 88 88 152 152 87 87 152 152 151 151 88 88 89 89 153 153 88 88 153 153 152 152 89 89 90 90 154 154 89 89 154 154 153 153 90 90 91 91 155 155 90 90 155 155 154 154 91 91 92 92 156 156 91 91 156 156 155 155 92 92 93 93 157 157 92 92 157 157 156 156 93 93 94 94 158 158 93 93 158 158 157 157 94 94 95 95 159 159 94 94 159 159 158 158 95 95 96 96 160 160 95 95 160 160 159 159 96 96 97 97 161 161 96 96 161 161 160 160 97 97 98 98 162 162 97 97 162 162 161 161 98 98 99 99 163 163 98 98 163 163 162 162 99 99 100 100 164 164 99 99 164 164 163 163 100 100 101 101 165 165 100 100 165 165 164 164 101 101 102 102 166 166 101 101 166 166 165 165 102 102 103 103 167 167 102 102 167 167 166 166 103 103 104 104 168 168 103 103 168 168 167 167 104 104 105 105 169 169 104 104 169 169 168 168 105 105 106 106 170 170 105 105 170 170 169 169 106 106 107 107 171 171 106 106 171 171 170 170 107 107 108 108 172 172 107 107 172 172 171 171 108 108 109 109 173 173 108 108 173 173 172 172 109 109 110 110 174 174 109 109 174 174 173 173 110 110 111 111 175 175 110 110 175 175 174 174 111 111 112 112 176 176 111 111 176 176 175 175 112 112 113 113 177 177 112 112 177 177 176 176 113 113 114 114 178 178 113 113 178 178 177 177 114 114 115 115 179 179 114 114 179 179 178 178 115 115 116 116 180 180 115 115 180 180 179 179 116 116 117 117 181 181 116 116 181 181 180 180 117 117 118 118 182 182 117 117 182 182 181 181 118 118 119 119 183 183 118 118 183 183 182 182 119 119 120 120 184 184 119 119 184 184 183 183 120 120 121 121 185 185 120 120 185 185 184 184 121 121 122 122 186 186 121 121 186 186 185 185 122 122 123 123 187 187 122 122 187 187 186 186 123 123 124 124 188 188 123 123 188 188 187 187 124 124 125 125 189 189 124 124 189 189 188 188 125 125 126 126 190 190 125 125 190 190 189 189 126 126 127 127 191 191 126 126 191 191 190 190 127 127 64 64 128 128 127 127 128 128 191 191 128 128 129 129 193 193 128 128 193 193 192 192 129 129 130 130 194 194 129 129 194 194 193 193 130 130 131 131 195 195 130 130 195 195 194 194 131 131 132 132 196 196 131 131 196 196 195 195 132 132 133 133 197 197 132 132 197 197 196 196 133 133 134 134 198 198 133 133 198 198 197 197 134 134 135 135 199 199 134 134 199 199 198 198 135 135 136 136 200 200 135 135 200 200 199 199 136 136 137 137 201 201 136 136 201 201 200 200 137 137 138 138 202 202 137 137 202 202 201 201 138 138 139 139 203 203 138 138 203 203 202 202 139 139 140 140 204 204 139 139 204 204 203 203 140 140 141 141 205 205 140 140 205 205 204 204 141 141 142 142 206 206 141 141 206 206 205 205 142 142 143 143 207 207 142 142 207 207 206 206 143 143 144 144 208 208 143 143 208 208 207 207 144 144 145 145 209 209 144 144 209 209 208 208 145 145 146 146 210 210 145 145 210 210 209 209 146 146 147 147 211 211 146 146 211 211 210 210 147 147 148 148 212 212 147 147 212 212 211 211 148 148 149 149 213 213 148 148 213 213 212 212 149 149 150 150 214 214 149 149 214 214 213 213 150 150 151 151 215 215 150 150 215 215 214 214 151 151 152 152 216 216 151 151 216 216 215 215 152 152 153 153 217 217 152 152 217 217 216 216 153 153 154 154 218 218 153 153 218 218 217 217 154 154 155 155 219 219 154 154 219 219 218 218 155 155 156 156 220 220 155 155 220 220 219 219 156 156 157 157 221 221 156 156 221 221 220 220 157 157 158 158 222 222 157 157 222 222 221 221 158 158 159 159 223 223 158 158 223 223 222 222 159 159 160 160 224 224 159 159 224 224 223 223 160 160 161 161 225 225 160 160 225 225 224 224 161 161 162 162 226 226 161 161 226 226 225 225 162 162 163 163 227 227 162 162 227 227 226 226 163 163 164 164 228 228 163 163 228 228 227 227 164 164 165 165 229 229 164 164 229 229 228 228 165 165 166 166 230 230 165 165 230 230 229 229 166 166 167 167 231 231 166 166 231 231 230 230 167 167 168 168 232 232 167 167 232 232 231 231 168 168 169 169 233 233 168 168 233 233 232 232 169 169 170 170 234 234 169 169 234 234 233 233 170 170 171 171 235 235 170 170 235 235 234 234 171 171 172 172 236 236 171 171 236 236 235 235 172 172 173 173 237 237 172 172 237 237 236 236 173 173 174 174 238 238 173 173 238 238 237 237 174 174 175 175 239 239 174 174 239 239 238 238 175 175 176 176 240 240 175 175 240 240 239 239 176 176 177 177 241 241 176 176 241 241 240 240 177 177 178 178 242 242 177 177 242 242 241 241 178 178 179 179 243 243 178 178 243 243 242 242 179 179 180 180 244 244 179 179 244 244 243 243 180 180 181 181 245 245 180 180 245 245 244 244 181 181 182 182 246 246 181 181 246 246 245 245 182 182 183 183 247 247 182 182 247 247 246 246 183 183 184 184 248 248 183 183 248 248 247 247 184 184 185 185 249 249 184 184 249 249 248 248 185 185 186 186 250 250 185 185 250 250 249 249 186 186 187 187 251 251 186 186 251 251 250 250 187 187 188 188 252 252 187 187 252 252 251 251 188 188 189 189 253 253 188 188 253 253 252 252 189 189 190 190 254 254 189 189 254 254 253 253 190 190 191 191 255 255 190 190 255 255 254 254 191 191 128 128 192 192 191 191 192 192 255 255 256 256 1 1 0 0 256 256 2 2 1 1 256 256 3 3 2 2 256 256 4 4 3 3 256 256 5 5 4 4 256 256 6 6 5 5 256 256 7 7 6 6 256 256 8 8 7 7 256 256 9 9 8 8 256 256 10 10 9 9 256 256 11 11 10 10 256 256 12 12 11 11 256 256 13 13 12 12 256 256 14 14 13 13 256 256 15 15 14 14 256 256 16 16 15 15 256 256 17 17 16 16 256 256 18 18 17 17 256 256 19 19 18 18 256 256 20 20 19 19 256 256 21 21 20 20 256 256 22 22 21 21 256 256 23 23 22 22 256 256 24 24 23 23 256 256 25 25 24 24 256 256 26 26 25 25 256 256 27 27 26 26 256 256 28 28 27 27 256 256 29 29 28 28 256 256 30 30 29 29 256 256 31 31 30 30 256 256 32 32 31 31 256 256 33 33 32 32 256 256 34 34 33 33 256 256 35 35 34 34 256 256 36 36 35 35 256 256 37 37 36 36 256 256 38 38 37 37 256 256 39 39 38 38 256 256 40 40 39 39 256 256 41 41 40 40 256 256 42 42 41 41 256 256 43 43 42 42 256 256 44 44 43 43 256 256 45 45 44 44 256 256 46 46 45 45 256 256 47 47 46 46 256 256 48 48 47 47 256 256 49 49 48 48 256 256 50 50 49 49 256 256 51 51 50 50 256 256 52 52 51 51 256 256 53 53 52 52 256 256 54 54 53 53 256 256 55 55 54 54 256 256 56 56 55 55 256 256 57 57 56 56 256 256 58 58 57 57 256 256 59 59 58 58 256 256 60 60 59 59 256 256 61 61 60 60 256 256 62 62 61 61 256 256 63 63 62 62 256 256 0 0 63 63 257 257 192 192 193 193 257 257 193 193 194 194 257 257 194 194 195 195 257 257 195 195 196 196 257 257 196 196 197 197 257 257 197 197 198 198 257 257 198 198 199 199 257 257 199 199 200 200 257 257 200 200 201 201 257 257 201 201 202 202 257 257 202 202 203 203 257 257 203 203 204 204 257 257 204 204 205 205 257 257 205 205 206 206 257 257 206 206 207 207 257 257 207 207 208 208 257 257 208 208 209 209 257 257 209 209 210 210 257 257 210 210 211 211 257 257 211 211 212 212 257 257 212 212 213 213 257 257 213 213 214 214 257 257 214 214 215 215 257 257 215 215 216 216 257 257 216 216 217 217 257 257 217 217 218 218 257 257 218 218 219 219 257 257 219 219 220 220 257 257 220 220 221 221 257 257 221 221 222 222 257 257 222 222 223 223 257 257 223 223 224 224 257 257 224 224 225 225 257 257 225 225 226 226 257 257 226 226 227 227 257 257 227 227 228 228 257 257 228 228 229 229 257 257 229 229 230 230 257 257 230 230 231 231 257 257 231 231 232 232 257 257 232 232 233 233 257 257 233 233 234 234 257 257 234 234 235 235 257 257 235 235 236 236 257 257 236 236 237 237 257 257 237 237 238 238 257 257 238 238 239 239 257 257 239 239 240 240 257 257 240 240 241 241 257 257 241 241 242 242 257 257 242 242 243 243 257 257 243 243 244 244 257 257 244 244 245 245 257 257 245 245 246 246 257 257 246 246 247 247 257 257 247 247 248 248 257 257 248 248 249 249 257 257 249 249 250 250 257 257 250 250 251 251 257 257 251 251 252 252 257 257 252 252 253 253 257 257 253 253 254 254 257 257 254 254 255 255 257 257 255 255 192 192</p>
        </triangles>
      </mesh>
    </geometry>
    <geometry id="mesh2">
      <mesh>
        <source id="mesh2-positions">
          <float_array id="mesh2-positions-array" count="438">0.295 0.005 -0.018 0.2946926 0.0081214 -0.018 0.2937821 0.0111229 -0.018 0.2923035 0.0138891 -0.018 0.2903137 0.0163137 -0.018 0.2878891 0.0183035 -0.018 0.2851229 0.0197821 -0.018 0.2821214 0.0206926 -0.018 0.279 0.021 -0.018 0.021 0.021 -0.018 0.0178786 0.0206926 -0.018 0.0148771 0.0197821 -0.018 0.0121109 0.0183035 -0.018 0.0096863 0.0163137 -0.018 0.0076965 0.0138891 -0.018 0.0062179 0.0111229 -0.018 0.0053074 0.0081214 -0.018 0.005 0.005 -0.018 0.005 -0.005 -0.018 0.0053074 -0.0081214 -0.018 0.0062179 -0.0111229 -0.018 0.0076965 -0.0138891 -0.018 0.0096863 -0.0163137 -0.018 0.0121109 -0.0183035 -0.018 0.0148771 -0.0197821 -0.018 0.0178786 -0.0206926 -0.018 0.021 -0.021 -0.018 0.279 -0.021 -0.018 0.2821214 -0.0206926 -0.018 0.2851229 -0.0197821 -0.018 0.2878891 -0.0183035 -0.018 0.2903137 -0.0163137 -0.018 0.2923035 -0.0138891 -0.018 0.2937821 -0.0111229 -0.018 0.2946926 -0.0081214 -0.018 0.295 -0.005 -0.018 0.3 0.005 -0.013 0.2995965 0.0090969 -0.013 0.2984015 0.0130364 -0.013 0.2964609 0.016667 -0.013 0.2938492 0.0198492 -0.013 0.290667 0.0224609 -0.013 0.2870364 0.0244015 -0.013 0.2830969 0.0255965 -0.013 0.279 0.026 -0.013 0.021 0.026 -0.013 0.0169031 0.0255965 -0.013 0.0129636 0.0244015 -0.013 0.009333 0.0224609 -0.013 0.0061508 0.0198492 -0.013 0.0035391 0.016667 -0.013 0.0015985 0.0130364 -0.013 0.0004035 0.0090969 -0.013 0.0 0.005 -0.013 0.0 -0.005 -0.013 0.0004035 -0.0090969 -0.013 0.0015985 -0.0130364 -0.013 0.0035391 -0.016667 -0.013 0.0061508 -0.0198492 -0.013 0.009333 -0.0224609 -0.013 0.0129636 -0.0244015 -0.013 0.0169031 -0.0255965 -0.013 0.021 -0.026 -0.013 0.279 -0.026 -0.013 0.2830969 -0.0255965 -0.013 0.2870364 -0.0244015 -0.013 0.290667 -0.0224609 -0.013 0.2938492 -0.0198492 -0.013 0.2964609 -0.016667 -0.013 0.2984015 -0.0130364 -0.013 0.2995965 -0.0090969 -0.013 0.3 -0.005 -0.013 0.3 0.005 0.017 0.2995965 0.0090969 0.017 0.2984015 0.0130364 0.017 0.2964609 0.016667 0.017 0.2938492 0.0198492 0.017 0.290667 0.0224609 0.017 0.2870364 0.0244015 0.017 0.2830969 0.0255965 0.017 0.279 0.026 0.017 0.021 0.026 0.017 0.0169031 0.0255965 0.017 0.0129636 0.0244015 0.017 0.009333 0.0224609 0.017 0.0061508 0.0198492 0.017 0.0035391 0.016667 0.017 0.0015985 0.0130364 0.017 0.0004035 0.0090969 0.017 0.0 0.005 0.017 0.0 -0.005 0.017 0.0004035 -0.0090969 0.017 0.0015985 -0.0130364 0.017 0.0035391 -0.016667 0.017 0.0061508 -0.0198492 0.017 0.009333 -0.0224609 0.017 0.0129636 -0.0244015 0.017 0.0169031 -0.0255965 0.017 0.021 -0.026 0.017 0.279 -0.026 0.017 0.2830969 -0.0255965 0.017 0.2870364 -0.0244015 0.017 0.290667 -0.0224609 0.017 0.2938492 -0.0198492 0.017 0.2964609 -0.016667 0.017 0.2984015 -0.0130364 0.017 0.2995965 -0.0090969 0.017 0.3 -0.005 0.017 0.295 0.005 0.022 0.2946926 0.0081214 0.022 0.2937821 0.0111229 0.022 0.2923035 0.0138891 0.022 0.2903137 0.0163137 0.022 0.2878891 0.0183035 0.022 0.2851229 0.0197821 0.022 0.2821214 0.0206926 0.022 0.279 0.021 0.022 0.021 0.021 0.022 0.0178786 0.0206926 0.022 0.0148771 0.0197821 0.022 0.0121109 0.0183035 0.022 0.0096863 0.0163137 0.022 0.0076965 0.0138891 0.022 0.0062179 0.0111229 0.022 0.0053074 0.0081214 0.022 0.005 0.005 0.022 0.005 -0.005 0.022 0.0053074 -0.0081214 0.022 0.0062179 -0.0111229 0.022 0.0076965 -0.0138891 0.022 0.0096863 -0.0163137 0.022 0.0121109 -0.0183035 0.022 0.0148771 -0.0197821 0.022 0.0178786 -0.0206926 0.022 0.021 -0.021 0.022 0.279 -0.021 0.022 0.2821214 -0.0206926 0.022 0.2851229 -0.0197821 0.022 0.2878891 -0.0183035 0.022 0.2903137 -0.0163137 0.022 0.2923035 -0.0138891 0.022 0.2937821 -0.0111229 0.022 0.2946926 -0.0081214 0.022 0.295 -0.005 0.022 0.15 -0.0 -0.018 0.15 -0.0 0.022</float_array>
          <technique_common>
            <accessor source="#mesh2-positions-array" count="146" stride="3">
              <param name="X" type="float" />
              <param name="Y" type="float" />
              <param name="Z" type="float" />
            </accessor>
          </technique_common>
        </source>
        <source id="mesh2-normals">
          <float_array id="mesh2-normals-array" count="438">0.0432165 0.0017844 -0.9990641 0.0530188 0.0127138 -0.9985126 0.0516939 0.0238146 -0.998379 0.0498317 0.0361847 -0.9981019 0.04716 0.0509903 -0.997585 0.0431271 0.0703353 -0.9965907 0.0364722 0.0987817 -0.9944405 0.02362 0.1488754 -0.9885738 0.0001803 0.3045188 -0.9525063 -0.0005095 0.19008 -0.9817685 -0.0351502 0.1465819 -0.9885738 -0.0440595 0.095639 -0.9944405 -0.0484773 0.0667604 -0.9965907 -0.0509903 0.04716 -0.997585 -0.0525001 0.0321912 -0.9981019 -0.0533925 0.0197136 -0.998379 -0.0538484 0.0085434 -0.9985126 -0.0571447 0.0007598 -0.9983656 -0.0432165 -0.0017844 -0.9990641 -0.0530188 -0.0127138 -0.9985126 -0.0516939 -0.0238146 -0.998379 -0.0498317 -0.0361847 -0.9981019 -0.04716 -0.0509903 -0.997585 -0.0431271 -0.0703353 -0.9965907 -0.0364722 -0.0987817 -0.9944405 -0.02362 -0.1488754 -0.9885738 -0.0001803 -0.3045188 -0.9525063 0.0005095 -0.19008 -0.9817685 0.0351502 -0.1465819 -0.9885738 0.0440595 -0.095639 -0.9944405 0.0484773 -0.0667604 -0.9965907 0.0509903 -0.04716 -0.997585 0.0525001 -0.0321912 -0.9981019 0.0533925 -0.0197136 -0.998379 0.0538484 -0.0085434 -0.9985126 0.0571447 -0.0007598 -0.9983656 0.9833038 0.0387067 -0.1778075 0.9671219 0.2174792 -0.1318259 0.9061108 0.4019765 -0.1318259 0.8102784 0.5710261 -0.1318259 0.6833075 0.7181315 -0.1318259 0.5300774 0.8376395 -0.1318259 0.3564768 0.9249574 -0.1318259 0.1691769 0.9767298 -0.1318259 0.0009222 0.9969456 -0.0780933 -0.002406 0.9711264 -0.2385536 -0.2174792 0.9671219 -0.1318259 -0.4019765 0.9061108 -0.1318259 -0.5710261 0.8102784 -0.1318259 -0.7181315 0.6833075 -0.1318259 -0.8376395 0.5300774 -0.1318259 -0.9249574 0.3564768 -0.1318259 -0.9767298 0.1691769 -0.1318259 -0.9942011 0.019245 -0.1058005 -0.9833038 -0.0387067 -0.1778075 -0.9671219 -0.2174792 -0.1318259 -0.9061108 -0.4019765 -0.1318259 -0.8102784 -0.5710261 -0.1318259 -0.6833075 -0.7181315 -0.1318259 -0.5300774 -0.8376395 -0.1318259 -0.3564768 -0.9249574 -0.1318259 -0.1691769 -0.9767298 -0.1318259 -0.0009222 -0.9969456 -0.0780933 0.002406 -0.9711264 -0.2385536 0.2174792 -0.9671219 -0.1318259 0.4019765 -0.9061108 -0.1318259 0.5710261 -0.8102784 -0.1318259 0.7181315 -0.6833075 -0.1318259 0.8376395 -0.5300774 -0.1318259 0.9249574 -0.3564768 -0.1318259 0.9767298 -0.1691769 -0.1318259 0.9942011 -0.019245 -0.1058005 0.9942011 0.019245 0.1058005 0.9767298 0.1691769 0.1318259 0.9249574 0.3564768 0.1318259 0.8376395 0.5300774 0.1318259 0.7181315 0.6833075 0.1318259 0.5710261 0.8102784 0.1318259 0.4019765 0.9061108 0.1318259 0.2174792 0.9671219 0.1318259 0.002406 0.9711264 0.2385536 -0.0009222 0.9969456 0.0780933 -0.1691769 0.9767298 0.1318259 -0.3564768 0.9249574 0.1318259 -0.5300774 0.8376395 0.1318259 -0.6833075 0.7181315 0.1318259 -0.8102784 0.5710261 0.1318259 -0.9061108 0.4019765 0.1318259 -0.9671219 0.2174792 0.1318259 -0.9833038 0.0387067 0.1778075 -0.9942011 -0.019245 0.1058005 -0.9767298 -0.1691769 0.1318259 -0.9249574 -0.3564768 0.1318259 -0.8376395 -0.5300774 0.1318259 -0.7181315 -0.6833075 0.1318259 -0.5710261 -0.8102784 0.1318259 -0.4019765 -0.9061108 0.1318259 -0.2174792 -0.9671219 0.1318259 -0.002406 -0.9711264 0.2385536 0.0009222 -0.9969456 0.0780933 0.1691769 -0.9767298 0.1318259 0.3564768 -0.9249574 0.1318259 0.5300774 -0.8376395 0.1318259 0.6833075 -0.7181315 0.1318259 0.8102784 -0.5710261 0.1318259 0.9061108 -0.4019765 0.1318259 0.9671219 -0.2174792 0.1318259 0.9833038 -0.0387067 0.1778075 0.0571447 0.0007598 0.9983656 0.0538484 0.0085434 0.9985126 0.0533925 0.0197136 0.998379 0.0525001 0.0321912 0.9981019 0.0509903 0.04716 0.997585 0.0484773 0.0667604 0.9965907 0.0440595 0.095639 0.9944405 0.0351502 0.1465819 0.9885738 0.0005095 0.19008 0.9817685 -0.0001803 0.3045188 0.9525063 -0.02362 0.1488754 0.9885738 -0.0364722 0.0987817 0.9944405 -0.0431271 0.0703353 0.9965907 -0.04716 0.0509903 0.997585 -0.0498317 0.0361847 0.9981019 -0.0516939 0.0238146 0.998379 -0.0530188 0.0127138 0.9985126 -0.0432165 0.0017844 0.9990641 -0.0571447 -0.0007598 0.9983656 -0.0538484 -0.0085434 0.9985126 -0.0533925 -0.0197136 0.998379 -0.0525001 -0.0321912 0.9981019 -0.0509903 -0.04716 0.997585 -0.0484773 -0.0667604 0.9965907 -0.0440595 -0.095639 0.9944405 -0.0351502 -0.1465819 0.9885738 -0.0005095 -0.19008 0.9817685 0.0001803 -0.3045188 0.9525063 0.02362 -0.1488754 0.9885738 0.0364722 -0.0987817 0.9944405 0.0431271 -0.0703353 0.9965907 0.04716 -0.0509903 0.997585 0.0498317 -0.0361847 0.9981019 0.0516939 -0.0238146 0.998379 0.0530188 -0.0127138 0.9985126 0.0432165 -0.0017844 0.9990641 -0.0 -0.0 -1.0 -0.0 -0.0 1.0</float_array>
          <technique_common>
            <accessor source="#mesh2-normals-array" count="146" stride="3">
              <param name="X" type="float" />
              <param name="Y" type="float" />
              <param name="Z" type="float" />
            </accessor>
          </technique_common>
        </source>
        <vertices id="mesh2-vertices">
          <input semantic="POSITION" source="#mesh2-positions" />
        </vertices>
        <triangles count="288" material="alloy">
          <input semantic="VERTEX" source="#mesh2-vertices" offset="0" />
          <input semantic="NORMAL" source="#mesh2-normals" offset="1" />
          <p>0 0 1 1 37 37 0 0 37 37 36 36 1 1 2 2 38 38 1 1 38 38 37 37 2 2 3 3 39 39 2 2 39 39 38 38 3 3 4 4 40 40 3 3 40 40 39 39 4 4 5 5 41 41 4 4 41 41 40 40 5 5 6 6 42 42 5 5 42 42 41 41 6 6 7 7 43 43 6 6 43 43 42 42 7 7 8 8 44 44 7 7 44 44 43 43 8 8 9 9 45 45 8 8 45 45 44 44 9 9 10 10 46 46 9 9 46 46 45 45 10 10 11 11 47 47 10 10 47 47 46 46 11 11 12 12 48 48 11 11 48 48 47 47 12 12 13 13 49 49 12 12 49 49 48 48 13 13 14 14 50 50 13 13 50 50 49 49 14 14 15 15 51 51 14 14 51 51 50 50 15 15 16 16 52 52 15 15 52 52 51 51 16 16 17 17 53 53 16 16 53 53 52 52 17 17 18 18 54 54 17 17 54 54 53 53 18 18 19 19 55 55 18 18 55 55 54 54 19 19 20 20 56 56 19 19 56 56 55 55 20 20 21 21 57 57 20 20 57 57 56 56 21 21 22 22 58 58 21 21 58 58 57 57 22 22 23 23 59 59 22 22 59 59 58 58 23 23 24 24 60 60 23 23 60 60 59 59 24 24 25 25 61 61 24 24 61 61 60 60 25 25 26 26 62 62 25 25 62 62 61 61 26 26 27 27 63 63 26 26 63 63 62 62 27 27 28 28 64 64 27 27 64 64 63 63 28 28 29 29 65 65 28 28 65 65 64 64 29 29 30 30 66 66 29 29 66 66 65 65 30 30 31 31 67 67 30 30 67 67 66 66 31 31 32 32 68 68 31 31 68 68 67 67 32 32 33 33 69 69 32 32 69 69 68 68 33 33 34 34 70 70 33 33 70 70 69 69 34 34 35 35 71 71 34 34 71 71 70 70 35 35 0 0 36 36 35 35 36 36 71 71 36 36 37 37 73 73 36 36 73 73 72 72 37 37 38 38 74 74 37 37 74 74 73 73 38 38 39 39 75 75 38 38 75 75 74 74 39 39 40 40 76 76 39 39 76 76 75 75 40 40 41 41 77 77 40 40 77 77 76 76 41 41 42 42 78 78 41 41 78 78 77 77 42 42 43 43 79 79 42 42 79 79 78 78 43 43 44 44 80 80 43 43 80 80 79 79 44 44 45 45 81 81 44 44 81 81 80 80 45 45 46 46 82 82 45 45 82 82 81 81 46 46 47 47 83 83 46 46 83 83 82 82 47 47 48 48 84 84 47 47 84 84 83 83 48 48 49 49 85 85 48 48 85 85 84 84 49 49 50 50 86 86 49 49 86 86 85 85 50 50 51 51 87 87 50 50 87 87 86 86 51 51 52 52 88 88 51 51 88 88 87 87 52 52 53 53 89 89 52 52 89 89 88 88 53 53 54 54 90 90 53 53 90 90 89 89 54 54 55 55 91 91 54 54 91 91 90 90 55 55 56 56 92 92 55 55 92 92 91 91 56 56 57 57 93 93 56 56 93 93 92 92 57 57 58 58 94 94 57 57 94 94 93 93 58 58 59 59 95 95 58 58 95 95 94 94 59 59 60 60 96 96 59 59 96 96 95 95 60 60 61 61 97 97 60 60 97 97 96 96 61 61 62 62 98 98 61 61 98 98 97 97 62 62 63 63 99 99 62 62 99 99 98 98 63 63 64 64 100 100 63 63 100 100 99 99 64 64 65 65 101 101 64 64 101 101 100 100 65 65 66 66 102 102 65 65 102 102 101 101 66 66 67 67 103 103 66 66 103 103 102 102 67 67 68 68 104 104 67 67 104 104 103 103 68 68 69 69 105 105 68 68 105 105 104 104 69 69 70 70 106 106 69 69 106 106 105 105 70 70 71 71 107 107 70 70 107 107 106 106 71 71 36 36 72 72 71 71 72 72 107 107 72 72 73 73 109 109 72 72 109 109 108 108 73 73 74 74 110 110 73 73 110 110 109 109 74 74 75 75 111 111 74 74 111 111 110 110 75 75 76 76 112 112 75 75 112 112 111 111 76 76 77 77 113 113 76 76 113 113 112 112 77 77 78 78 114 114 77 77 114 114 113 113 78 78 79 79 115 115 78 78 115 115 114 114 79 79 80 80 116 116 79 79 116 116 115 115 80 80 81 81 117 117 80 80 117 117 116 116 81 81 82 82 118 118 81 81 118 118 117 117 82 82 83 83 119 119 82 82 119 119 118 118 83 83 84 84 120 120 83 83 120 120 119 119 84 84 85 85 121 121 84 84 121 121 120 120 85 85 86 86 122 122 85 85 122 122 121 121 86 86 87 87 123 123 86 86 123 123 122 122 87 87 88 88 124 124 87 87 124 124 123 123 88 88 89 89 125 125 88 88 125 125 124 124 89 89 90 90 126 126 89 89 126 126 125 125 90 90 91 91 127 127 90 90 127 127 126 126 91 91 92 92 128 128 91 91 128 128 127 127 92 92 93 93 129 129 92 92 129 129 128 128 93 93 94 94 130 130 93 93 130 130 129 129 94 94 95 95 131 131 94 94 131 131 130 130 95 95 96 96 132 132 95 95 132 132 131 131 96 96 97 97 133 133 96 96 133 133 132 132 97 97 98 98 134 134 97 97 134 134 133 133 98 98 99 99 135 135 98 98 135 135 134 134 99 99 100 100 136 136 99 99 136 136 135 135 100 100 101 101 137 137 100 100 137 137 136 136 101 101 102 102 138 138 101 101 138 138 137 137 102 102 103 103 139 139 102 102 139 139 138 138 103 103 104 104 140 140 103 103 140 140 139 139 104 104 105 105 141 141 104 104 141 141 140 140 105 105 106 106 142 142 105 105 142 142 141 141 106 106 107 107 143 143 106 106 143 143 142 142 107 107 72 72 108 108 107 107 108 108 143 143 144 144 1 1 0 0 144 144 2 2 1 1 144 144 3 3 2 2 144 144 4 4 3 3 144 144 5 5 4 4 144 144 6 6 5 5 144 144 7 7 6 6 144 144 8 8 7 7 144 144 9 9 8 8 144 144 10 10 9 9 144 144 11 11 10 10 144 144 12 12 11 11 144 144 13 13 12 12 144 144 14 14 13 13 144 144 15 15 14 14 144 144 16 16 15 15 144 144 17 17 16 16 144 144 18 18 17 17 144 144 19 19 18 18 144 144 20 20 19 19 144 144 21 21 20 20 144 144 22 22 21 21 144 144 23 23 22 22 144 144 24 24 23 23 144 144 25 25 24 24 144 144 26 26 25 25 144 144 27 27 26 26 144 144 28 28 27 27 144 144 29 29 28 28 144 144 30 30 29 29 144 144 31 31 30 30 144 144 32 32 31 31 144 144 33 33 32 32 144 144 34 34 33 33 144 144 35 35 34 34 144 144 0 0 35 35 145 145 108 108 109 109 145 145 109 109 110 110 145 145 110 110 111 111 145 145 111 111 112 112 145 145 112 112 113 113 145 145 113 113 114 114 145 145 114 114 115 115 145 145 115 115 116 116 145 145 116 116 117 117 145 145 117 117 118 118 145 145 118 118 119 119 145 145 119 119 120 120 145 145 120 120 121 121 145 145 121 121 122 122 145 145 122 122 123 123 145 145 123 123 124 124 145 145 124 124 125 125 145 145 125 125 126 126 145 145 126 126 127 127 145 145 127 127 128 128 145 145 128 128 129 129 145 145 129 129 130 130 145 145 130 130 131 131 145 145 131 131 132 132 145 145 132 132 133 133 145 145 133 133 134 134 145 145 134 134 135 135 145 145 135 135 136 136 145 145 136 136 137 137 145 145 137 137 138 138 145 145 138 138 139 139 145 145 139 139 140 140 145 145 140 140 141 141 145 145 141 141 142 142 145 145 142 142 143 143 145 145 143 143 108 108</p>
        </triangles>
      </mesh>
    </geometry>
    <geometry id="mesh3">
      <mesh>
        <source id="mesh3-positions">
          <float_array id="mesh3-positions-array" count="438">0.2455 0.005 -0.0055 0.2451349 0.0087067 -0.0055 0.2440537 0.012271 -0.0055 0.2422979 0.0155558 -0.0055 0.239935 0.018435 -0.0055 0.2370558 0.0207979 -0.0055 0.233771 0.0225537 -0.0055 0.2302067 0.0236349 -0.0055 0.2265 0.024 -0.0055 0.0375 0.024 -0.0055 0.0337933 0.0236349 -0.0055 0.030229 0.0225537 -0.0055 0.0269442 0.0207979 -0.0055 0.024065 0.018435 -0.0055 0.0217021 0.0155558 -0.0055 0.0199463 0.012271 -0.0055 0.0188651 0.0087067 -0.0055 0.0185 0.005 -0.0055 0.0185 -0.005 -0.0055 0.0188651 -0.0087067 -0.0055 0.0199463 -0.012271 -0.0055 0.0217021 -0.0155558 -0.0055 0.024065 -0.018435 -0.0055 0.0269442 -0.0207979 -0.0055 0.030229 -0.0225537 -0.0055 0.0337933 -0.0236349 -0.0055 0.0375 -0.024 -0.0055 0.2265 -0.024 -0.0055 0.2302067 -0.0236349 -0.0055 0.233771 -0.0225537 -0.0055 0.2370558 -0.0207979 -0.0055 0.239935 -0.018435 -0.0055 0.2422979 -0.0155558 -0.0055 0.2440537 -0.012271 -0.0055 0.2451349 -0.0087067 -0.0055 0.2455 -0.005 -0.0055 0.2535 0.005 0.0025 0.2529812 0.0102674 0.0025 0.2514447 0.0153325 0.0025 0.2489497 0.0200004 0.0025 0.2455919 0.0240919 0.0025 0.2415004 0.0274497 0.0025 0.2368325 0.0299447 0.0025 0.2317674 0.0314812 0.0025 0.2265 0.032 0.0025 0.0375 0.032 0.0025 0.0322326 0.0314812 0.0025 0.0271675 0.0299447 0.0025 0.0224996 0.0274497 0.0025 0.0184081 0.0240919 0.0025 0.0150503 0.0200004 0.0025 0.0125553 0.0153325 0.0025 0.0110188 0.0102674 0.0025 0.0105 0.005 0.0025 0.0105 -0.005 0.0025 0.0110188 -0.0102674 0.0025 0.0125553 -0.0153325 0.0025 0.0150503 -0.0200004 0.0025 0.0184081 -0.0240919 0.0025 0.0224996 -0.0274497 0.0025 0.0271675 -0.0299447 0.0025 0.0322326 -0.0314812 0.0025 0.0375 -0.032 0.0025 0.2265 -0.032 0.0025 0.2317674 -0.0314812 0.0025 0.2368325 -0.0299447 0.0025 0.2415004 -0.0274497 0.0025 0.2455919 -0.0240919 0.0025 0.2489497 -0.0200004 0.0025 0.2514447 -0.0153325 0.0025 0.2529812 -0.0102674 0.0025 0.2535 -0.005 0.0025 0.2535 0.005 0.0275 0.2529812 0.0102674 0.0275 0.2514447 0.0153325 0.0275 0.2489497 0.0200004 0.0275 0.2455919 0.0240919 0.0275 0.2415004 0.0274497 0.0275 0.2368325 0.0299447 0.0275 0.2317674 0.0314812 0.0275 0.2265 0.032 0.0275 0.0375 0.032 0.0275 0.0322326 0.0314812 0.0275 0.0271675 0.0299447 0.0275 0.0224996 0.0274497 0.0275 0.0184081 0.0240919 0.0275 0.0150503 0.0200004 0.0275 0.0125553 0.0153325 0.0275 0.0110188 0.0102674 0.0275 0.0105 0.005 0.0275 0.0105 -0.005 0.0275 0.0110188 -0.0102674 0.0275 0.0125553 -0.0153325 0.0275 0.0150503 -0.0200004 0.0275 0.0184081 -0.0240919 0.0275 0.0224996 -0.0274497 0.0275 0.0271675 -0.0299447 0.0275 0.0322326 -0.0314812 0.0275 0.0375 -0.032 0.0275 0.2265 -0.032 0.0275 0.2317674 -0.0314812 0.0275 0.2368325 -0.0299447 0.0275 0.2415004 -0.0274497 0.0275 0.2455919 -0.0240919 0.0275 0.2489497 -0.0200004 0.0275 0.2514447 -0.0153325 0.0275 0.2529812 -0.0102674 0.0275 0.2535 -0.005 0.0275 0.2455 0.005 0.0355 0.2451349 0.0087067 0.0355 0.2440537 0.012271 0.0355 0.2422979 0.0155558 0.0355 0.239935 0.018435 0.0355 0.2370558 0.0207979 0.0355 0.233771 0.0225537 0.0355 0.2302067 0.0236349 0.0355 0.2265 0.024 0.0355 0.0375 0.024 0.0355 0.0337933 0.0236349 0.0355 0.030229 0.0225537 0.0355 0.0269442 0.0207979 0.0355 0.024065 0.018435 0.0355 0.0217021 0.0155558 0.0355 0.0199463 0.012271 0.0355 0.0188651 0.0087067 0.0355 0.0185 0.005 0.0355 0.0185 -0.005 0.0355 0.0188651 -0.0087067 0.0355 0.0199463 -0.012271 0.0355 0.0217021 -0.0155558 0.0355 0.024065 -0.018435 0.0355 0.0269442 -0.0207979 0.0355 0.030229 -0.0225537 0.0355 0.0337933 -0.0236349 0.0355 0.0375 -0.024 0.0355 0.2265 -0.024 0.0355 0.2302067 -0.0236349 0.0355 0.233771 -0.0225537 0.0355 0.2370558 -0.0207979 0.0355 0.239935 -0.018435 0.0355 0.2422979 -0.0155558 0.0355 0.2440537 -0.012271 0.0355 0.2451349 -0.0087067 0.0355 0.2455 -0.005 0.0355 0.132 -0.0 -0.0055 0.132 -0.0 0.0355</float_array>
          <technique_common>
            <accessor source="#mesh3-positions-array" count="146" stride="3">
              <param name="X" type="float" />
              <param name="Y" type="float" />
              <param name="Z" type="float" />
            </accessor>
          </technique_common>
        </source>
        <source id="mesh3-normals">
          <float_array id="mesh3-normals-array" count="438">0.0884539 0.0041205 -0.9960718 0.10475 0.0253277 -0.994176 0.1013141 0.0469055 -0.9937481 0.0963557 0.0702451 -0.9928651 0.089279 0.0968957 -0.9912822 0.0789613 0.1293227 -0.9884537 0.0631515 0.1720369 -0.9830642 0.0367683 0.2346034 -0.9713956 0.0003521 0.3681053 -0.929784 -0.0010978 0.2458919 -0.9692966 -0.0558094 0.2308159 -0.9713956 -0.0769936 0.1663033 -0.9830642 -0.0892614 0.1224404 -0.9884537 -0.0968957 0.089279 -0.9912822 -0.1017718 0.0621394 -0.9928651 -0.1048071 0.0384727 -0.9937481 -0.1064689 0.0166864 -0.994176 -0.1079137 0.0016619 -0.9941589 -0.0884539 -0.0041205 -0.9960718 -0.10475 -0.0253277 -0.994176 -0.1013141 -0.0469055 -0.9937481 -0.0963557 -0.0702451 -0.9928651 -0.089279 -0.0968957 -0.9912822 -0.0789613 -0.1293227 -0.9884537 -0.0631515 -0.1720369 -0.9830642 -0.0367683 -0.2346034 -0.9713956 -0.0003521 -0.3681053 -0.929784 0.0010978 -0.2458919 -0.9692966 0.0558094 -0.2308159 -0.9713956 0.0769936 -0.1663033 -0.9830642 0.0892614 -0.1224404 -0.9884537 0.0968957 -0.089279 -0.9912822 0.1017718 -0.0621394 -0.9928651 0.1048071 -0.0384727 -0.9937481 0.1064689 -0.0166864 -0.994176 0.1079137 -0.0016619 -0.9941589 0.961547 0.0404371 -0.2716471 0.9531651 0.2092369 -0.2183946 0.8940302 0.3911698 -0.2183946 0.8005382 0.5580702 -0.2183946 0.676282 0.7035243 -0.2183946 0.5260366 0.8219424 -0.2183946 0.355576 0.9087736 -0.2183946 0.1714508 0.9606812 -0.2183946 0.0017771 0.9900874 -0.1404412 -0.0034914 0.9345687 -0.3557656 -0.2092369 0.9531651 -0.2183946 -0.3911698 0.8940302 -0.2183946 -0.5580702 0.8005382 -0.2183946 -0.7035243 0.676282 -0.2183946 -0.8219424 0.5260366 -0.2183946 -0.9087736 0.355576 -0.2183946 -0.9606812 0.1714508 -0.2183946 -0.9814349 0.0251045 -0.1901457 -0.961547 -0.0404371 -0.2716471 -0.9531651 -0.2092369 -0.2183946 -0.8940302 -0.3911698 -0.2183946 -0.8005382 -0.5580702 -0.2183946 -0.676282 -0.7035243 -0.2183946 -0.5260366 -0.8219424 -0.2183946 -0.355576 -0.9087736 -0.2183946 -0.1714508 -0.9606812 -0.2183946 -0.0017771 -0.9900874 -0.1404412 0.0034914 -0.9345687 -0.3557656 0.2092369 -0.9531651 -0.2183946 0.3911698 -0.8940302 -0.2183946 0.5580702 -0.8005382 -0.2183946 0.7035243 -0.676282 -0.2183946 0.8219424 -0.5260366 -0.2183946 0.9087736 -0.355576 -0.2183946 0.9606812 -0.1714508 -0.2183946 0.9814349 -0.0251045 -0.1901457 0.9814349 0.0251045 0.1901457 0.9606812 0.1714508 0.2183946 0.9087736 0.355576 0.2183946 0.8219424 0.5260366 0.2183946 0.7035243 0.676282 0.2183946 0.5580702 0.8005382 0.2183946 0.3911698 0.8940302 0.2183946 0.2092369 0.9531651 0.2183946 0.0034914 0.9345687 0.3557656 -0.0017771 0.9900874 0.1404412 -0.1714508 0.9606812 0.2183946 -0.355576 0.9087736 0.2183946 -0.5260366 0.8219424 0.2183946 -0.676282 0.7035243 0.2183946 -0.8005382 0.5580702 0.2183946 -0.8940302 0.3911698 0.2183946 -0.9531651 0.2092369 0.2183946 -0.961547 0.0404371 0.2716471 -0.9814349 -0.0251045 0.1901457 -0.9606812 -0.1714508 0.2183946 -0.9087736 -0.355576 0.2183946 -0.8219424 -0.5260366 0.2183946 -0.7035243 -0.676282 0.2183946 -0.5580702 -0.8005382 0.2183946 -0.3911698 -0.8940302 0.2183946 -0.2092369 -0.9531651 0.2183946 -0.0034914 -0.9345687 0.3557656 0.0017771 -0.9900874 0.1404412 0.1714508 -0.9606812 0.2183946 0.355576 -0.9087736 0.2183946 0.5260366 -0.8219424 0.2183946 0.676282 -0.7035243 0.2183946 0.8005382 -0.5580702 0.2183946 0.8940302 -0.3911698 0.2183946 0.9531651 -0.2092369 0.2183946 0.961547 -0.0404371 0.2716471 0.1079137 0.0016619 0.9941589 0.1064689 0.0166864 0.994176 0.1048071 0.0384727 0.9937481 0.1017718 0.0621394 0.9928651 0.0968957 0.089279 0.9912822 0.0892614 0.1224404 0.9884537 0.0769936 0.1663033 0.9830642 0.0558094 0.2308159 0.9713956 0.0010978 0.2458919 0.9692966 -0.0003521 0.3681053 0.929784 -0.0367683 0.2346034 0.9713956 -0.0631515 0.1720369 0.9830642 -0.0789613 0.1293227 0.9884537 -0.089279 0.0968957 0.9912822 -0.0963557 0.0702451 0.9928651 -0.1013141 0.0469055 0.9937481 -0.10475 0.0253277 0.994176 -0.0884539 0.0041205 0.9960718 -0.1079137 -0.0016619 0.9941589 -0.1064689 -0.0166864 0.994176 -0.1048071 -0.0384727 0.9937481 -0.1017718 -0.0621394 0.9928651 -0.0968957 -0.089279 0.9912822 -0.0892614 -0.1224404 0.9884537 -0.0769936 -0.1663033 0.9830642 -0.0558094 -0.2308159 0.9713956 -0.0010978 -0.2458919 0.9692966 0.0003521 -0.3681053 0.929784 0.0367683 -0.2346034 0.9713956 0.0631515 -0.1720369 0.9830642 0.0789613 -0.1293227 0.9884537 0.089279 -0.0968957 0.9912822 0.0963557 -0.0702451 0.9928651 0.1013141 -0.0469055 0.9937481 0.10475 -0.0253277 0.994176 0.0884539 -0.0041205 0.9960718 -0.0 0.0 -1.0 -0.0 0.0 1.0</float_array>
          <technique_common>
            <accessor source="#mesh3-normals-array" count="146" stride="3">
              <param name="X" type="float" />
              <param name="Y" type="float" />
              <param name="Z" type="float" />
            </accessor>
          </technique_common>
        </source>
        <vertices id="mesh3-vertices">
          <input semantic="POSITION" source="#mesh3-positions" />
        </vertices>
        <triangles count="288" material="shell">
          <input semantic="VERTEX" source="#mesh3-vertices" offset="0" />
          <input semantic="NORMAL" source="#mesh3-normals" offset="1" />
          <p>0 0 1 1 37 37 0 0 37 37 36 36 1 1 2 2 38 38 1 1 38 38 37 37 2 2 3 3 39 39 2 2 39 39 38 38 3 3 4 4 40 40 3 3 40 40 39 39 4 4 5 5 41 41 4 4 41 41 40 40 5 5 6 6 42 42 5 5 42 42 41 41 6 6 7 7 43 43 6 6 43 43 42 42 7 7 8 8 44 44 7 7 44 44 43 43 8 8 9 9 45 45 8 8 45 45 44 44 9 9 10 10 46 46 9 9 46 46 45 45 10 10 11 11 47 47 10 10 47 47 46 46 11 11 12 12 48 48 11 11 48 48 47 47 12 12 13 13 49 49 12 12 49 49 48 48 13 13 14 14 50 50 13 13 50 50 49 49 14 14 15 15 51 51 14 14 51 51 50 50 15 15 16 16 52 52 15 15 52 52 51 51 16 16 17 17 53 53 16 16 53 53 52 52 17 17 18 18 54 54 17 17 54 54 53 53 18 18 19 19 55 55 18 18 55 55 54 54 19 19 20 20 56 56 19 19 56 56 55 55 20 20 21 21 57 57 20 20 57 57 56 56 21 21 22 22 58 58 21 21 58 58 57 57 22 22 23 23 59 59 22 22 59 59 58 58 23 23 24 24 60 60 23 23 60 60 59 59 24 24 25 25 61 61 24 24 61 61 60 60 25 25 26 26 62 62 25 25 62 62 61 61 26 26 27 27 63 63 26 26 63 63 62 62 27 27 28 28 64 64 27 27 64 64 63 63 28 28 29 29 65 65 28 28 65 65 64 64 29 29 30 30 66 66 29 29 66 66 65 65 30 30 31 31 67 67 30 30 67 67 66 66 31 31 32 32 68 68 31 31 68 68 67 67 32 32 33 33 69 69 32 32 69 69 68 68 33 33 34 34 70 70 33 33 70 70 69 69 34 34 35 35 71 71 34 34 71 71 70 70 35 35 0 0 36 36 35 35 36 36 71 71 36 36 37 37 73 73 36 36 73 73 72 72 37 37 38 38 74 74 37 37 74 74 73 73 38 38 39 39 75 75 38 38 75 75 74 74 39 39 40 40 76 76 39 39 76 76 75 75 40 40 41 41 77 77 40 40 77 77 76 76 41 41 42 42 78 78 41 41 78 78 77 77 42 42 43 43 79 79 42 42 79 79 78 78 43 43 44 44 80 80 43 43 80 80 79 79 44 44 45 45 81 81 44 44 81 81 80 80 45 45 46 46 82 82 45 45 82 82 81 81 46 46 47 47 83 83 46 46 83 83 82 82 47 47 48 48 84 84 47 47 84 84 83 83 48 48 49 49 85 85 48 48 85 85 84 84 49 49 50 50 86 86 49 49 86 86 85 85 50 50 51 51 87 87 50 50 87 87 86 86 51 51 52 52 88 88 51 51 88 88 87 87 52 52 53 53 89 89 52 52 89 89 88 88 53 53 54 54 90 90 53 53 90 90 89 89 54 54 55 55 91 91 54 54 91 91 90 90 55 55 56 56 92 92 55 55 92 92 91 91 56 56 57 57 93 93 56 56 93 93 92 92 57 57 58 58 94 94 57 57 94 94 93 93 58 58 59 59 95 95 58 58 95 95 94 94 59 59 60 60 96 96 59 59 96 96 95 95 60 60 61 61 97 97 60 60 97 97 96 96 61 61 62 62 98 98 61 61 98 98 97 97 62 62 63 63 99 99 62 62 99 99 98 98 63 63 64 64 100 100 63 63 100 100 99 99 64 64 65 65 101 101 64 64 101 101 100 100 65 65 66 66 102 102 65 65 102 102 101 101 66 66 67 67 103 103 66 66 103 103 102 102 67 67 68 68 104 104 67 67 104 104 103 103 68 68 69 69 105 105 68 68 105 105 104 104 69 69 70 70 106 106 69 69 106 106 105 105 70 70 71 71 107 107 70 70 107 107 106 106 71 71 36 36 72 72 71 71 72 72 107 107 72 72 73 73 109 109 72 72 109 109 108 108 73 73 74 74 110 110 73 73 110 110 109 109 74 74 75 75 111 111 74 74 111 111 110 110 75 75 76 76 112 112 75 75 112 112 111 111 76 76 77 77 113 113 76 76 113 113 112 112 77 77 78 78 114 114 77 77 114 114 113 113 78 78 79 79 115 115 78 78 115 115 114 114 79 79 80 80 116 116 79 79 116 116 115 115 80 80 81 81 117 117 80 80 117 117 116 116 81 81 82 82 118 118 81 81 118 118 117 117 82 82 83 83 119 119 82 82 119 119 118 118 83 83 84 84 120 120 83 83 120 120 119 119 84 84 85 85 121 121 84 84 121 121 120 120 85 85 86 86 122 122 85 85 122 122 121 121 86 86 87 87 123 123 86 86 123 123 122 122 87 87 88 88 124 124 87 87 124 124 123 123 88 88 89 89 125 125 88 88 125 125 124 124 89 89 90 90 126 126 89 89 126 126 125 125 90 90 91 91 127 127 90 90 127 127 126 126 91 91 92 92 128 128 91 91 128 128 127 127 92 92 93 93 129 129 92 92 129 129 128 128 93 93 94 94 130 130 93 93 130 130 129 129 94 94 95 95 131 131 94 94 131 131 130 130 95 95 96 96 132 132 95 95 132 132 131 131 96 96 97 97 133 133 96 96 133 133 132 132 97 97 98 98 134 134 97 97 134 134 133 133 98 98 99 99 135 135 98 98 135 135 134 134 99 99 100 100 136 136 99 99 136 136 135 135 100 100 101 101 137 137 100 100 137 137 136 136 101 101 102 102 138 138 101 101 138 138 137 137 102 102 103 103 139 139 102 102 139 139 138 138 103 103 104 104 140 140 103 103 140 140 139 139 104 104 105 105 141 141 104 104 141 141 140 140 105 105 106 106 142 142 105 105 142 142 141 141 106 106 107 107 143 143 106 106 143 143 142 142 107 107 72 72 108 108 107 107 108 108 143 143 144 144 1 1 0 0 144 144 2 2 1 1 144 144 3 3 2 2 144 144 4 4 3 3 144 144 5 5 4 4 144 144 6 6 5 5 144 144 7 7 6 6 144 144 8 8 7 7 144 144 9 9 8 8 144 144 10 10 9 9 144 144 11 11 10 10 144 144 12 12 11 11 144 144 13 13 12 12 144 144 14 14 13 13 144 144 15 15 14 14 144 144 16 16 15 15 144 144 17 17 16 16 144 144 18 18 17 17 144 144 19 19 18 18 144 144 20 20 19 19 144 144 21 21 20 20 144 144 22 22 21 21 144 144 23 23 22 22 144 144 24 24 23 23 144 144 25 25 24 24 144 144 26 26 25 25 144 144 27 27 26 26 144 144 28 28 27 27 144 144 29 29 28 28 144 144 30 30 29 29 144 144 31 31 30 30 144 144 32 32 31 31 144 144 33 33 32 32 144 144 34 34 33 33 144 144 35 35 34 34 144 144 0 0 35 35 145 145 108 108 109 109 145 145 109 109 110 110 145 145 110 110 111 111 145 145 111 111 112 112 145 145 112 112 113 113 145 145 113 113 114 114 145 145 114 114 115 115 145 145 115 115 116 116 145 145 116 116 117 117 145 145 117 117 118 118 145 145 118 118 119 119 145 145 119 119 120 120 145 145 120 120 121 121 145 145 121 121 122 122 145 145 122 122 123 123 145 145 123 123 124 124 145 145 124 124 125 125 145 145 125 125 126 126 145 145 126 126 127 127 145 145 127 127 128 128 145 145 128 128 129 129 145 145 129 129 130 130 145 145 130 130 131 131 145 145 131 131 132 132 145 145 132 132 133 133 145 145 133 133 134 134 145 145 134 134 135 135 145 145 135 135 136 136 145 145 136 136 137 137 145 145 137 137 138 138 145 145 138 138 139 139 145 145 139 139 140 140 145 145 140 140 141 141 145 145 141 141 142 142 145 145 142 142 143 143 145 145 143 143 108 108</p>
        </triangles>
      </mesh>
    </geometry>
    <geometry id="mesh4">
      <mesh>
        <source id="mesh4-positions">
          <float_array id="mesh4-positions-array" count="438">0.2165 0.0005 0.036 0.2163271 0.0022558 0.036 0.2158149 0.0039442 0.036 0.2149832 0.0055001 0.036 0.213864 0.006864 0.036 0.2125001 0.0079832 0.036 0.2109442 0.0088149 0.036 0.2092558 0.0093271 0.036 0.2075 0.0095 0.036 0.0885 0.0095 0.036 0.0867442 0.0093271 0.036 0.0850558 0.0088149 0.036 0.0834999 0.0079832 0.036 0.082136 0.006864 0.036 0.0810168 0.0055001 0.036 0.0801851 0.0039442 0.036 0.0796729 0.0022558 0.036 0.0795 0.0005 0.036 0.0795 -0.0005 0.036 0.0796729 -0.0022558 0.036 0.0801851 -0.0039442 0.036 0.0810168 -0.0055001 0.036 0.082136 -0.006864 0.036 0.0834999 -0.0079832 0.036 0.0850558 -0.0088149 0.036 0.0867442 -0.0093271 0.036 0.0885 -0.0095 0.036 0.2075 -0.0095 0.036 0.2092558 -0.0093271 0.036 0.2109442 -0.0088149 0.036 0.2125001 -0.0079832 0.036 0.213864 -0.006864 0.036 0.2149832 -0.0055001 0.036 0.2158149 -0.0039442 0.036 0.2163271 -0.0022558 0.036 0.2165 -0.0005 0.036 0.2175 0.0005 0.037 0.2173079 0.0024509 0.037 0.2167388 0.0043268 0.037 0.2158147 0.0060557 0.037 0.2145711 0.0075711 0.037 0.2130557 0.0088147 0.037 0.2113268 0.0097388 0.037 0.2094509 0.0103079 0.037 0.2075 0.0105 0.037 0.0885 0.0105 0.037 0.0865491 0.0103079 0.037 0.0846732 0.0097388 0.037 0.0829443 0.0088147 0.037 0.0814289 0.0075711 0.037 0.0801853 0.0060557 0.037 0.0792612 0.0043268 0.037 0.0786921 0.0024509 0.037 0.0785 0.0005 0.037 0.0785 -0.0005 0.037 0.0786921 -0.0024509 0.037 0.0792612 -0.0043268 0.037 0.0801853 -0.0060557 0.037 0.0814289 -0.0075711 0.037 0.0829443 -0.0088147 0.037 0.0846732 -0.0097388 0.037 0.0865491 -0.0103079 0.037 0.0885 -0.0105 0.037 0.2075 -0.0105 0.037 0.2094509 -0.0103079 0.037 0.2113268 -0.0097388 0.037 0.2130557 -0.0088147 0.037 0.2145711 -0.0075711 0.037 0.2158147 -0.0060557 0.037 0.2167388 -0.0043268 0.037 0.2173079 -0.0024509 0.037 0.2175 -0.0005 0.037 0.2175 0.0005 0.041 0.2173079 0.0024509 0.041 0.2167388 0.0043268 0.041 0.2158147 0.0060557 0.041 0.2145711 0.0075711 0.041 0.2130557 0.0088147 0.041 0.2113268 0.0097388 0.041 0.2094509 0.0103079 0.041 0.2075 0.0105 0.041 0.0885 0.0105 0.041 0.0865491 0.0103079 0.041 0.0846732 0.0097388 0.041 0.0829443 0.0088147 0.041 0.0814289 0.0075711 0.041 0.0801853 0.0060557 0.041 0.0792612 0.0043268 0.041 0.0786921 0.0024509 0.041 0.0785 0.0005 0.041 0.0785 -0.0005 0.041 0.0786921 -0.0024509 0.041 0.0792612 -0.0043268 0.041 0.0801853 -0.0060557 0.041 0.0814289 -0.0075711 0.041 0.0829443 -0.0088147 0.041 0.0846732 -0.0097388 0.041 0.0865491 -0.0103079 0.041 0.0885 -0.0105 0.041 0.2075 -0.0105 0.041 0.2094509 -0.0103079 0.041 0.2113268 -0.0097388 0.041 0.2130557 -0.0088147 0.041 0.2145711 -0.0075711 0.041 0.2158147 -0.0060557 0.041 0.2167388 -0.0043268 0.041 0.2173079 -0.0024509 0.041 0.2175 -0.0005 0.041 0.2165 0.0005 0.042 0.2163271 0.0022558 0.042 0.2158149 0.0039442 0.042 0.2149832 0.0055001 0.042 0.213864 0.006864 0.042 0.2125001 0.0079832 0.042 0.2109442 0.0088149 0.042 0.2092558 0.0093271 0.042 0.2075 0.0095 0.042 0.0885 0.0095 0.042 0.0867442 0.0093271 0.042 0.0850558 0.0088149 0.042 0.0834999 0.0079832 0.042 0.082136 0.006864 0.042 0.0810168 0.0055001 0.042 0.0801851 0.0039442 0.042 0.0796729 0.0022558 0.042 0.0795 0.0005 0.042 0.0795 -0.0005 0.042 0.0796729 -0.0022558 0.042 0.0801851 -0.0039442 0.042 0.0810168 -0.0055001 0.042 0.082136 -0.006864 0.042 0.0834999 -0.0079832 0.042 0.0850558 -0.0088149 0.042 0.0867442 -0.0093271 0.042 0.0885 -0.0095 0.042 0.2075 -0.0095 0.042 0.2092558 -0.0093271 0.042 0.2109442 -0.0088149 0.042 0.2125001 -0.0079832 0.042 0.213864 -0.006864 0.042 0.2149832 -0.0055001 0.042 0.2158149 -0.0039442 0.042 0.2163271 -0.0022558 0.042 0.2165 -0.0005 0.042 0.148 0.0 0.036 0.148 0.0 0.042</float_array>
          <technique_common>
            <accessor source="#mesh4-positions-array" count="146" stride="3">
              <param name="X" type="float" />
              <param name="Y" type="float" />
              <param name="Z" type="float" />
            </accessor>
          </technique_common>
        </source>
        <source id="mesh4-normals">
          <float_array id="mesh4-normals-array" count="438">0.0243085 0.0018855 -0.9997027 0.0219477 0.0051739 -0.9997457 0.0215438 0.0098247 -0.9997196 0.0209363 0.01508 -0.9996671 0.0200218 0.0214817 -0.9995687 0.018584 0.0300486 -0.9993757 0.0161054 0.0431093 -0.9989405 0.0110012 0.0676587 -0.9976479 0.000122 0.1691224 -0.985595 -0.0002839 0.0954141 -0.9954376 -0.015728 0.0667184 -0.9976479 -0.0190946 0.0418711 -0.9989405 -0.0206495 0.0286685 -0.9993757 -0.0214817 0.0200218 -0.9995687 -0.0219441 0.0135717 -0.9996671 -0.0221809 0.0082867 -0.9997196 -0.022257 0.003619 -0.9997457 -0.0194953 0.0008976 -0.9998095 -0.0243085 -0.0018855 -0.9997027 -0.0219477 -0.0051739 -0.9997457 -0.0215438 -0.0098247 -0.9997196 -0.0209363 -0.01508 -0.9996671 -0.0200218 -0.0214817 -0.9995687 -0.018584 -0.0300486 -0.9993757 -0.0161054 -0.0431093 -0.9989405 -0.0110012 -0.0676587 -0.9976479 -0.000122 -0.1691224 -0.985595 0.0002839 -0.0954141 -0.9954376 0.015728 -0.0667184 -0.9976479 0.0190946 -0.0418711 -0.9989405 0.0206495 -0.0286685 -0.9993757 0.0214817 -0.0200218 -0.9995687 0.0219441 -0.0135717 -0.9996671 0.0221809 -0.0082867 -0.9997196 0.022257 -0.003619 -0.9997457 0.0194953 -0.0008976 -0.9998095 0.9836524 0.0722067 -0.1649671 0.9586023 0.2111818 -0.1910073 0.8989835 0.3941381 -0.1910073 0.8048173 0.5619478 -0.1910073 0.6797224 0.7081622 -0.1910073 0.5285061 0.8271623 -0.1910073 0.3569796 0.914375 -0.1910073 0.1717347 0.9664489 -0.1910073 0.0010406 0.9936362 -0.1126325 -0.0022461 0.9501903 -0.3116622 -0.2111818 0.9586023 -0.1910073 -0.3941381 0.8989835 -0.1910073 -0.5619478 0.8048173 -0.1910073 -0.7081622 0.6797224 -0.1910073 -0.8271623 0.5285061 -0.1910073 -0.914375 0.3569796 -0.1910073 -0.9664489 0.1717347 -0.1910073 -0.9732544 0.0537947 -0.2233427 -0.9836524 -0.0722067 -0.1649671 -0.9586023 -0.2111818 -0.1910073 -0.8989835 -0.3941381 -0.1910073 -0.8048173 -0.5619478 -0.1910073 -0.6797224 -0.7081622 -0.1910073 -0.5285061 -0.8271623 -0.1910073 -0.3569796 -0.914375 -0.1910073 -0.1717347 -0.9664489 -0.1910073 -0.0010406 -0.9936362 -0.1126325 0.0022461 -0.9501903 -0.3116622 0.2111818 -0.9586023 -0.1910073 0.3941381 -0.8989835 -0.1910073 0.5619478 -0.8048173 -0.1910073 0.7081622 -0.6797224 -0.1910073 0.8271623 -0.5285061 -0.1910073 0.914375 -0.3569796 -0.1910073 0.9664489 -0.1717347 -0.1910073 0.9732544 -0.0537947 -0.2233427 0.9732544 0.0537947 0.2233427 0.9664489 0.1717347 0.1910073 0.914375 0.3569796 0.1910073 0.8271623 0.5285061 0.1910073 0.7081622 0.6797224 0.1910073 0.5619478 0.8048173 0.1910073 0.3941381 0.8989835 0.1910073 0.2111818 0.9586023 0.1910073 0.0022461 0.9501903 0.3116622 -0.0010406 0.9936362 0.1126325 -0.1717347 0.9664489 0.1910073 -0.3569796 0.914375 0.1910073 -0.5285061 0.8271623 0.1910073 -0.6797224 0.7081622 0.1910073 -0.8048173 0.5619478 0.1910073 -0.8989835 0.3941381 0.1910073 -0.9586023 0.2111818 0.1910073 -0.9836524 0.0722067 0.1649671 -0.9732544 -0.0537947 0.2233427 -0.9664489 -0.1717347 0.1910073 -0.914375 -0.3569796 0.1910073 -0.8271623 -0.5285061 0.1910073 -0.7081622 -0.6797224 0.1910073 -0.5619478 -0.8048173 0.1910073 -0.3941381 -0.8989835 0.1910073 -0.2111818 -0.9586023 0.1910073 -0.0022461 -0.9501903 0.3116622 0.0010406 -0.9936362 0.1126325 0.1717347 -0.9664489 0.1910073 0.3569796 -0.914375 0.1910073 0.5285061 -0.8271623 0.1910073 0.6797224 -0.7081622 0.1910073 0.8048173 -0.5619478 0.1910073 0.8989835 -0.3941381 0.1910073 0.9586023 -0.2111818 0.1910073 0.9836524 -0.0722067 0.1649671 0.0194953 0.0008976 0.9998095 0.022257 0.003619 0.9997457 0.0221809 0.0082867 0.9997196 0.0219441 0.0135717 0.9996671 0.0214817 0.0200218 0.9995687 0.0206495 0.0286685 0.9993757 0.0190946 0.0418711 0.9989405 0.015728 0.0667184 0.9976479 0.0002839 0.0954141 0.9954376 -0.000122 0.1691224 0.985595 -0.0110012 0.0676587 0.9976479 -0.0161054 0.0431093 0.9989405 -0.018584 0.0300486 0.9993757 -0.0200218 0.0214817 0.9995687 -0.0209363 0.01508 0.9996671 -0.0215438 0.0098247 0.9997196 -0.0219477 0.0051739 0.9997457 -0.0243085 0.0018855 0.9997027 -0.0194953 -0.0008976 0.9998095 -0.022257 -0.003619 0.9997457 -0.0221809 -0.0082867 0.9997196 -0.0219441 -0.0135717 0.9996671 -0.0214817 -0.0200218 0.9995687 -0.0206495 -0.0286685 0.9993757 -0.0190946 -0.0418711 0.9989405 -0.015728 -0.0667184 0.9976479 -0.0002839 -0.0954141 0.9954376 0.000122 -0.1691224 0.985595 0.0110012 -0.0676587 0.9976479 0.0161054 -0.0431093 0.9989405 0.018584 -0.0300486 0.9993757 0.0200218 -0.0214817 0.9995687 0.0209363 -0.01508 0.9996671 0.0215438 -0.0098247 0.9997196 0.0219477 -0.0051739 0.9997457 0.0243085 -0.0018855 0.9997027 0.0 0.0 -1.0 0.0 0.0 1.0</float_array>
          <technique_common>
            <accessor source="#mesh4-normals-array" count="146" stride="3">
              <param name="X" type="float" />
              <param name="Y" type="float" />
              <param name="Z" type="float" />
            </accessor>
          </technique_common>
        </source>
        <vertices id="mesh4-vertices">
          <input semantic="POSITION" source="#mesh4-positions" />
        </vertices>
        <triangles count="288" material="graphite">
          <input semantic="VERTEX" source="#mesh4-vertices" offset="0" />
          <input semantic="NORMAL" source="#mesh4-normals" offset="1" />
          <p>0 0 1 1 37 37 0 0 37 37 36 36 1 1 2 2 38 38 1 1 38 38 37 37 2 2 3 3 39 39 2 2 39 39 38 38 3 3 4 4 40 40 3 3 40 40 39 39 4 4 5 5 41 41 4 4 41 41 40 40 5 5 6 6 42 42 5 5 42 42 41 41 6 6 7 7 43 43 6 6 43 43 42 42 7 7 8 8 44 44 7 7 44 44 43 43 8 8 9 9 45 45 8 8 45 45 44 44 9 9 10 10 46 46 9 9 46 46 45 45 10 10 11 11 47 47 10 10 47 47 46 46 11 11 12 12 48 48 11 11 48 48 47 47 12 12 13 13 49 49 12 12 49 49 48 48 13 13 14 14 50 50 13 13 50 50 49 49 14 14 15 15 51 51 14 14 51 51 50 50 15 15 16 16 52 52 15 15 52 52 51 51 16 16 17 17 53 53 16 16 53 53 52 52 17 17 18 18 54 54 17 17 54 54 53 53 18 18 19 19 55 55 18 18 55 55 54 54 19 19 20 20 56 56 19 19 56 56 55 55 20 20 21 21 57 57 20 20 57 57 56 56 21 21 22 22 58 58 21 21 58 58 57 57 22 22 23 23 59 59 22 22 59 59 58 58 23 23 24 24 60 60 23 23 60 60 59 59 24 24 25 25 61 61 24 24 61 61 60 60 25 25 26 26 62 62 25 25 62 62 61 61 26 26 27 27 63 63 26 26 63 63 62 62 27 27 28 28 64 64 27 27 64 64 63 63 28 28 29 29 65 65 28 28 65 65 64 64 29 29 30 30 66 66 29 29 66 66 65 65 30 30 31 31 67 67 30 30 67 67 66 66 31 31 32 32 68 68 31 31 68 68 67 67 32 32 33 33 69 69 32 32 69 69 68 68 33 33 34 34 70 70 33 33 70 70 69 69 34 34 35 35 71 71 34 34 71 71 70 70 35 35 0 0 36 36 35 35 36 36 71 71 36 36 37 37 73 73 36 36 73 73 72 72 37 37 38 38 74 74 37 37 74 74 73 73 38 38 39 39 75 75 38 38 75 75 74 74 39 39 40 40 76 76 39 39 76 76 75 75 40 40 41 41 77 77 40 40 77 77 76 76 41 41 42 42 78 78 41 41 78 78 77 77 42 42 43 43 79 79 42 42 79 79 78 78 43 43 44 44 80 80 43 43 80 80 79 79 44 44 45 45 81 81 44 44 81 81 80 80 45 45 46 46 82 82 45 45 82 82 81 81 46 46 47 47 83 83 46 46 83 83 82 82 47 47 48 48 84 84 47 47 84 84 83 83 48 48 49 49 85 85 48 48 85 85 84 84 49 49 50 50 86 86 49 49 86 86 85 85 50 50 51 51 87 87 50 50 87 87 86 86 51 51 52 52 88 88 51 51 88 88 87 87 52 52 53 53 89 89 52 52 89 89 88 88 53 53 54 54 90 90 53 53 90 90 89 89 54 54 55 55 91 91 54 54 91 91 90 90 55 55 56 56 92 92 55 55 92 92 91 91 56 56 57 57 93 93 56 56 93 93 92 92 57 57 58 58 94 94 57 57 94 94 93 93 58 58 59 59 95 95 58 58 95 95 94 94 59 59 60 60 96 96 59 59 96 96 95 95 60 60 61 61 97 97 60 60 97 97 96 96 61 61 62 62 98 98 61 61 98 98 97 97 62 62 63 63 99 99 62 62 99 99 98 98 63 63 64 64 100 100 63 63 100 100 99 99 64 64 65 65 101 101 64 64 101 101 100 100 65 65 66 66 102 102 65 65 102 102 101 101 66 66 67 67 103 103 66 66 103 103 102 102 67 67 68 68 104 104 67 67 104 104 103 103 68 68 69 69 105 105 68 68 105 105 104 104 69 69 70 70 106 106 69 69 106 106 105 105 70 70 71 71 107 107 70 70 107 107 106 106 71 71 36 36 72 72 71 71 72 72 107 107 72 72 73 73 109 109 72 72 109 109 108 108 73 73 74 74 110 110 73 73 110 110 109 109 74 74 75 75 111 111 74 74 111 111 110 110 75 75 76 76 112 112 75 75 112 112 111 111 76 76 77 77 113 113 76 76 113 113 112 112 77 77 78 78 114 114 77 77 114 114 113 113 78 78 79 79 115 115 78 78 115 115 114 114 79 79 80 80 116 116 79 79 116 116 115 115 80 80 81 81 117 117 80 80 117 117 116 116 81 81 82 82 118 118 81 81 118 118 117 117 82 82 83 83 119 119 82 82 119 119 118 118 83 83 84 84 120 120 83 83 120 120 119 119 84 84 85 85 121 121 84 84 121 121 120 120 85 85 86 86 122 122 85 85 122 122 121 121 86 86 87 87 123 123 86 86 123 123 122 122 87 87 88 88 124 124 87 87 124 124 123 123 88 88 89 89 125 125 88 88 125 125 124 124 89 89 90 90 126 126 89 89 126 126 125 125 90 90 91 91 127 127 90 90 127 127 126 126 91 91 92 92 128 128 91 91 128 128 127 127 92 92 93 93 129 129 92 92 129 129 128 128 93 93 94 94 130 130 93 93 130 130 129 129 94 94 95 95 131 131 94 94 131 131 130 130 95 95 96 96 132 132 95 95 132 132 131 131 96 96 97 97 133 133 96 96 133 133 132 132 97 97 98 98 134 134 97 97 134 134 133 133 98 98 99 99 135 135 98 98 135 135 134 134 99 99 100 100 136 136 99 99 136 136 135 135 100 100 101 101 137 137 100 100 137 137 136 136 101 101 102 102 138 138 101 101 138 138 137 137 102 102 103 103 139 139 102 102 139 139 138 138 103 103 104 104 140 140 103 103 140 140 139 139 104 104 105 105 141 141 104 104 141 141 140 140 105 105 106 106 142 142 105 105 142 142 141 141 106 106 107 107 143 143 106 106 143 143 142 142 107 107 72 72 108 108 107 107 108 108 143 143 144 144 1 1 0 0 144 144 2 2 1 1 144 144 3 3 2 2 144 144 4 4 3 3 144 144 5 5 4 4 144 144 6 6 5 5 144 144 7 7 6 6 144 144 8 8 7 7 144 144 9 9 8 8 144 144 10 10 9 9 144 144 11 11 10 10 144 144 12 12 11 11 144 144 13 13 12 12 144 144 14 14 13 13 144 144 15 15 14 14 144 144 16 16 15 15 144 144 17 17 16 16 144 144 18 18 17 17 144 144 19 19 18 18 144 144 20 20 19 19 144 144 21 21 20 20 144 144 22 22 21 21 144 144 23 23 22 22 144 144 24 24 23 23 144 144 25 25 24 24 144 144 26 26 25 25 144 144 27 27 26 26 144 144 28 28 27 27 144 144 29 29 28 28 144 144 30 30 29 29 144 144 31 31 30 30 144 144 32 32 31 31 144 144 33 33 32 32 144 144 34 34 33 33 144 144 35 35 34 34 144 144 0 0 35 35 145 145 108 108 109 109 145 145 109 109 110 110 145 145 110 110 111 111 145 145 111 111 112 112 145 145 112 112 113 113 145 145 113 113 114 114 145 145 114 114 115 115 145 145 115 115 116 116 145 145 116 116 117 117 145 145 117 117 118 118 145 145 118 118 119 119 145 145 119 119 120 120 145 145 120 120 121 121 145 145 121 121 122 122 145 145 122 122 123 123 145 145 123 123 124 124 145 145 124 124 125 125 145 145 125 125 126 126 145 145 126 126 127 127 145 145 127 127 128 128 145 145 128 128 129 129 145 145 129 129 130 130 145 145 130 130 131 131 145 145 131 131 132 132 145 145 132 132 133 133 145 145 133 133 134 134 145 145 134 134 135 135 145 145 135 135 136 136 145 145 136 136 137 137 145 145 137 137 138 138 145 145 138 138 139 139 145 145 139 139 140 140 145 145 140 140 141 141 145 145 141 141 142 142 145 145 142 142 143 143 145 145 143 143 108 108</p>
        </triangles>
      </mesh>
    </geometry>
    <geometry id="mesh5">
      <mesh>
        <source id="mesh5-positions">
          <float_array id="mesh5-positions-array" count="438">0.304 0.018 -0.0245 0.3037886 0.020146 -0.0245 0.3031627 0.0222095 -0.0245 0.3021462 0.0241113 -0.0245 0.3007782 0.0257782 -0.0245 0.2991113 0.0271462 -0.0245 0.2972095 0.0281627 -0.0245 0.295146 0.0287886 -0.0245 0.293 0.029 -0.0245 0.277 0.029 -0.0245 0.274854 0.0287886 -0.0245 0.2727905 0.0281627 -0.0245 0.2708887 0.0271462 -0.0245 0.2692218 0.0257782 -0.0245 0.2678538 0.0241113 -0.0245 0.2668373 0.0222095 -0.0245 0.2662114 0.020146 -0.0245 0.266 0.018 -0.0245 0.266 -0.018 -0.0245 0.2662114 -0.020146 -0.0245 0.2668373 -0.0222095 -0.0245 0.2678538 -0.0241113 -0.0245 0.2692218 -0.0257782 -0.0245 0.2708887 -0.0271462 -0.0245 0.2727905 -0.0281627 -0.0245 0.274854 -0.0287886 -0.0245 0.277 -0.029 -0.0245 0.293 -0.029 -0.0245 0.295146 -0.0287886 -0.0245 0.2972095 -0.0281627 -0.0245 0.2991113 -0.0271462 -0.0245 0.3007782 -0.0257782 -0.0245 0.3021462 -0.0241113 -0.0245 0.3031627 -0.0222095 -0.0245 0.3037886 -0.020146 -0.0245 0.304 -0.018 -0.0245 0.309 0.018 -0.0195 0.3086926 0.0211214 -0.0195 0.3077821 0.0241229 -0.0195 0.3063035 0.0268891 -0.0195 0.3043137 0.0293137 -0.0195 0.3018891 0.0313035 -0.0195 0.2991229 0.0327821 -0.0195 0.2961214 0.0336926 -0.0195 0.293 0.034 -0.0195 0.277 0.034 -0.0195 0.2738786 0.0336926 -0.0195 0.2708771 0.0327821 -0.0195 0.2681109 0.0313035 -0.0195 0.2656863 0.0293137 -0.0195 0.2636965 0.0268891 -0.0195 0.2622179 0.0241229 -0.0195 0.2613074 0.0211214 -0.0195 0.261 0.018 -0.0195 0.261 -0.018 -0.0195 0.2613074 -0.0211214 -0.0195 0.2622179 -0.0241229 -0.0195 0.2636965 -0.0268891 -0.0195 0.2656863 -0.0293137 -0.0195 0.2681109 -0.0313035 -0.0195 0.2708771 -0.0327821 -0.0195 0.2738786 -0.0336926 -0.0195 0.277 -0.034 -0.0195 0.293 -0.034 -0.0195 0.2961214 -0.0336926 -0.0195 0.2991229 -0.0327821 -0.0195 0.3018891 -0.0313035 -0.0195 0.3043137 -0.0293137 -0.0195 0.3063035 -0.0268891 -0.0195 0.3077821 -0.0241229 -0.0195 0.3086926 -0.0211214 -0.0195 0.309 -0.018 -0.0195 0.309 0.018 0.0255 0.3086926 0.0211214 0.0255 0.3077821 0.0241229 0.0255 0.3063035 0.0268891 0.0255 0.3043137 0.0293137 0.0255 0.3018891 0.0313035 0.0255 0.2991229 0.0327821 0.0255 0.2961214 0.0336926 0.0255 0.293 0.034 0.0255 0.277 0.034 0.0255 0.2738786 0.0336926 0.0255 0.2708771 0.0327821 0.0255 0.2681109 0.0313035 0.0255 0.2656863 0.0293137 0.0255 0.2636965 0.0268891 0.0255 0.2622179 0.0241229 0.0255 0.2613074 0.0211214 0.0255 0.261 0.018 0.0255 0.261 -0.018 0.0255 0.2613074 -0.0211214 0.0255 0.2622179 -0.0241229 0.0255 0.2636965 -0.0268891 0.0255 0.2656863 -0.0293137 0.0255 0.2681109 -0.0313035 0.0255 0.2708771 -0.0327821 0.0255 0.2738786 -0.0336926 0.0255 0.277 -0.034 0.0255 0.293 -0.034 0.0255 0.2961214 -0.0336926 0.0255 0.2991229 -0.0327821 0.0255 0.3018891 -0.0313035 0.0255 0.3043137 -0.0293137 0.0255 0.3063035 -0.0268891 0.0255 0.3077821 -0.0241229 0.0255 0.3086926 -0.0211214 0.0255 0.309 -0.018 0.0255 0.304 0.018 0.0305 0.3037886 0.020146 0.0305 0.3031627 0.0222095 0.0305 0.3021462 0.0241113 0.0305 0.3007782 0.0257782 0.0305 0.2991113 0.0271462 0.0305 0.2972095 0.0281627 0.0305 0.295146 0.0287886 0.0305 0.293 0.029 0.0305 0.277 0.029 0.0305 0.274854 0.0287886 0.0305 0.2727905 0.0281627 0.0305 0.2708887 0.0271462 0.0305 0.2692218 0.0257782 0.0305 0.2678538 0.0241113 0.0305 0.2668373 0.0222095 0.0305 0.2662114 0.020146 0.0305 0.266 0.018 0.0305 0.266 -0.018 0.0305 0.2662114 -0.020146 0.0305 0.2668373 -0.0222095 0.0305 0.2678538 -0.0241113 0.0305 0.2692218 -0.0257782 0.0305 0.2708887 -0.0271462 0.0305 0.2727905 -0.0281627 0.0305 0.274854 -0.0287886 0.0305 0.277 -0.029 0.0305 0.293 -0.029 0.0305 0.295146 -0.0287886 0.0305 0.2972095 -0.0281627 0.0305 0.2991113 -0.0271462 0.0305 0.3007782 -0.0257782 0.0305 0.3021462 -0.0241113 0.0305 0.3031627 -0.0222095 0.0305 0.3037886 -0.020146 0.0305 0.304 -0.018 0.0305 0.285 0.0 -0.0245 0.285 0.0 0.0305</float_array>
          <technique_common>
            <accessor source="#mesh5-positions-array" count="146" stride="3">
              <param name="X" type="float" />
              <param name="Y" type="float" />
              <param name="Z" type="float" />
            </accessor>
          </technique_common>
        </source>
        <source id="mesh5-normals">
          <float_array id="mesh5-normals-array" count="438">0.2155143 0.0027094 -0.9764969 0.2610729 0.0632793 -0.9632428 0.2240552 0.1038828 -0.9690241 0.1871639 0.1366059 -0.9727839 0.1501253 0.1631154 -0.9751183 0.1125285 0.1845302 -0.9763636 0.0738608 0.2015582 -0.9766877 0.0335066 0.2145739 -0.9761329 0.0014694 0.2373842 -0.9714147 -0.0040334 0.165346 -0.9862274 -0.0511578 0.2110629 -0.9761329 -0.0902957 0.1947507 -0.9766877 -0.1274208 0.1745794 -0.9763636 -0.1631154 0.1501253 -0.9751183 -0.1978319 0.1206401 -0.9727839 -0.2318872 0.0849748 -0.9690241 -0.2654159 0.0414458 -0.9632428 -0.3195567 0.0009109 -0.9475667 -0.2155143 -0.0027094 -0.9764969 -0.2610729 -0.0632793 -0.9632428 -0.2240552 -0.1038828 -0.9690241 -0.1871639 -0.1366059 -0.9727839 -0.1501253 -0.1631154 -0.9751183 -0.1125285 -0.1845302 -0.9763636 -0.0738608 -0.2015582 -0.9766877 -0.0335066 -0.2145739 -0.9761329 -0.0014694 -0.2373842 -0.9714147 0.0040334 -0.165346 -0.9862274 0.0511578 -0.2110629 -0.9761329 0.0902957 -0.1947507 -0.9766877 0.1274208 -0.1745794 -0.9763636 0.1631154 -0.1501253 -0.9751183 0.1978319 -0.1206401 -0.9727839 0.2318872 -0.0849748 -0.9690241 0.2654159 -0.0414458 -0.9632428 0.3195567 -0.0009109 -0.9475667 0.9865817 0.0126572 -0.1627767 0.9710666 0.22115 -0.0901237 0.9092636 0.4063463 -0.0901237 0.8125182 0.575927 -0.0901237 0.6845481 0.7233752 -0.0901237 0.5302712 0.8430244 -0.0901237 0.3556162 0.9302767 -0.0901237 0.1672952 0.981779 -0.0901237 0.0097197 0.9979717 -0.0629128 -0.0245446 0.9887458 -0.1475779 -0.22115 0.9710666 -0.0901237 -0.4063463 0.9092636 -0.0901237 -0.575927 0.8125182 -0.0901237 -0.7233752 0.6845481 -0.0901237 -0.8430244 0.5302712 -0.0901237 -0.9302767 0.3556162 -0.0901237 -0.981779 0.1672952 -0.0901237 -0.998339 0.0045727 -0.0574312 -0.9865817 -0.0126572 -0.1627767 -0.9710666 -0.22115 -0.0901237 -0.9092636 -0.4063463 -0.0901237 -0.8125182 -0.575927 -0.0901237 -0.6845481 -0.7233752 -0.0901237 -0.5302712 -0.8430244 -0.0901237 -0.3556162 -0.9302767 -0.0901237 -0.1672952 -0.981779 -0.0901237 -0.0097197 -0.9979717 -0.0629128 0.0245446 -0.9887458 -0.1475779 0.22115 -0.9710666 -0.0901237 0.4063463 -0.9092636 -0.0901237 0.575927 -0.8125182 -0.0901237 0.7233752 -0.6845481 -0.0901237 0.8430244 -0.5302712 -0.0901237 0.9302767 -0.3556162 -0.0901237 0.981779 -0.1672952 -0.0901237 0.998339 -0.0045727 -0.0574312 0.998339 0.0045727 0.0574312 0.981779 0.1672952 0.0901237 0.9302767 0.3556162 0.0901237 0.8430244 0.5302712 0.0901237 0.7233752 0.6845481 0.0901237 0.575927 0.8125182 0.0901237 0.4063463 0.9092636 0.0901237 0.22115 0.9710666 0.0901237 0.0245446 0.9887458 0.1475779 -0.0097197 0.9979717 0.0629128 -0.1672952 0.981779 0.0901237 -0.3556162 0.9302767 0.0901237 -0.5302712 0.8430244 0.0901237 -0.6845481 0.7233752 0.0901237 -0.8125182 0.575927 0.0901237 -0.9092636 0.4063463 0.0901237 -0.9710666 0.22115 0.0901237 -0.9865817 0.0126572 0.1627767 -0.998339 -0.0045727 0.0574312 -0.981779 -0.1672952 0.0901237 -0.9302767 -0.3556162 0.0901237 -0.8430244 -0.5302712 0.0901237 -0.7233752 -0.6845481 0.0901237 -0.575927 -0.8125182 0.0901237 -0.4063463 -0.9092636 0.0901237 -0.22115 -0.9710666 0.0901237 -0.0245446 -0.9887458 0.1475779 0.0097197 -0.9979717 0.0629128 0.1672952 -0.981779 0.0901237 0.3556162 -0.9302767 0.0901237 0.5302712 -0.8430244 0.0901237 0.6845481 -0.7233752 0.0901237 0.8125182 -0.575927 0.0901237 0.9092636 -0.4063463 0.0901237 0.9710666 -0.22115 0.0901237 0.9865817 -0.0126572 0.1627767 0.3195567 0.0009109 0.9475667 0.2654159 0.0414458 0.9632428 0.2318872 0.0849748 0.9690241 0.1978319 0.1206401 0.9727839 0.1631154 0.1501253 0.9751183 0.1274208 0.1745794 0.9763636 0.0902957 0.1947507 0.9766877 0.0511578 0.2110629 0.9761329 0.0040334 0.165346 0.9862274 -0.0014694 0.2373842 0.9714147 -0.0335066 0.2145739 0.9761329 -0.0738608 0.2015582 0.9766877 -0.1125285 0.1845302 0.9763636 -0.1501253 0.1631154 0.9751183 -0.1871639 0.1366059 0.9727839 -0.2240552 0.1038828 0.9690241 -0.2610729 0.0632793 0.9632428 -0.2155143 0.0027094 0.9764969 -0.3195567 -0.0009109 0.9475667 -0.2654159 -0.0414458 0.9632428 -0.2318872 -0.0849748 0.9690241 -0.1978319 -0.1206401 0.9727839 -0.1631154 -0.1501253 0.9751183 -0.1274208 -0.1745794 0.9763636 -0.0902957 -0.1947507 0.9766877 -0.0511578 -0.2110629 0.9761329 -0.0040334 -0.165346 0.9862274 0.0014694 -0.2373842 0.9714147 0.0335066 -0.2145739 0.9761329 0.0738608 -0.2015582 0.9766877 0.1125285 -0.1845302 0.9763636 0.1501253 -0.1631154 0.9751183 0.1871639 -0.1366059 0.9727839 0.2240552 -0.1038828 0.9690241 0.2610729 -0.0632793 0.9632428 0.2155143 -0.0027094 0.9764969 0.0 0.0 -1.0 0.0 0.0 1.0</float_array>
          <technique_common>
            <accessor source="#mesh5-normals-array" count="146" stride="3">
              <param name="X" type="float" />
              <param name="Y" type="float" />
              <param name="Z" type="float" />
            </accessor>
          </technique_common>
        </source>
        <vertices id="mesh5-vertices">
          <input semantic="POSITION" source="#mesh5-positions" />
        </vertices>
        <triangles count="288" material="graphite">
          <input semantic="VERTEX" source="#mesh5-vertices" offset="0" />
          <input semantic="NORMAL" source="#mesh5-normals" offset="1" />
          <p>0 0 1 1 37 37 0 0 37 37 36 36 1 1 2 2 38 38 1 1 38 38 37 37 2 2 3 3 39 39 2 2 39 39 38 38 3 3 4 4 40 40 3 3 40 40 39 39 4 4 5 5 41 41 4 4 41 41 40 40 5 5 6 6 42 42 5 5 42 42 41 41 6 6 7 7 43 43 6 6 43 43 42 42 7 7 8 8 44 44 7 7 44 44 43 43 8 8 9 9 45 45 8 8 45 45 44 44 9 9 10 10 46 46 9 9 46 46 45 45 10 10 11 11 47 47 10 10 47 47 46 46 11 11 12 12 48 48 11 11 48 48 47 47 12 12 13 13 49 49 12 12 49 49 48 48 13 13 14 14 50 50 13 13 50 50 49 49 14 14 15 15 51 51 14 14 51 51 50 50 15 15 16 16 52 52 15 15 52 52 51 51 16 16 17 17 53 53 16 16 53 53 52 52 17 17 18 18 54 54 17 17 54 54 53 53 18 18 19 19 55 55 18 18 55 55 54 54 19 19 20 20 56 56 19 19 56 56 55 55 20 20 21 21 57 57 20 20 57 57 56 56 21 21 22 22 58 58 21 21 58 58 57 57 22 22 23 23 59 59 22 22 59 59 58 58 23 23 24 24 60 60 23 23 60 60 59 59 24 24 25 25 61 61 24 24 61 61 60 60 25 25 26 26 62 62 25 25 62 62 61 61 26 26 27 27 63 63 26 26 63 63 62 62 27 27 28 28 64 64 27 27 64 64 63 63 28 28 29 29 65 65 28 28 65 65 64 64 29 29 30 30 66 66 29 29 66 66 65 65 30 30 31 31 67 67 30 30 67 67 66 66 31 31 32 32 68 68 31 31 68 68 67 67 32 32 33 33 69 69 32 32 69 69 68 68 33 33 34 34 70 70 33 33 70 70 69 69 34 34 35 35 71 71 34 34 71 71 70 70 35 35 0 0 36 36 35 35 36 36 71 71 36 36 37 37 73 73 36 36 73 73 72 72 37 37 38 38 74 74 37 37 74 74 73 73 38 38 39 39 75 75 38 38 75 75 74 74 39 39 40 40 76 76 39 39 76 76 75 75 40 40 41 41 77 77 40 40 77 77 76 76 41 41 42 42 78 78 41 41 78 78 77 77 42 42 43 43 79 79 42 42 79 79 78 78 43 43 44 44 80 80 43 43 80 80 79 79 44 44 45 45 81 81 44 44 81 81 80 80 45 45 46 46 82 82 45 45 82 82 81 81 46 46 47 47 83 83 46 46 83 83 82 82 47 47 48 48 84 84 47 47 84 84 83 83 48 48 49 49 85 85 48 48 85 85 84 84 49 49 50 50 86 86 49 49 86 86 85 85 50 50 51 51 87 87 50 50 87 87 86 86 51 51 52 52 88 88 51 51 88 88 87 87 52 52 53 53 89 89 52 52 89 89 88 88 53 53 54 54 90 90 53 53 90 90 89 89 54 54 55 55 91 91 54 54 91 91 90 90 55 55 56 56 92 92 55 55 92 92 91 91 56 56 57 57 93 93 56 56 93 93 92 92 57 57 58 58 94 94 57 57 94 94 93 93 58 58 59 59 95 95 58 58 95 95 94 94 59 59 60 60 96 96 59 59 96 96 95 95 60 60 61 61 97 97 60 60 97 97 96 96 61 61 62 62 98 98 61 61 98 98 97 97 62 62 63 63 99 99 62 62 99 99 98 98 63 63 64 64 100 100 63 63 100 100 99 99 64 64 65 65 101 101 64 64 101 101 100 100 65 65 66 66 102 102 65 65 102 102 101 101 66 66 67 67 103 103 66 66 103 103 102 102 67 67 68 68 104 104 67 67 104 104 103 103 68 68 69 69 105 105 68 68 105 105 104 104 69 69 70 70 106 106 69 69 106 106 105 105 70 70 71 71 107 107 70 70 107 107 106 106 71 71 36 36 72 72 71 71 72 72 107 107 72 72 73 73 109 109 72 72 109 109 108 108 73 73 74 74 110 110 73 73 110 110 109 109 74 74 75 75 111 111 74 74 111 111 110 110 75 75 76 76 112 112 75 75 112 112 111 111 76 76 77 77 113 113 76 76 113 113 112 112 77 77 78 78 114 114 77 77 114 114 113 113 78 78 79 79 115 115 78 78 115 115 114 114 79 79 80 80 116 116 79 79 116 116 115 115 80 80 81 81 117 117 80 80 117 117 116 116 81 81 82 82 118 118 81 81 118 118 117 117 82 82 83 83 119 119 82 82 119 119 118 118 83 83 84 84 120 120 83 83 120 120 119 119 84 84 85 85 121 121 84 84 121 121 120 120 85 85 86 86 122 122 85 85 122 122 121 121 86 86 87 87 123 123 86 86 123 123 122 122 87 87 88 88 124 124 87 87 124 124 123 123 88 88 89 89 125 125 88 88 125 125 124 124 89 89 90 90 126 126 89 89 126 126 125 125 90 90 91 91 127 127 90 90 127 127 126 126 91 91 92 92 128 128 91 91 128 128 127 127 92 92 93 93 129 129 92 92 129 129 128 128 93 93 94 94 130 130 93 93 130 130 129 129 94 94 95 95 131 131 94 94 131 131 130 130 95 95 96 96 132 132 95 95 132 132 131 131 96 96 97 97 133 133 96 96 133 133 132 132 97 97 98 98 134 134 97 97 134 134 133 133 98 98 99 99 135 135 98 98 135 135 134 134 99 99 100 100 136 136 99 99 136 136 135 135 100 100 101 101 137 137 100 100 137 137 136 136 101 101 102 102 138 138 101 101 138 138 137 137 102 102 103 103 139 139 102 102 139 139 138 138 103 103 104 104 140 140 103 103 140 140 139 139 104 104 105 105 141 141 104 104 141 141 140 140 105 105 106 106 142 142 105 105 142 142 141 141 106 106 107 107 143 143 106 106 143 143 142 142 107 107 72 72 108 108 107 107 108 108 143 143 144 144 1 1 0 0 144 144 2 2 1 1 144 144 3 3 2 2 144 144 4 4 3 3 144 144 5 5 4 4 144 144 6 6 5 5 144 144 7 7 6 6 144 144 8 8 7 7 144 144 9 9 8 8 144 144 10 10 9 9 144 144 11 11 10 10 144 144 12 12 11 11 144 144 13 13 12 12 144 144 14 14 13 13 144 144 15 15 14 14 144 144 16 16 15 15 144 144 17 17 16 16 144 144 18 18 17 17 144 144 19 19 18 18 144 144 20 20 19 19 144 144 21 21 20 20 144 144 22 22 21 21 144 144 23 23 22 22 144 144 24 24 23 23 144 144 25 25 24 24 144 144 26 26 25 25 144 144 27 27 26 26 144 144 28 28 27 27 144 144 29 29 28 28 144 144 30 30 29 29 144 144 31 31 30 30 144 144 32 32 31 31 144 144 33 33 32 32 144 144 34 34 33 33 144 144 35 35 34 34 144 144 0 0 35 35 145 145 108 108 109 109 145 145 109 109 110 110 145 145 110 110 111 111 145 145 111 111 112 112 145 145 112 112 113 113 145 145 113 113 114 114 145 145 114 114 115 115 145 145 115 115 116 116 145 145 116 116 117 117 145 145 117 117 118 118 145 145 118 118 119 119 145 145 119 119 120 120 145 145 120 120 121 121 145 145 121 121 122 122 145 145 122 122 123 123 145 145 123 123 124 124 145 145 124 124 125 125 145 145 125 125 126 126 145 145 126 126 127 127 145 145 127 127 128 128 145 145 128 128 129 129 145 145 129 129 130 130 145 145 130 130 131 131 145 145 131 131 132 132 145 145 132 132 133 133 145 145 133 133 134 134 145 145 134 134 135 135 145 145 135 135 136 136 145 145 136 136 137 137 145 145 137 137 138 138 145 145 138 138 139 139 145 145 139 139 140 140 145 145 140 140 141 141 145 145 141 141 142 142 145 145 142 142 143 143 145 145 143 143 108 108</p>
        </triangles>
      </mesh>
    </geometry>
    <geometry id="mesh6">
      <mesh>
        <source id="mesh6-positions">
          <float_array id="mesh6-positions-array" count="438">0.316 0.0235 -0.0165 0.315952 0.0239877 -0.0165 0.3158097 0.0244567 -0.0165 0.3155787 0.0248889 -0.0165 0.3152678 0.0252678 -0.0165 0.3148889 0.0255787 -0.0165 0.3144567 0.0258097 -0.0165 0.3139877 0.025952 -0.0165 0.3135 0.026 -0.0165 0.3105 0.026 -0.0165 0.3100123 0.025952 -0.0165 0.3095433 0.0258097 -0.0165 0.3091111 0.0255787 -0.0165 0.3087322 0.0252678 -0.0165 0.3084213 0.0248889 -0.0165 0.3081903 0.0244567 -0.0165 0.308048 0.0239877 -0.0165 0.308 0.0235 -0.0165 0.308 -0.0235 -0.0165 0.308048 -0.0239877 -0.0165 0.3081903 -0.0244567 -0.0165 0.3084213 -0.0248889 -0.0165 0.3087322 -0.0252678 -0.0165 0.3091111 -0.0255787 -0.0165 0.3095433 -0.0258097 -0.0165 0.3100123 -0.025952 -0.0165 0.3105 -0.026 -0.0165 0.3135 -0.026 -0.0165 0.3139877 -0.025952 -0.0165 0.3144567 -0.0258097 -0.0165 0.3148889 -0.0255787 -0.0165 0.3152678 -0.0252678 -0.0165 0.3155787 -0.0248889 -0.0165 0.3158097 -0.0244567 -0.0165 0.315952 -0.0239877 -0.0165 0.316 -0.0235 -0.0165 0.3185 0.0235 -0.014 0.3184039 0.0244755 -0.014 0.3181194 0.0254134 -0.014 0.3176573 0.0262779 -0.014 0.3170355 0.0270355 -0.014 0.3162779 0.0276573 -0.014 0.3154134 0.0281194 -0.014 0.3144755 0.0284039 -0.014 0.3135 0.0285 -0.014 0.3105 0.0285 -0.014 0.3095245 0.0284039 -0.014 0.3085866 0.0281194 -0.014 0.3077221 0.0276573 -0.014 0.3069645 0.0270355 -0.014 0.3063427 0.0262779 -0.014 0.3058806 0.0254134 -0.014 0.3055961 0.0244755 -0.014 0.3055 0.0235 -0.014 0.3055 -0.0235 -0.014 0.3055961 -0.0244755 -0.014 0.3058806 -0.0254134 -0.014 0.3063427 -0.0262779 -0.014 0.3069645 -0.0270355 -0.014 0.3077221 -0.0276573 -0.014 0.3085866 -0.0281194 -0.014 0.3095245 -0.0284039 -0.014 0.3105 -0.0285 -0.014 0.3135 -0.0285 -0.014 0.3144755 -0.0284039 -0.014 0.3154134 -0.0281194 -0.014 0.3162779 -0.0276573 -0.014 0.3170355 -0.0270355 -0.014 0.3176573 -0.0262779 -0.014 0.3181194 -0.0254134 -0.014 0.3184039 -0.0244755 -0.014 0.3185 -0.0235 -0.014 0.3185 0.0235 0.02 0.3184039 0.0244755 0.02 0.3181194 0.0254134 0.02 0.3176573 0.0262779 0.02 0.3170355 0.0270355 0.02 0.3162779 0.0276573 0.02 0.3154134 0.0281194 0.02 0.3144755 0.0284039 0.02 0.3135 0.0285 0.02 0.3105 0.0285 0.02 0.3095245 0.0284039 0.02 0.3085866 0.0281194 0.02 0.3077221 0.0276573 0.02 0.3069645 0.0270355 0.02 0.3063427 0.0262779 0.02 0.3058806 0.0254134 0.02 0.3055961 0.0244755 0.02 0.3055 0.0235 0.02 0.3055 -0.0235 0.02 0.3055961 -0.0244755 0.02 0.3058806 -0.0254134 0.02 0.3063427 -0.0262779 0.02 0.3069645 -0.0270355 0.02 0.3077221 -0.0276573 0.02 0.3085866 -0.0281194 0.02 0.3095245 -0.0284039 0.02 0.3105 -0.0285 0.02 0.3135 -0.0285 0.02 0.3144755 -0.0284039 0.02 0.3154134 -0.0281194 0.02 0.3162779 -0.0276573 0.02 0.3170355 -0.0270355 0.02 0.3176573 -0.0262779 0.02 0.3181194 -0.0254134 0.02 0.3184039 -0.0244755 0.02 0.3185 -0.0235 0.02 0.316 0.0235 0.0225 0.315952 0.0239877 0.0225 0.3158097 0.0244567 0.0225 0.3155787 0.0248889 0.0225 0.3152678 0.0252678 0.0225 0.3148889 0.0255787 0.0225 0.3144567 0.0258097 0.0225 0.3139877 0.025952 0.0225 0.3135 0.026 0.0225 0.3105 0.026 0.0225 0.3100123 0.025952 0.0225 0.3095433 0.0258097 0.0225 0.3091111 0.0255787 0.0225 0.3087322 0.0252678 0.0225 0.3084213 0.0248889 0.0225 0.3081903 0.0244567 0.0225 0.308048 0.0239877 0.0225 0.308 0.0235 0.0225 0.308 -0.0235 0.0225 0.308048 -0.0239877 0.0225 0.3081903 -0.0244567 0.0225 0.3084213 -0.0248889 0.0225 0.3087322 -0.0252678 0.0225 0.3091111 -0.0255787 0.0225 0.3095433 -0.0258097 0.0225 0.3100123 -0.025952 0.0225 0.3105 -0.026 0.0225 0.3135 -0.026 0.0225 0.3139877 -0.025952 0.0225 0.3144567 -0.0258097 0.0225 0.3148889 -0.0255787 0.0225 0.3152678 -0.0252678 0.0225 0.3155787 -0.0248889 0.0225 0.3158097 -0.0244567 0.0225 0.315952 -0.0239877 0.0225 0.316 -0.0235 0.0225 0.312 0.0 -0.0165 0.312 0.0 0.0225</float_array>
          <technique_common>
            <accessor source="#mesh6-positions-array" count="146" stride="3">
              <param name="X" type="float" />
              <param name="Y" type="float" />
              <param name="Z" type="float" />
            </accessor>
          </technique_common>
        </source>
        <source id="mesh6-normals">
          <float_array id="mesh6-normals-array" count="438">0.3617513 0.0010757 -0.932274 0.3360334 0.0842143 -0.9380776 0.2437277 0.11531 -0.9629644 0.1797262 0.133327 -0.9746396 0.1309449 0.1445099 -0.9808009 0.0908624 0.1516354 -0.9842514 0.0558201 0.156065 -0.9861683 0.0234905 0.1584895 -0.9870812 0.00111 0.1499083 -0.9886993 -0.0035142 0.1088362 -0.9940535 -0.0389489 0.1554147 -0.9870812 -0.0708839 0.1498254 -0.9861683 -0.1053214 0.1419742 -0.9842514 -0.1445099 0.1309449 -0.9808009 -0.1919563 0.1150233 -0.9746396 -0.2538779 0.090805 -0.9629644 -0.3426818 0.0507905 -0.9380776 -0.4838122 0.000246 -0.8751718 -0.3617513 -0.0010757 -0.932274 -0.3360334 -0.0842143 -0.9380776 -0.2437277 -0.11531 -0.9629644 -0.1797262 -0.133327 -0.9746396 -0.1309449 -0.1445099 -0.9808009 -0.0908624 -0.1516354 -0.9842514 -0.0558201 -0.156065 -0.9861683 -0.0234905 -0.1584895 -0.9870812 -0.00111 -0.1499083 -0.9886993 0.0035142 -0.1088362 -0.9940535 0.0389489 -0.1554147 -0.9870812 0.0708839 -0.1498254 -0.9861683 0.1053214 -0.1419742 -0.9842514 0.1445099 -0.1309449 -0.9808009 0.1919563 -0.1150233 -0.9746396 0.2538779 -0.090805 -0.9629644 0.3426818 -0.0507905 -0.9380776 0.4838122 -0.000246 -0.8751718 0.9922898 0.0035341 -0.1238888 0.9729207 0.2238434 -0.0576152 0.9105566 0.4093497 -0.0576152 0.8132003 0.579125 -0.0576152 0.6845932 0.7266448 -0.0576152 0.5296776 0.84624 -0.0576152 0.3544067 0.9333147 -0.0576152 0.1655163 0.9845227 -0.0576152 0.0145888 0.9988857 -0.0448831 -0.0362767 0.9949675 -0.0934001 -0.2238434 0.9729207 -0.0576152 -0.4093497 0.9105566 -0.0576152 -0.579125 0.8132003 -0.0576152 -0.7266448 0.6845932 -0.0576152 -0.84624 0.5296776 -0.0576152 -0.9333147 0.3544067 -0.0576152 -0.9845227 0.1655163 -0.0576152 -0.9993462 0.0010818 -0.0361394 -0.9922898 -0.0035341 -0.1238888 -0.9729207 -0.2238434 -0.0576152 -0.9105566 -0.4093497 -0.0576152 -0.8132003 -0.579125 -0.0576152 -0.6845932 -0.7266448 -0.0576152 -0.5296776 -0.84624 -0.0576152 -0.3544067 -0.9333147 -0.0576152 -0.1655163 -0.9845227 -0.0576152 -0.0145888 -0.9988857 -0.0448831 0.0362767 -0.9949675 -0.0934001 0.2238434 -0.9729207 -0.0576152 0.4093497 -0.9105566 -0.0576152 0.579125 -0.8132003 -0.0576152 0.7266448 -0.6845932 -0.0576152 0.84624 -0.5296776 -0.0576152 0.9333147 -0.3544067 -0.0576152 0.9845227 -0.1655163 -0.0576152 0.9993462 -0.0010818 -0.0361394 0.9993462 0.0010818 0.0361394 0.9845227 0.1655163 0.0576152 0.9333147 0.3544067 0.0576152 0.84624 0.5296776 0.0576152 0.7266448 0.6845932 0.0576152 0.579125 0.8132003 0.0576152 0.4093497 0.9105566 0.0576152 0.2238434 0.9729207 0.0576152 0.0362767 0.9949675 0.0934001 -0.0145888 0.9988857 0.0448831 -0.1655163 0.9845227 0.0576152 -0.3544067 0.9333147 0.0576152 -0.5296776 0.84624 0.0576152 -0.6845932 0.7266448 0.0576152 -0.8132003 0.579125 0.0576152 -0.9105566 0.4093497 0.0576152 -0.9729207 0.2238434 0.0576152 -0.9922898 0.0035341 0.1238888 -0.9993462 -0.0010818 0.0361394 -0.9845227 -0.1655163 0.0576152 -0.9333147 -0.3544067 0.0576152 -0.84624 -0.5296776 0.0576152 -0.7266448 -0.6845932 0.0576152 -0.579125 -0.8132003 0.0576152 -0.4093497 -0.9105566 0.0576152 -0.2238434 -0.9729207 0.0576152 -0.0362767 -0.9949675 0.0934001 0.0145888 -0.9988857 0.0448831 0.1655163 -0.9845227 0.0576152 0.3544067 -0.9333147 0.0576152 0.5296776 -0.84624 0.0576152 0.6845932 -0.7266448 0.0576152 0.8132003 -0.579125 0.0576152 0.9105566 -0.4093497 0.0576152 0.9729207 -0.2238434 0.0576152 0.9922898 -0.0035341 0.1238888 0.4838122 0.000246 0.8751718 0.3426818 0.0507905 0.9380776 0.2538779 0.090805 0.9629644 0.1919563 0.1150233 0.9746396 0.1445099 0.1309449 0.9808009 0.1053214 0.1419742 0.9842514 0.0708839 0.1498254 0.9861683 0.0389489 0.1554147 0.9870812 0.0035142 0.1088362 0.9940535 -0.00111 0.1499083 0.9886993 -0.0234905 0.1584895 0.9870812 -0.0558201 0.156065 0.9861683 -0.0908624 0.1516354 0.9842514 -0.1309449 0.1445099 0.9808009 -0.1797262 0.133327 0.9746396 -0.2437277 0.11531 0.9629644 -0.3360334 0.0842143 0.9380776 -0.3617513 0.0010757 0.932274 -0.4838122 -0.000246 0.8751718 -0.3426818 -0.0507905 0.9380776 -0.2538779 -0.090805 0.9629644 -0.1919563 -0.1150233 0.9746396 -0.1445099 -0.1309449 0.9808009 -0.1053214 -0.1419742 0.9842514 -0.0708839 -0.1498254 0.9861683 -0.0389489 -0.1554147 0.9870812 -0.0035142 -0.1088362 0.9940535 0.00111 -0.1499083 0.9886993 0.0234905 -0.1584895 0.9870812 0.0558201 -0.156065 0.9861683 0.0908624 -0.1516354 0.9842514 0.1309449 -0.1445099 0.9808009 0.1797262 -0.133327 0.9746396 0.2437277 -0.11531 0.9629644 0.3360334 -0.0842143 0.9380776 0.3617513 -0.0010757 0.932274 -0.0 0.0 -1.0 -0.0 0.0 1.0</float_array>
          <technique_common>
            <accessor source="#mesh6-normals-array" count="146" stride="3">
              <param name="X" type="float" />
              <param name="Y" type="float" />
              <param name="Z" type="float" />
            </accessor>
          </technique_common>
        </source>
        <vertices id="mesh6-vertices">
          <input semantic="POSITION" source="#mesh6-positions" />
        </vertices>
        <triangles count="288" material="alloy">
          <input semantic="VERTEX" source="#mesh6-vertices" offset="0" />
          <input semantic="NORMAL" source="#mesh6-normals" offset="1" />
          <p>0 0 1 1 37 37 0 0 37 37 36 36 1 1 2 2 38 38 1 1 38 38 37 37 2 2 3 3 39 39 2 2 39 39 38 38 3 3 4 4 40 40 3 3 40 40 39 39 4 4 5 5 41 41 4 4 41 41 40 40 5 5 6 6 42 42 5 5 42 42 41 41 6 6 7 7 43 43 6 6 43 43 42 42 7 7 8 8 44 44 7 7 44 44 43 43 8 8 9 9 45 45 8 8 45 45 44 44 9 9 10 10 46 46 9 9 46 46 45 45 10 10 11 11 47 47 10 10 47 47 46 46 11 11 12 12 48 48 11 11 48 48 47 47 12 12 13 13 49 49 12 12 49 49 48 48 13 13 14 14 50 50 13 13 50 50 49 49 14 14 15 15 51 51 14 14 51 51 50 50 15 15 16 16 52 52 15 15 52 52 51 51 16 16 17 17 53 53 16 16 53 53 52 52 17 17 18 18 54 54 17 17 54 54 53 53 18 18 19 19 55 55 18 18 55 55 54 54 19 19 20 20 56 56 19 19 56 56 55 55 20 20 21 21 57 57 20 20 57 57 56 56 21 21 22 22 58 58 21 21 58 58 57 57 22 22 23 23 59 59 22 22 59 59 58 58 23 23 24 24 60 60 23 23 60 60 59 59 24 24 25 25 61 61 24 24 61 61 60 60 25 25 26 26 62 62 25 25 62 62 61 61 26 26 27 27 63 63 26 26 63 63 62 62 27 27 28 28 64 64 27 27 64 64 63 63 28 28 29 29 65 65 28 28 65 65 64 64 29 29 30 30 66 66 29 29 66 66 65 65 30 30 31 31 67 67 30 30 67 67 66 66 31 31 32 32 68 68 31 31 68 68 67 67 32 32 33 33 69 69 32 32 69 69 68 68 33 33 34 34 70 70 33 33 70 70 69 69 34 34 35 35 71 71 34 34 71 71 70 70 35 35 0 0 36 36 35 35 36 36 71 71 36 36 37 37 73 73 36 36 73 73 72 72 37 37 38 38 74 74 37 37 74 74 73 73 38 38 39 39 75 75 38 38 75 75 74 74 39 39 40 40 76 76 39 39 76 76 75 75 40 40 41 41 77 77 40 40 77 77 76 76 41 41 42 42 78 78 41 41 78 78 77 77 42 42 43 43 79 79 42 42 79 79 78 78 43 43 44 44 80 80 43 43 80 80 79 79 44 44 45 45 81 81 44 44 81 81 80 80 45 45 46 46 82 82 45 45 82 82 81 81 46 46 47 47 83 83 46 46 83 83 82 82 47 47 48 48 84 84 47 47 84 84 83 83 48 48 49 49 85 85 48 48 85 85 84 84 49 49 50 50 86 86 49 49 86 86 85 85 50 50 51 51 87 87 50 50 87 87 86 86 51 51 52 52 88 88 51 51 88 88 87 87 52 52 53 53 89 89 52 52 89 89 88 88 53 53 54 54 90 90 53 53 90 90 89 89 54 54 55 55 91 91 54 54 91 91 90 90 55 55 56 56 92 92 55 55 92 92 91 91 56 56 57 57 93 93 56 56 93 93 92 92 57 57 58 58 94 94 57 57 94 94 93 93 58 58 59 59 95 95 58 58 95 95 94 94 59 59 60 60 96 96 59 59 96 96 95 95 60 60 61 61 97 97 60 60 97 97 96 96 61 61 62 62 98 98 61 61 98 98 97 97 62 62 63 63 99 99 62 62 99 99 98 98 63 63 64 64 100 100 63 63 100 100 99 99 64 64 65 65 101 101 64 64 101 101 100 100 65 65 66 66 102 102 65 65 102 102 101 101 66 66 67 67 103 103 66 66 103 103 102 102 67 67 68 68 104 104 67 67 104 104 103 103 68 68 69 69 105 105 68 68 105 105 104 104 69 69 70 70 106 106 69 69 106 106 105 105 70 70 71 71 107 107 70 70 107 107 106 106 71 71 36 36 72 72 71 71 72 72 107 107 72 72 73 73 109 109 72 72 109 109 108 108 73 73 74 74 110 110 73 73 110 110 109 109 74 74 75 75 111 111 74 74 111 111 110 110 75 75 76 76 112 112 75 75 112 112 111 111 76 76 77 77 113 113 76 76 113 113 112 112 77 77 78 78 114 114 77 77 114 114 113 113 78 78 79 79 115 115 78 78 115 115 114 114 79 79 80 80 116 116 79 79 116 116 115 115 80 80 81 81 117 117 80 80 117 117 116 116 81 81 82 82 118 118 81 81 118 118 117 117 82 82 83 83 119 119 82 82 119 119 118 118 83 83 84 84 120 120 83 83 120 120 119 119 84 84 85 85 121 121 84 84 121 121 120 120 85 85 86 86 122 122 85 85 122 122 121 121 86 86 87 87 123 123 86 86 123 123 122 122 87 87 88 88 124 124 87 87 124 124 123 123 88 88 89 89 125 125 88 88 125 125 124 124 89 89 90 90 126 126 89 89 126 126 125 125 90 90 91 91 127 127 90 90 127 127 126 126 91 91 92 92 128 128 91 91 128 128 127 127 92 92 93 93 129 129 92 92 129 129 128 128 93 93 94 94 130 130 93 93 130 130 129 129 94 94 95 95 131 131 94 94 131 131 130 130 95 95 96 96 132 132 95 95 132 132 131 131 96 96 97 97 133 133 96 96 133 133 132 132 97 97 98 98 134 134 97 97 134 134 133 133 98 98 99 99 135 135 98 98 135 135 134 134 99 99 100 100 136 136 99 99 136 136 135 135 100 100 101 101 137 137 100 100 137 137 136 136 101 101 102 102 138 138 101 101 138 138 137 137 102 102 103 103 139 139 102 102 139 139 138 138 103 103 104 104 140 140 103 103 140 140 139 139 104 104 105 105 141 141 104 104 141 141 140 140 105 105 106 106 142 142 105 105 142 142 141 141 106 106 107 107 143 143 106 106 143 143 142 142 107 107 72 72 108 108 107 107 108 108 143 143 144 144 1 1 0 0 144 144 2 2 1 1 144 144 3 3 2 2 144 144 4 4 3 3 144 144 5 5 4 4 144 144 6 6 5 5 144 144 7 7 6 6 144 144 8 8 7 7 144 144 9 9 8 8 144 144 10 10 9 9 144 144 11 11 10 10 144 144 12 12 11 11 144 144 13 13 12 12 144 144 14 14 13 13 144 144 15 15 14 14 144 144 16 16 15 15 144 144 17 17 16 16 144 144 18 18 17 17 144 144 19 19 18 18 144 144 20 20 19 19 144 144 21 21 20 20 144 144 22 22 21 21 144 144 23 23 22 22 144 144 24 24 23 23 144 144 25 25 24 24 144 144 26 26 25 25 144 144 27 27 26 26 144 144 28 28 27 27 144 144 29 29 28 28 144 144 30 30 29 29 144 144 31 31 30 30 144 144 32 32 31 31 144 144 33 33 32 32 144 144 34 34 33 33 144 144 35 35 34 34 144 144 0 0 35 35 145 145 108 108 109 109 145 145 109 109 110 110 145 145 110 110 111 111 145 145 111 111 112 112 145 145 112 112 113 113 145 145 113 113 114 114 145 145 114 114 115 115 145 145 115 115 116 116 145 145 116 116 117 117 145 145 117 117 118 118 145 145 118 118 119 119 145 145 119 119 120 120 145 145 120 120 121 121 145 145 121 121 122 122 145 145 122 122 123 123 145 145 123 123 124 124 145 145 124 124 125 125 145 145 125 125 126 126 145 145 126 126 127 127 145 145 127 127 128 128 145 145 128 128 129 129 145 145 129 129 130 130 145 145 130 130 131 131 145 145 131 131 132 132 145 145 132 132 133 133 145 145 133 133 134 134 145 145 134 134 135 135 145 145 135 135 136 136 145 145 136 136 137 137 145 145 137 137 138 138 145 145 138 138 139 139 145 145 139 139 140 140 145 145 140 140 141 141 145 145 141 141 142 142 145 145 142 142 143 143 145 145 143 143 108 108</p>
        </triangles>
      </mesh>
    </geometry>
  </library_geometries>
  <library_visual_scenes>
    <visual_scene id="Scene">
      <node id="mesh0-node">
        <instance_geometry url="#mesh0">
          <bind_material>
            <technique_common>
              <instance_material symbol="graphite" target="#graphite" />
            </technique_common>
          </bind_material>
        </instance_geometry>
      </node>
      <node id="mesh1-node">
        <instance_geometry url="#mesh1">
          <bind_material>
            <technique_common>
              <instance_material symbol="shell" target="#shell" />
            </technique_common>
          </bind_material>
        </instance_geometry>
      </node>
      <node id="mesh2-node">
        <instance_geometry url="#mesh2">
          <bind_material>
            <technique_common>
              <instance_material symbol="alloy" target="#alloy" />
            </technique_common>
          </bind_material>
        </instance_geometry>
      </node>
      <node id="mesh3-node">
        <instance_geometry url="#mesh3">
          <bind_material>
            <technique_common>
              <instance_material symbol="shell" target="#shell" />
            </technique_common>
          </bind_material>
        </instance_geometry>
      </node>
      <node id="mesh4-node">
        <instance_geometry url="#mesh4">
          <bind_material>
            <technique_common>
              <instance_material symbol="graphite" target="#graphite" />
            </technique_common>
          </bind_material>
        </instance_geometry>
      </node>
      <node id="mesh5-node">
        <instance_geometry url="#mesh5">
          <bind_material>
            <technique_common>
              <instance_material symbol="graphite" target="#graphite" />
            </technique_common>
          </bind_material>
        </instance_geometry>
      </node>
      <node id="mesh6-node">
        <instance_geometry url="#mesh6">
          <bind_material>
            <technique_common>
              <instance_material symbol="alloy" target="#alloy" />
            </technique_common>
          </bind_material>
        </instance_geometry>
      </node>
    </visual_scene>
  </library_visual_scenes>
  <scene>
    <instance_visual_scene url="#Scene" />
  </scene>
</COLLADA>