<?xml version='1.0' encoding='utf-8'?>
<COLLADA xmlns="http://www.collada.org/2005/11/COLLADASchema" version="1.4.1">
  <asset>
    <unit name="meter" meter="1" />
    <up_axis>Z_UP</up_axis>
  </asset>
  <library_effects>
    <effect id="shell-effect">
      <profile_COMMON>
        <technique sid="common">
          <phong>
            <ambient>
              <color>0.92549 0.933333 0.941176 1</color>
            </ambient>
            <diffuse>
              <color>0.92549 0.933333 0.941176 1</color>
            </diffuse>
            <specular>
              <color>0.22 0.22 0.22 1</color>
            </specular>
            <shininess>
              <float>45</float>
            </shininess>
          </phong>
        </technique>
      </profile_COMMON>
    </effect>
    <effect id="graphite-effect">
      <profile_COMMON>
        <technique sid="common">
          <phong>
            <ambient>
              <color>0.137255 0.172549 0.192157 1</color>
            </ambient>
            <diffuse>
              <color>0.137255 0.172549 0.192157 1</color>
            </diffuse>
            <specular>
              <color>0.22 0.22 0.22 1</color>
            </specular>
            <shininess>
              <float>45</float>
            </shininess>
          </phong>
        </technique>
      </profile_COMMON>
    </effect>
    <effect id="rubber-effect">
      <profile_COMMON>
        <technique sid="common">
          <phong>
            <ambient>
              <color>0.086275 0.113725 0.129412 1</color>
            </ambient>
            <diffuse>
              <color>0.086275 0.113725 0.129412 1</color>
            </diffuse>
            <specular>
              <color>0.22 0.22 0.22 1</color>
            </specular>
            <shininess>
              <float>45</float>
            </shininess>
          </phong>
        </technique>
      </profile_COMMON>
    </effect>
    <effect id="glass-effect">
      <profile_COMMON>
        <technique sid="common">
          <phong>
            <ambient>
              <color>0.054902 0.12549 0.164706 1</color>
            </ambient>
            <diffuse>
              <color>0.054902 0.12549 0.164706 1</color>
            </diffuse>
            <specular>
              <color>0.22 0.22 0.22 1</color>
            </specular>
            <shininess>
              <float>45</float>
            </shininess>
          </phong>
        </technique>
      </profile_COMMON>
    </effect>
    <effect id="alloy-effect">
      <profile_COMMON>
        <technique sid="common">
          <phong>
            <ambient>
              <color>0.54902 0.615686 0.647059 1</color>
            </ambient>
            <diffuse>
              <color>0.54902 0.615686 0.647059 1</color>
            </diffuse>
            <specular>
              <color>0.22 0.22 0.22 1</color>
            </specular>
            <shininess>
              <float>45</float>
            </shininess>
          </phong>
        </technique>
      </profile_COMMON>
    </effect>
    <effect id="signal-effect">
      <profile_COMMON>
        <technique sid="common">
          <phong>
            <ambient>
              <color>0.439216 0.847059 0.819608 1</color>
            </ambient>
            <diffuse>
              <color>0.439216 0.847059 0.819608 1</color>
            </diffuse>
            <specular>
              <color>0.22 0.22 0.22 1</color>
            </specular>
            <shininess>
              <float>45</float>
            </shininess>
          </phong>
        </technique>
      </profile_COMMON>
    </effect>
  </library_effects>
  <library_materials>
    <material id="shell">
      <instance_effect url="#shell-effect" />
    </material>
    <material id="graphite">
      <instance_effect url="#graphite-effect" />
    </material>
    <material id="rubber">
      <instance_effect url="#rubber-effect" />
    </material>
    <material id="glass">
      <instance_effect url="#glass-effect" />
    </material>
    <material id="alloy">
      <instance_effect url="#alloy-effect" />
    </material>
    <material id="signal">
      <instance_effect url="#signal-effect" />
    </material>
  </library_materials>
  <library_geometries>
    <geometry id="mesh0">
      <mesh>
        <source id="mesh0-positions">
          <float_array id="mesh0-positions-array" count="774">0.095 0.0 -0.0205 0.0945425 0.0093116 -0.0205 0.0931746 0.0185336 -0.0205 0.0909093 0.027577 -0.0205 0.0877686 0.0363549 -0.0205 0.0837825 0.0447827 -0.0205 0.0789896 0.0527792 -0.0205 0.073436 0.0602674 -0.0205 0.0671751 0.0671751 -0.0205 0.0602674 0.073436 -0.0205 0.0527792 0.0789896 -0.0205 0.0447827 0.0837825 -0.0205 0.0363549 0.0877686 -0.0205 0.027577 0.0909093 -0.0205 0.0185336 0.0931746 -0.0205 0.0093116 0.0945425 -0.0205 0.0 0.095 -0.0205 -0.0093116 0.0945425 -0.0205 -0.0185336 0.0931746 -0.0205 -0.027577 0.0909093 -0.0205 -0.0363549 0.0877686 -0.0205 -0.0447827 0.0837825 -0.0205 -0.0527792 0.0789896 -0.0205 -0.0602674 0.073436 -0.0205 -0.0671751 0.0671751 -0.0205 -0.073436 0.0602674 -0.0205 -0.0789896 0.0527792 -0.0205 -0.0837825 0.0447827 -0.0205 -0.0877686 0.0363549 -0.0205 -0.0909093 0.027577 -0.0205 -0.0931746 0.0185336 -0.0205 -0.0945425 0.0093116 -0.0205 -0.095 0.0 -0.0205 -0.0945425 -0.0093116 -0.0205 -0.0931746 -0.0185336 -0.0205 -0.0909093 -0.027577 -0.0205 -0.0877686 -0.0363549 -0.0205 -0.0837825 -0.0447827 -0.0205 -0.0789896 -0.0527792 -0.0205 -0.073436 -0.0602674 -0.0205 -0.0671751 -0.0671751 -0.0205 -0.0602674 -0.073436 -0.0205 -0.0527792 -0.0789896 -0.0205 -0.0447827 -0.0837825 -0.0205 -0.0363549 -0.0877686 -0.0205 -0.027577 -0.0909093 -0.0205 -0.0185336 -0.0931746 -0.0205 -0.0093116 -0.0945425 -0.0205 -0.0 -0.095 -0.0205 0.0093116 -0.0945425 -0.0205 0.0185336 -0.0931746 -0.0205 0.027577 -0.0909093 -0.0205 0.0363549 -0.0877686 -0.0205 0.0447827 -0.0837825 -0.0205 0.0527792 -0.0789896 -0.0205 0.0602674 -0.073436 -0.0205 0.0671751 -0.0671751 -0.0205 0.073436 -0.0602674 -0.0205 0.0789896 -0.0527792 -0.0205 0.0837825 -0.0447827 -0.0205 0.0877686 -0.0363549 -0.0205 0.0909093 -0.027577 -0.0205 0.0931746 -0.0185336 -0.0205 0.0945425 -0.0093116 -0.0205 0.1 0.0 -0.0155 0.0995185 0.0098017 -0.0155 0.0980785 0.019509 -0.0155 0.095694 0.0290285 -0.0155 0.092388 0.0382683 -0.0155 0.0881921 0.0471397 -0.0155 0.083147 0.055557 -0.0155 0.077301 0.0634393 -0.0155 0.0707107 0.0707107 -0.0155 0.0634393 0.077301 -0.0155 0.055557 0.083147 -0.0155 0.0471397 0.0881921 -0.0155 0.0382683 0.092388 -0.0155 0.0290285 0.095694 -0.0155 0.019509 0.0980785 -0.0155 0.0098017 0.0995185 -0.0155 0.0 0.1 -0.0155 -0.0098017 0.0995185 -0.0155 -0.019509 0.0980785 -0.0155 -0.0290285 0.095694 -0.0155 -0.0382683 0.092388 -0.0155 -0.0471397 0.0881921 -0.0155 -0.055557 0.083147 -0.0155 -0.0634393 0.077301 -0.0155 -0.0707107 0.0707107 -0.0155 -0.077301 0.0634393 -0.0155 -0.083147 0.055557 -0.0155 -0.0881921 0.0471397 -0.0155 -0.092388 0.0382683 -0.0155 -0.095694 0.0290285 -0.0155 -0.0980785 0.019509 -0.0155 -0.0995185 0.0098017 -0.0155 -0.1 0.0 -0.0155 -0.0995185 -0.0098017 -0.0155 -0.0980785 -0.019509 -0.0155 -0.095694 -0.0290285 -0.0155 -0.092388 -0.0382683 -0.0155 -0.0881921 -0.0471397 -0.0155 -0.083147 -0.055557 -0.0155 -0.077301 -0.0634393 -0.0155 -0.0707107 -0.0707107 -0.0155 -0.0634393 -0.077301 -0.0155 -0.055557 -0.083147 -0.0155 -0.0471397 -0.0881921 -0.0155 -0.0382683 -0.092388 -0.0155 -0.0290285 -0.095694 -0.0155 -0.019509 -0.0980785 -0.0155 -0.0098017 -0.0995185 -0.0155 -0.0 -0.1 -0.0155 0.0098017 -0.0995185 -0.0155 0.019509 -0.0980785 -0.0155 0.0290285 -0.095694 -0.0155 0.0382683 -0.092388 -0.0155 0.0471397 -0.0881921 -0.0155 0.055557 -0.083147 -0.0155 0.0634393 -0.077301 -0.0155 0.0707107 -0.0707107 -0.0155 0.077301 -0.0634393 -0.0155 0.083147 -0.055557 -0.0155 0.0881921 -0.0471397 -0.0155 0.092388 -0.0382683 -0.0155 0.095694 -0.0290285 -0.0155 0.0980785 -0.019509 -0.0155 0.0995185 -0.0098017 -0.0155 0.1 0.0 0.0155 0.0995185 0.0098017 0.0155 0.0980785 0.019509 0.0155 0.095694 0.0290285 0.0155 0.092388 0.0382683 0.0155 0.0881921 0.0471397 0.0155 0.083147 0.055557 0.0155 0.077301 0.0634393 0.0155 0.0707107 0.0707107 0.0155 0.0634393 0.077301 0.0155 0.055557 0.083147 0.0155 0.0471397 0.0881921 0.0155 0.0382683 0.092388 0.0155 0.0290285 0.095694 0.0155 0.019509 0.0980785 0.0155 0.0098017 0.0995185 0.0155 0.0 0.1 0.0155 -0.0098017 0.0995185 0.0155 -0.019509 0.0980785 0.0155 -0.0290285 0.095694 0.0155 -0.0382683 0.092388 0.0155 -0.0471397 0.0881921 0.0155 -0.055557 0.083147 0.0155 -0.0634393 0.077301 0.0155 -0.0707107 0.0707107 0.0155 -0.077301 0.0634393 0.0155 -0.083147 0.055557 0.0155 -0.0881921 0.0471397 0.0155 -0.092388 0.0382683 0.0155 -0.095694 0.0290285 0.0155 -0.0980785 0.019509 0.0155 -0.0995185 0.0098017 0.0155 -0.1 0.0 0.0155 -0.0995185 -0.0098017 0.0155 -0.0980785 -0.019509 0.0155 -0.095694 -0.0290285 0.0155 -0.092388 -0.0382683 0.0155 -0.0881921 -0.0471397 0.0155 -0.083147 -0.055557 0.0155 -0.077301 -0.0634393 0.0155 -0.0707107 -0.0707107 0.0155 -0.0634393 -0.077301 0.0155 -0.055557 -0.083147 0.0155 -0.0471397 -0.0881921 0.0155 -0.0382683 -0.092388 0.0155 -0.0290285 -0.095694 0.0155 -0.019509 -0.0980785 0.0155 -0.0098017 -0.0995185 0.0155 -0.0 -0.1 0.0155 0.0098017 -0.0995185 0.0155 0.019509 -0.0980785 0.0155 0.0290285 -0.095694 0.0155 0.0382683 -0.092388 0.0155 0.0471397 -0.0881921 0.0155 0.055557 -0.083147 0.0155 0.0634393 -0.077301 0.0155 0.0707107 -0.0707107 0.0155 0.077301 -0.0634393 0.0155 0.083147 -0.055557 0.0155 0.0881921 -0.0471397 0.0155 0.092388 -0.0382683 0.0155 0.095694 -0.0290285 0.0155 0.0980785 -0.019509 0.0155 0.0995185 -0.0098017 0.0155 0.095 0.0 0.0205 0.0945425 0.0093116 0.0205 0.0931746 0.0185336 0.0205 0.0909093 0.027577 0.0205 0.0877686 0.0363549 0.0205 0.0837825 0.0447827 0.0205 0.0789896 0.0527792 0.0205 0.073436 0.0602674 0.0205 0.0671751 0.0671751 0.0205 0.0602674 0.073436 0.0205 0.0527792 0.0789896 0.0205 0.0447827 0.0837825 0.0205 0.0363549 0.0877686 0.0205 0.027577 0.0909093 0.0205 0.0185336 0.0931746 0.0205 0.0093116 0.0945425 0.0205 0.0 0.095 0.0205 -0.0093116 0.0945425 0.0205 -0.0185336 0.0931746 0.0205 -0.027577 0.0909093 0.0205 -0.0363549 0.0877686 0.0205 -0.0447827 0.0837825 0.0205 -0.0527792 0.0789896 0.0205 -0.0602674 0.073436 0.0205 -0.0671751 0.0671751 0.0205 -0.073436 0.0602674 0.0205 -0.0789896 0.0527792 0.0205 -0.0837825 0.0447827 0.0205 -0.0877686 0.0363549 0.0205 -0.0909093 0.027577 0.0205 -0.0931746 0.0185336 0.0205 -0.0945425 0.0093116 0.0205 -0.095 0.0 0.0205 -0.0945425 -0.0093116 0.0205 -0.0931746 -0.0185336 0.0205 -0.0909093 -0.027577 0.0205 -0.0877686 -0.0363549 0.0205 -0.0837825 -0.0447827 0.0205 -0.0789896 -0.0527792 0.0205 -0.073436 -0.0602674 0.0205 -0.0671751 -0.0671751 0.0205 -0.0602674 -0.073436 0.0205 -0.0527792 -0.0789896 0.0205 -0.0447827 -0.0837825 0.0205 -0.0363549 -0.0877686 0.0205 -0.027577 -0.0909093 0.0205 -0.0185336 -0.0931746 0.0205 -0.0093116 -0.0945425 0.0205 -0.0 -0.095 0.0205 0.0093116 -0.0945425 0.0205 0.0185336 -0.0931746 0.0205 0.027577 -0.0909093 0.0205 0.0363549 -0.0877686 0.0205 0.0447827 -0.0837825 0.0205 0.0527792 -0.0789896 0.0205 0.0602674 -0.073436 0.0205 0.0671751 -0.0671751 0.0205 0.073436 -0.0602674 0.0205 0.0789896 -0.0527792 0.0205 0.0837825 -0.0447827 0.0205 0.0877686 -0.0363549 0.0205 0.0909093 -0.027577 0.0205 0.0931746 -0.0185336 0.0205 0.0945425 -0.0093116 0.0205 -0.0 0.0 -0.0205 -0.0 0.0 0.0205</float_array>
          <technique_common>
            <accessor source="#mesh0-positions-array" count="258" stride="3">
              <param name="X" type="float" />
              <param name="Y" type="float" />
              <param name="Z" type="float" />
            </accessor>
          </technique_common>
        </source>
        <source id="mesh0-normals">
          <float_array id="mesh0-normals-array" count="774">0.0741542 0.0012562 -0.997246 0.073674 0.0085185 -0.997246 0.0724843 0.0156988 -0.997246 0.0705965 0.0227279 -0.997246 0.0680288 0.0295382 -0.997246 0.064806 0.0360639 -0.997246 0.0609591 0.0422423 -0.997246 0.056525 0.048014 -0.997246 0.0515467 0.0533232 -0.997246 0.0460719 0.0581189 -0.997246 0.0401534 0.0623549 -0.997246 0.0338482 0.0659903 -0.997246 0.027217 0.0689903 -0.997246 0.0203237 0.0713258 -0.997246 0.0132347 0.0729744 -0.997246 0.0060182 0.0739202 -0.997246 -0.0012562 0.0741542 -0.997246 -0.0085185 0.073674 -0.997246 -0.0156988 0.0724843 -0.997246 -0.0227279 0.0705965 -0.997246 -0.0295382 0.0680288 -0.997246 -0.0360639 0.064806 -0.997246 -0.0422423 0.0609591 -0.997246 -0.048014 0.056525 -0.997246 -0.0533232 0.0515467 -0.997246 -0.0581189 0.0460719 -0.997246 -0.0623549 0.0401534 -0.997246 -0.0659903 0.0338482 -0.997246 -0.0689903 0.027217 -0.997246 -0.0713258 0.0203237 -0.997246 -0.0729744 0.0132347 -0.997246 -0.0739202 0.0060182 -0.997246 -0.0741542 -0.0012562 -0.997246 -0.073674 -0.0085185 -0.997246 -0.0724843 -0.0156988 -0.997246 -0.0705965 -0.0227279 -0.997246 -0.0680288 -0.0295382 -0.997246 -0.064806 -0.0360639 -0.997246 -0.0609591 -0.0422423 -0.997246 -0.056525 -0.048014 -0.997246 -0.0515467 -0.0533232 -0.997246 -0.0460719 -0.0581189 -0.997246 -0.0401534 -0.0623549 -0.997246 -0.0338482 -0.0659903 -0.997246 -0.027217 -0.0689903 -0.997246 -0.0203237 -0.0713258 -0.997246 -0.0132347 -0.0729744 -0.997246 -0.0060182 -0.0739202 -0.997246 0.0012562 -0.0741542 -0.997246 0.0085185 -0.073674 -0.997246 0.0156988 -0.0724843 -0.997246 0.0227279 -0.0705965 -0.997246 0.0295382 -0.0680288 -0.997246 0.0360639 -0.064806 -0.997246 0.0422423 -0.0609591 -0.997246 0.048014 -0.056525 -0.997246 0.0533232 -0.0515467 -0.997246 0.0581189 -0.0460719 -0.997246 0.0623549 -0.0401534 -0.997246 0.0659903 -0.0338482 -0.997246 0.0689903 -0.027217 -0.997246 0.0713258 -0.0203237 -0.997246 0.0729744 -0.0132347 -0.997246 0.0739202 -0.0060182 -0.997246 0.9906904 0.0118568 -0.1356166 0.9847578 0.1089044 -0.1356166 0.9693415 0.2049031 -0.1356166 0.9445898 0.2989285 -0.1356166 0.9107412 0.3900751 -0.1356166 0.8681217 0.477465 -0.1356166 0.8171417 0.5602567 -0.1356166 0.7582922 0.6376528 -0.1356166 0.6921399 0.708908 -0.1356166 0.6193219 0.773336 -0.1356166 0.5405395 0.8303163 -0.1356166 0.4565514 0.8793002 -0.1356166 0.3681665 0.919816 -0.1356166 0.276236 0.9514735 -0.1356166 0.1816451 0.9739678 -0.1356166 0.0853049 0.9870822 -0.1356166 -0.0118568 0.9906904 -0.1356166 -0.1089044 0.9847578 -0.1356166 -0.2049031 0.9693415 -0.1356166 -0.2989285 0.9445898 -0.1356166 -0.3900751 0.9107412 -0.1356166 -0.477465 0.8681217 -0.1356166 -0.5602567 0.8171417 -0.1356166 -0.6376528 0.7582922 -0.1356166 -0.708908 0.6921399 -0.1356166 -0.773336 0.6193219 -0.1356166 -0.8303163 0.5405395 -0.1356166 -0.8793002 0.4565514 -0.1356166 -0.919816 0.3681665 -0.1356166 -0.9514735 0.276236 -0.1356166 -0.9739678 0.1816451 -0.1356166 -0.9870822 0.0853049 -0.1356166 -0.9906904 -0.0118568 -0.1356166 -0.9847578 -0.1089044 -0.1356166 -0.9693415 -0.2049031 -0.1356166 -0.9445898 -0.2989285 -0.1356166 -0.9107412 -0.3900751 -0.1356166 -0.8681217 -0.477465 -0.1356166 -0.8171417 -0.5602567 -0.1356166 -0.7582922 -0.6376528 -0.1356166 -0.6921399 -0.708908 -0.1356166 -0.6193219 -0.773336 -0.1356166 -0.5405395 -0.8303163 -0.1356166 -0.4565514 -0.8793002 -0.1356166 -0.3681665 -0.919816 -0.1356166 -0.276236 -0.9514735 -0.1356166 -0.1816451 -0.9739678 -0.1356166 -0.0853049 -0.9870822 -0.1356166 0.0118568 -0.9906904 -0.1356166 0.1089044 -0.9847578 -0.1356166 0.2049031 -0.9693415 -0.1356166 0.2989285 -0.9445898 -0.1356166 0.3900751 -0.9107412 -0.1356166 0.477465 -0.8681217 -0.1356166 0.5602567 -0.8171417 -0.1356166 0.6376528 -0.7582922 -0.1356166 0.708908 -0.6921399 -0.1356166 0.773336 -0.6193219 -0.1356166 0.8303163 -0.5405395 -0.1356166 0.8793002 -0.4565514 -0.1356166 0.919816 -0.3681665 -0.1356166 0.9514735 -0.276236 -0.1356166 0.9739678 -0.1816451 -0.1356166 0.9870822 -0.0853049 -0.1356166 0.9906904 -0.0118568 0.1356166 0.9870822 0.0853049 0.1356166 0.9739678 0.1816451 0.1356166 0.9514735 0.276236 0.1356166 0.919816 0.3681665 0.1356166 0.8793002 0.4565514 0.1356166 0.8303163 0.5405395 0.1356166 0.773336 0.6193219 0.1356166 0.708908 0.6921399 0.1356166 0.6376528 0.7582922 0.1356166 0.5602567 0.8171417 0.1356166 0.477465 0.8681217 0.1356166 0.3900751 0.9107412 0.1356166 0.2989285 0.9445898 0.1356166 0.2049031 0.9693415 0.1356166 0.1089044 0.9847578 0.1356166 0.0118568 0.9906904 0.1356166 -0.0853049 0.9870822 0.1356166 -0.1816451 0.9739678 0.1356166 -0.276236 0.9514735 0.1356166 -0.3681665 0.919816 0.1356166 -0.4565514 0.8793002 0.1356166 -0.5405395 0.8303163 0.1356166 -0.6193219 0.773336 0.1356166 -0.6921399 0.708908 0.1356166 -0.7582922 0.6376528 0.1356166 -0.8171417 0.5602567 0.1356166 -0.8681217 0.477465 0.1356166 -0.9107412 0.3900751 0.1356166 -0.9445898 0.2989285 0.1356166 -0.9693415 0.2049031 0.1356166 -0.9847578 0.1089044 0.1356166 -0.9906904 0.0118568 0.1356166 -0.9870822 -0.0853049 0.1356166 -0.9739678 -0.1816451 0.1356166 -0.9514735 -0.276236 0.1356166 -0.919816 -0.3681665 0.1356166 -0.8793002 -0.4565514 0.1356166 -0.8303163 -0.5405395 0.1356166 -0.773336 -0.6193219 0.1356166 -0.708908 -0.6921399 0.1356166 -0.6376528 -0.7582922 0.1356166 -0.5602567 -0.8171417 0.1356166 -0.477465 -0.8681217 0.1356166 -0.3900751 -0.9107412 0.1356166 -0.2989285 -0.9445898 0.1356166 -0.2049031 -0.9693415 0.1356166 -0.1089044 -0.9847578 0.1356166 -0.0118568 -0.9906904 0.1356166 0.0853049 -0.9870822 0.1356166 0.1816451 -0.9739678 0.1356166 0.276236 -0.9514735 0.1356166 0.3681665 -0.919816 0.1356166 0.4565514 -0.8793002 0.1356166 0.5405395 -0.8303163 0.1356166 0.6193219 -0.773336 0.1356166 0.6921399 -0.708908 0.1356166 0.7582922 -0.6376528 0.1356166 0.8171417 -0.5602567 0.1356166 0.8681217 -0.477465 0.1356166 0.9107412 -0.3900751 0.1356166 0.9445898 -0.2989285 0.1356166 0.9693415 -0.2049031 0.1356166 0.9847578 -0.1089044 0.1356166 0.0741542 -0.0012562 0.997246 0.0739202 0.0060182 0.997246 0.0729744 0.0132347 0.997246 0.0713258 0.0203237 0.997246 0.0689903 0.027217 0.997246 0.0659903 0.0338482 0.997246 0.0623549 0.0401534 0.997246 0.0581189 0.0460719 0.997246 0.0533232 0.0515467 0.997246 0.048014 0.056525 0.997246 0.0422423 0.0609591 0.997246 0.0360639 0.064806 0.997246 0.0295382 0.0680288 0.997246 0.0227279 0.0705965 0.997246 0.0156988 0.0724843 0.997246 0.0085185 0.073674 0.997246 0.0012562 0.0741542 0.997246 -0.0060182 0.0739202 0.997246 -0.0132347 0.0729744 0.997246 -0.0203237 0.0713258 0.997246 -0.027217 0.0689903 0.997246 -0.0338482 0.0659903 0.997246 -0.0401534 0.0623549 0.997246 -0.0460719 0.0581189 0.997246 -0.0515467 0.0533232 0.997246 -0.056525 0.048014 0.997246 -0.0609591 0.0422423 0.997246 -0.064806 0.0360639 0.997246 -0.0680288 0.0295382 0.997246 -0.0705965 0.0227279 0.997246 -0.0724843 0.0156988 0.997246 -0.073674 0.0085185 0.997246 -0.0741542 0.0012562 0.997246 -0.0739202 -0.0060182 0.997246 -0.0729744 -0.0132347 0.997246 -0.0713258 -0.0203237 0.997246 -0.0689903 -0.027217 0.997246 -0.0659903 -0.0338482 0.997246 -0.0623549 -0.0401534 0.997246 -0.0581189 -0.0460719 0.997246 -0.0533232 -0.0515467 0.997246 -0.048014 -0.056525 0.997246 -0.0422423 -0.0609591 0.997246 -0.0360639 -0.064806 0.997246 -0.0295382 -0.0680288 0.997246 -0.0227279 -0.0705965 0.997246 -0.0156988 -0.0724843 0.997246 -0.0085185 -0.073674 0.997246 -0.0012562 -0.0741542 0.997246 0.0060182 -0.0739202 0.997246 0.0132347 -0.0729744 0.997246 0.0203237 -0.0713258 0.997246 0.027217 -0.0689903 0.997246 0.0338482 -0.0659903 0.997246 0.0401534 -0.0623549 0.997246 0.0460719 -0.0581189 0.997246 0.0515467 -0.0533232 0.997246 0.056525 -0.048014 0.997246 0.0609591 -0.0422423 0.997246 0.064806 -0.0360639 0.997246 0.0680288 -0.0295382 0.997246 0.0705965 -0.0227279 0.997246 0.0724843 -0.0156988 0.997246 0.073674 -0.0085185 0.997246 0.0 -0.0 -1.0 0.0 -0.0 1.0</float_array>
          <technique_common>
            <accessor source="#mesh0-normals-array" count="258" stride="3">
              <param name="X" type="float" />
              <param name="Y" type="float" />
              <param name="Z" type="float" />
            </accessor>
          </technique_common>
        </source>
        <vertices id="mesh0-vertices">
          <input semantic="POSITION" source="#mesh0-positions" />
        </vertices>
        <triangles count="512" material="rubber">
          <input semantic="VERTEX" source="#mesh0-vertices" offset="0" />
          <input semantic="NORMAL" source="#mesh0-normals" offset="1" />
          <p>0 0 1 1 65 65 0 0 65 65 64 64 1 1 2 2 66 66 1 1 66 66 65 65 2 2 3 3 67 67 2 2 67 67 66 66 3 3 4 4 68 68 3 3 68 68 67 67 4 4 5 5 69 69 4 4 69 69 68 68 5 5 6 6 70 70 5 5 70 70 69 69 6 6 7 7 71 71 6 6 71 71 70 70 7 7 8 8 72 72 7 7 72 72 71 71 8 8 9 9 73 73 8 8 73 73 72 72 9 9 10 10 74 74 9 9 74 74 73 73 10 10 11 11 75 75 10 10 75 75 74 74 11 11 12 12 76 76 11 11 76 76 75 75 12 12 13 13 77 77 12 12 77 77 76 76 13 13 14 14 78 78 13 13 78 78 77 77 14 14 15 15 79 79 14 14 79 79 78 78 15 15 16 16 80 80 15 15 80 80 79 79 16 16 17 17 81 81 16 16 81 81 80 80 17 17 18 18 82 82 17 17 82 82 81 81 18 18 19 19 83 83 18 18 83 83 82 82 19 19 20 20 84 84 19 19 84 84 83 83 20 20 21 21 85 85 20 20 85 85 84 84 21 21 22 22 86 86 21 21 86 86 85 85 22 22 23 23 87 87 22 22 87 87 86 86 23 23 24 24 88 88 23 23 88 88 87 87 24 24 25 25 89 89 24 24 89 89 88 88 25 25 26 26 90 90 25 25 90 90 89 89 26 26 27 27 91 91 26 26 91 91 90 90 27 27 28 28 92 92 27 27 92 92 91 91 28 28 29 29 93 93 28 28 93 93 92 92 29 29 30 30 94 94 29 29 94 94 93 93 30 30 31 31 95 95 30 30 95 95 94 94 31 31 32 32 96 96 31 31 96 96 95 95 32 32 33 33 97 97 32 32 97 97 96 96 33 33 34 34 98 98 33 33 98 98 97 97 34 34 35 35 99 99 34 34 99 99 98 98 35 35 36 36 100 100 35 35 100 100 99 99 36 36 37 37 101 101 36 36 101 101 100 100 37 37 38 38 102 102 37 37 102 102 101 101 38 38 39 39 103 103 38 38 103 103 102 102 39 39 40 40 104 104 39 39 104 104 103 103 40 40 41 41 105 105 40 40 105 105 104 104 41 41 42 42 106 106 41 41 106 106 105 105 42 42 43 43 107 107 42 42 107 107 106 106 43 43 44 44 108 108 43 43 108 108 107 107 44 44 45 45 109 109 44 44 109 109 108 108 45 45 46 46 110 110 45 45 110 110 109 109 46 46 47 47 111 111 46 46 111 111 110 110 47 47 48 48 112 112 47 47 112 112 111 111 48 48 49 49 113 113 48 48 113 113 112 112 49 49 50 50 114 114 49 49 114 114 113 113 50 50 51 51 115 115 50 50 115 115 114 114 51 51 52 52 116 116 51 51 116 116 115 115 52 52 53 53 117 117 52 52 117 117 116 116 53 53 54 54 118 118 53 53 118 118 117 117 54 54 55 55 119 119 54 54 119 119 118 118 55 55 56 56 120 120 55 55 120 120 119 119 56 56 57 57 121 121 56 56 121 121 120 120 57 57 58 58 122 122 57 57 122 122 121 121 58 58 59 59 123 123 58 58 123 123 122 122 59 59 60 60 124 124 59 59 124 124 123 123 60 60 61 61 125 125 60 60 125 125 124 124 61 61 62 62 126 126 61 61 126 126 125 125 62 62 63 63 127 127 62 62 127 127 126 126 63 63 0 0 64 64 63 63 64 64 127 127 64 64 65 65 129 129 64 64 129 129 128 128 65 65 66 66 130 130 65 65 130 130 129 129 66 66 67 67 131 131 66 66 131 131 130 130 67 67 68 68 132 132 67 67 132 132 131 131 68 68 69 69 133 133 68 68 133 133 132 132 69 69 70 70 134 134 69 69 134 134 133 133 70 70 71 71 135 135 70 70 135 135 134 134 71 71 72 72 136 136 71 71 136 136 135 135 72 72 73 73 137 137 72 72 137 137 136 136 73 73 74 74 138 138 73 73 138 138 137 137 74 74 75 75 139 139 74 74 139 139 138 138 75 75 76 76 140 140 75 75 140 140 139 139 76 76 77 77 141 141 76 76 141 141 140 140 77 77 78 78 142 142 77 77 142 142 141 141 78 78 79 79 143 143 78 78 143 143 142 142 79 79 80 80 144 144 79 79 144 144 143 143 80 80 81 81 145 145 80 80 145 145 144 144 81 81 82 82 146 146 81 81 146 146 145 145 82 82 83 83 147 147 82 82 147 147 146 146 83 83 84 84 148 148 83 83 148 148 147 147 84 84 85 85 149 149 84 84 149 149 148 148 85 85 86 86 150 150 85 85 150 150 149 149 86 86 87 87 151 151 86 86 151 151 150 150 87 87 88 88 152 152 87 87 152 152 151 151 88 88 89 89 153 153 88 88 153 153 152 152 89 89 90 90 154 154 89 89 154 154 153 153 90 90 91 91 155 155 90 90 155 155 154 154 91 91 92 92 156 156 91 91 156 156 155 155 92 92 93 93 157 157 92 92 157 157 156 156 93 93 94 94 158 158 93 93 158 158 157 157 94 94 95 95 159 159 94 94 159 159 158 158 95 95 96 96 160 160 95 95 160 160 159 159 96 96 97 97 161 161 96 96 161 161 160 160 97 97 98 98 162 162 97 97 162 162 161 161 98 98 99 99 163 163 98 98 163 163 162 162 99 99 100 100 164 164 99 99 164 164 163 163 100 100 101 101 165 165 100 100 165 165 164 164 101 101 102 102 166 166 101 101 166 166 165 165 102 102 103 103 167 167 102 102 167 167 166 166 103 103 104 104 168 168 103 103 168 168 167 167 104 104 105 105 169 169 104 104 169 169 168 168 105 105 106 106 170 170 105 105 170 170 169 169 106 106 107 107 171 171 106 106 171 171 170 170 107 107 108 108 172 172 107 107 172 172 171 171 108 108 109 109 173 173 108 108 173 173 172 172 109 109 110 110 174 174 109 109 174 174 173 173 110 110 111 111 175 175 110 110 175 175 174 174 111 111 112 112 176 176 111 111 176 176 175 175 112 112 113 113 177 177 112 112 177 177 176 176 113 113 114 114 178 178 113 113 178 178 177 177 114 114 115 115 179 179 114 114 179 179 178 178 115 115 116 116 180 180 115 115 180 180 179 179 116 116 117 117 181 181 116 116 181 181 180 180 117 117 118 118 182 182 117 117 182 182 181 181 118 118 119 119 183 183 118 118 183 183 182 182 119 119 120 120 184 184 119 119 184 184 183 183 120 120 121 121 185 185 120 120 185 185 184 184 121 121 122 122 186 186 121 121 186 186 185 185 122 122 123 123 187 187 122 122 187 187 186 186 123 123 124 124 188 188 123 123 188 188 187 187 124 124 125 125 189 189 124 124 189 189 188 188 125 125 126 126 190 190 125 125 190 190 189 189 126 126 127 127 191 191 126 126 191 191 190 190 127 127 64 64 128 128 127 127 128 128 191 191 128 128 129 129 193 193 128 128 193 193 192 192 129 129 130 130 194 194 129 129 194 194 193 193 130 130 131 131 195 195 130 130 195 195 194 194 131 131 132 132 196 196 131 131 196 196 195 195 132 132 133 133 197 197 132 132 197 197 196 196 133 133 134 134 198 198 133 133 198 198 197 197 134 134 135 135 199 199 134 134 199 199 198 198 135 135 136 136 200 200 135 135 200 200 199 199 136 136 137 137 201 201 136 136 201 201 200 200 137 137 138 138 202 202 137 137 202 202 201 201 138 138 139 139 203 203 138 138 203 203 202 202 139 139 140 140 204 204 139 139 204 204 203 203 140 140 141 141 205 205 140 140 205 205 204 204 141 141 142 142 206 206 141 141 206 206 205 205 142 142 143 143 207 207 142 142 207 207 206 206 143 143 144 144 208 208 143 143 208 208 207 207 144 144 145 145 209 209 144 144 209 209 208 208 145 145 146 146 210 210 145 145 210 210 209 209 146 146 147 147 211 211 146 146 211 211 210 210 147 147 148 148 212 212 147 147 212 212 211 211 148 148 149 149 213 213 148 148 213 213 212 212 149 149 150 150 214 214 149 149 214 214 213 213 150 150 151 151 215 215 150 150 215 215 214 214 151 151 152 152 216 216 151 151 216 216 215 215 152 152 153 153 217 217 152 152 217 217 216 216 153 153 154 154 218 218 153 153 218 218 217 217 154 154 155 155 219 219 154 154 219 219 218 218 155 155 156 156 220 220 155 155 220 220 219 219 156 156 157 157 221 221 156 156 221 221 220 220 157 157 158 158 222 222 157 157 222 222 221 221 158 158 159 159 223 223 158 158 223 223 222 222 159 159 160 160 224 224 159 159 224 224 223 223 160 160 161 161 225 225 160 160 225 225 224 224 161 161 162 162 226 226 161 161 226 226 225 225 162 162 163 163 227 227 162 162 227 227 226 226 163 163 164 164 228 228 163 163 228 228 227 227 164 164 165 165 229 229 164 164 229 229 228 228 165 165 166 166 230 230 165 165 230 230 229 229 166 166 167 167 231 231 166 166 231 231 230 230 167 167 168 168 232 232 167 167 232 232 231 231 168 168 169 169 233 233 168 168 233 233 232 232 169 169 170 170 234 234 169 169 234 234 233 233 170 170 171 171 235 235 170 170 235 235 234 234 171 171 172 172 236 236 171 171 236 236 235 235 172 172 173 173 237 237 172 172 237 237 236 236 173 173 174 174 238 238 173 173 238 238 237 237 174 174 175 175 239 239 174 174 239 239 238 238 175 175 176 176 240 240 175 175 240 240 239 239 176 176 177 177 241 241 176 176 241 241 240 240 177 177 178 178 242 242 177 177 242 242 241 241 178 178 179 179 243 243 178 178 243 243 242 242 179 179 180 180 244 244 179 179 244 244 243 243 180 180 181 181 245 245 180 180 245 245 244 244 181 181 182 182 246 246 181 181 246 246 245 245 182 182 183 183 247 247 182 182 247 247 246 246 183 183 184 184 248 248 183 183 248 248 247 247 184 184 185 185 249 249 184 184 249 249 248 248 185 185 186 186 250 250 185 185 250 250 249 249 186 186 187 187 251 251 186 186 251 251 250 250 187 187 188 188 252 252 187 187 252 252 251 251 188 188 189 189 253 253 188 188 253 253 252 252 189 189 190 190 254 254 189 189 254 254 253 253 190 190 191 191 255 255 190 190 255 255 254 254 191 191 128 128 192 192 191 191 192 192 255 255 256 256 1 1 0 0 256 256 2 2 1 1 256 256 3 3 2 2 256 256 4 4 3 3 256 256 5 5 4 4 256 256 6 6 5 5 256 256 7 7 6 6 256 256 8 8 7 7 256 256 9 9 8 8 256 256 10 10 9 9 256 256 11 11 10 10 256 256 12 12 11 11 256 256 13 13 12 12 256 256 14 14 13 13 256 256 15 15 14 14 256 256 16 16 15 15 256 256 17 17 16 16 256 256 18 18 17 17 256 256 19 19 18 18 256 256 20 20 19 19 256 256 21 21 20 20 256 256 22 22 21 21 256 256 23 23 22 22 256 256 24 24 23 23 256 256 25 25 24 24 256 256 26 26 25 25 256 256 27 27 26 26 256 256 28 28 27 27 256 256 29 29 28 28 256 256 30 30 29 29 256 256 31 31 30 30 256 256 32 32 31 31 256 256 33 33 32 32 256 256 34 34 33 33 256 256 35 35 34 34 256 256 36 36 35 35 256 256 37 37 36 36 256 256 38 38 37 37 256 256 39 39 38 38 256 256 40 40 39 39 256 256 41 41 40 40 256 256 42 42 41 41 256 256 43 43 42 42 256 256 44 44 43 43 256 256 45 45 44 44 256 256 46 46 45 45 256 256 47 47 46 46 256 256 48 48 47 47 256 256 49 49 48 48 256 256 50 50 49 49 256 256 51 51 50 50 256 256 52 52 51 51 256 256 53 53 52 52 256 256 54 54 53 53 256 256 55 55 54 54 256 256 56 56 55 55 256 256 57 57 56 56 256 256 58 58 57 57 256 256 59 59 58 58 256 256 60 60 59 59 256 256 61 61 60 60 256 256 62 62 61 61 256 256 63 63 62 62 256 256 0 0 63 63 257 257 192 192 193 193 257 257 193 193 194 194 257 257 194 194 195 195 257 257 195 195 196 196 257 257 196 196 197 197 257 257 197 197 198 198 257 257 198 198 199 199 257 257 199 199 200 200 257 257 200 200 201 201 257 257 201 201 202 202 257 257 202 202 203 203 257 257 203 203 204 204 257 257 204 204 205 205 257 257 205 205 206 206 257 257 206 206 207 207 257 257 207 207 208 208 257 257 208 208 209 209 257 257 209 209 210 210 257 257 210 210 211 211 257 257 211 211 212 212 257 257 212 212 213 213 257 257 213 213 214 214 257 257 214 214 215 215 257 257 215 215 216 216 257 257 216 216 217 217 257 257 217 217 218 218 257 257 218 218 219 219 257 257 219 219 220 220 257 257 220 220 221 221 257 257 221 221 222 222 257 257 222 222 223 223 257 257 223 223 224 224 257 257 224 224 225 225 257 257 225 225 226 226 257 257 226 226 227 227 257 257 227 227 228 228 257 257 228 228 229 229 257 257 229 229 230 230 257 257 230 230 231 231 257 257 231 231 232 232 257 257 232 232 233 233 257 257 233 233 234 234 257 257 234 234 235 235 257 257 235 235 236 236 257 257 236 236 237 237 257 257 237 237 238 238 257 257 238 238 239 239 257 257 239 239 240 240 257 257 240 240 241 241 257 257 241 241 242 242 257 257 242 242 243 243 257 257 243 243 244 244 257 257 244 244 245 245 257 257 245 245 246 246 257 257 246 246 247 247 257 257 247 247 248 248 257 257 248 248 249 249 257 257 249 249 250 250 257 257 250 250 251 251 257 257 251 251 252 252 257 257 252 252 253 253 257 257 253 253 254 254 257 257 254 254 255 255 257 257 255 255 192 192</p>
        </triangles>
      </mesh>
    </geometry>
    <geometry id="mesh1">
      <mesh>
        <source id="mesh1-positions">
          <float_array id="mesh1-positions-array" count="1536">0.071 0.0 -0.031 0.0706581 0.0069592 -0.031 0.0696358 0.0138514 -0.031 0.0679428 0.0206102 -0.031 0.0655954 0.0271705 -0.031 0.0626164 0.0334692 -0.031 0.0590343 0.0394455 -0.031 0.0548837 0.0450419 -0.031 0.0502046 0.0502046 -0.031 0.0450419 0.0548837 -0.031 0.0394455 0.0590343 -0.031 0.0334692 0.0626164 -0.031 0.0271705 0.0655954 -0.031 0.0206102 0.0679428 -0.031 0.0138514 0.0696358 -0.031 0.0069592 0.0706581 -0.031 0.0 0.071 -0.031 -0.0069592 0.0706581 -0.031 -0.0138514 0.0696358 -0.031 -0.0206102 0.0679428 -0.031 -0.0271705 0.0655954 -0.031 -0.0334692 0.0626164 -0.031 -0.0394455 0.0590343 -0.031 -0.0450419 0.0548837 -0.031 -0.0502046 0.0502046 -0.031 -0.0548837 0.0450419 -0.031 -0.0590343 0.0394455 -0.031 -0.0626164 0.0334692 -0.031 -0.0655954 0.0271705 -0.031 -0.0679428 0.0206102 -0.031 -0.0696358 0.0138514 -0.031 -0.0706581 0.0069592 -0.031 -0.071 0.0 -0.031 -0.0706581 -0.0069592 -0.031 -0.0696358 -0.0138514 -0.031 -0.0679428 -0.0206102 -0.031 -0.0655954 -0.0271705 -0.031 -0.0626164 -0.0334692 -0.031 -0.0590343 -0.0394455 -0.031 -0.0548837 -0.0450419 -0.031 -0.0502046 -0.0502046 -0.031 -0.0450419 -0.0548837 -0.031 -0.0394455 -0.0590343 -0.031 -0.0334692 -0.0626164 -0.031 -0.0271705 -0.0655954 -0.031 -0.0206102 -0.0679428 -0.031 -0.0138514 -0.0696358 -0.031 -0.0069592 -0.0706581 -0.031 -0.0 -0.071 -0.031 0.0069592 -0.0706581 -0.031 0.0138514 -0.0696358 -0.031 0.0206102 -0.0679428 -0.031 0.0271705 -0.0655954 -0.031 0.0334692 -0.0626164 -0.031 0.0394455 -0.0590343 -0.031 0.0450419 -0.0548837 -0.031 0.0502046 -0.0502046 -0.031 0.0548837 -0.0450419 -0.031 0.0590343 -0.0394455 -0.031 0.0626164 -0.0334692 -0.031 0.0655954 -0.0271705 -0.031 0.0679428 -0.0206102 -0.031 0.0696358 -0.0138514 -0.031 0.0706581 -0.0069592 -0.031 0.072 0.0 -0.03 0.0716533 0.0070572 -0.03 0.0706165 0.0140465 -0.03 0.0688997 0.0209005 -0.03 0.0665193 0.0275532 -0.03 0.0634983 0.0339406 -0.03 0.0598658 0.0400011 -0.03 0.0556568 0.0456763 -0.03 0.0509117 0.0509117 -0.03 0.0456763 0.0556568 -0.03 0.0400011 0.0598658 -0.03 0.0339406 0.0634983 -0.03 0.0275532 0.0665193 -0.03 0.0209005 0.0688997 -0.03 0.0140465 0.0706165 -0.03 0.0070572 0.0716533 -0.03 0.0 0.072 -0.03 -0.0070572 0.0716533 -0.03 -0.0140465 0.0706165 -0.03 -0.0209005 0.0688997 -0.03 -0.0275532 0.0665193 -0.03 -0.0339406 0.0634983 -0.03 -0.0400011 0.0598658 -0.03 -0.0456763 0.0556568 -0.03 -0.0509117 0.0509117 -0.03 -0.0556568 0.0456763 -0.03 -0.0598658 0.0400011 -0.03 -0.0634983 0.0339406 -0.03 -0.0665193 0.0275532 -0.03 -0.0688997 0.0209005 -0.03 -0.0706165 0.0140465 -0.03 -0.0716533 0.0070572 -0.03 -0.072 0.0 -0.03 -0.0716533 -0.0070572 -0.03 -0.0706165 -0.0140465 -0.03 -0.0688997 -0.0209005 -0.03 -0.0665193 -0.0275532 -0.03 -0.0634983 -0.0339406 -0.03 -0.0598658 -0.0400011 -0.03 -0.0556568 -0.0456763 -0.03 -0.0509117 -0.0509117 -0.03 -0.0456763 -0.0556568 -0.03 -0.0400011 -0.0598658 -0.03 -0.0339406 -0.0634983 -0.03 -0.0275532 -0.0665193 -0.03 -0.0209005 -0.0688997 -0.03 -0.0140465 -0.0706165 -0.03 -0.0070572 -0.0716533 -0.03 -0.0 -0.072 -0.03 0.0070572 -0.0716533 -0.03 0.0140465 -0.0706165 -0.03 0.0209005 -0.0688997 -0.03 0.0275532 -0.0665193 -0.03 0.0339406 -0.0634983 -0.03 0.0400011 -0.0598658 -0.03 0.0456763 -0.0556568 -0.03 0.0509117 -0.0509117 -0.03 0.0556568 -0.0456763 -0.03 0.0598658 -0.0400011 -0.03 0.0634983 -0.0339406 -0.03 0.0665193 -0.0275532 -0.03 0.0688997 -0.0209005 -0.03 0.0706165 -0.0140465 -0.03 0.0716533 -0.0070572 -0.03 0.072 0.0 -0.016 0.0716533 0.0070572 -0.016 0.0706165 0.0140465 -0.016 0.0688997 0.0209005 -0.016 0.0665193 0.0275532 -0.016 0.0634983 0.0339406 -0.016 0.0598658 0.0400011 -0.016 0.0556568 0.0456763 -0.016 0.0509117 0.0509117 -0.016 0.0456763 0.0556568 -0.016 0.0400011 0.0598658 -0.016 0.0339406 0.0634983 -0.016 0.0275532 0.0665193 -0.016 0.0209005 0.0688997 -0.016 0.0140465 0.0706165 -0.016 0.0070572 0.0716533 -0.016 0.0 0.072 -0.016 -0.0070572 0.0716533 -0.016 -0.0140465 0.0706165 -0.016 -0.0209005 0.0688997 -0.016 -0.0275532 0.0665193 -0.016 -0.0339406 0.0634983 -0.016 -0.0400011 0.0598658 -0.016 -0.0456763 0.0556568 -0.016 -0.0509117 0.0509117 -0.016 -0.0556568 0.0456763 -0.016 -0.0598658 0.0400011 -0.016 -0.0634983 0.0339406 -0.016 -0.0665193 0.0275532 -0.016 -0.0688997 0.0209005 -0.016 -0.0706165 0.0140465 -0.016 -0.0716533 0.0070572 -0.016 -0.072 0.0 -0.016 -0.0716533 -0.0070572 -0.016 -0.0706165 -0.0140465 -0.016 -0.0688997 -0.0209005 -0.016 -0.0665193 -0.0275532 -0.016 -0.0634983 -0.0339406 -0.016 -0.0598658 -0.0400011 -0.016 -0.0556568 -0.0456763 -0.016 -0.0509117 -0.0509117 -0.016 -0.0456763 -0.0556568 -0.016 -0.0400011 -0.0598658 -0.016 -0.0339406 -0.0634983 -0.016 -0.0275532 -0.0665193 -0.016 -0.0209005 -0.0688997 -0.016 -0.0140465 -0.0706165 -0.016 -0.0070572 -0.0716533 -0.016 -0.0 -0.072 -0.016 0.0070572 -0.0716533 -0.016 0.0140465 -0.0706165 -0.016 0.0209005 -0.0688997 -0.016 0.0275532 -0.0665193 -0.016 0.0339406 -0.0634983 -0.016 0.0400011 -0.0598658 -0.016 0.0456763 -0.0556568 -0.016 0.0509117 -0.0509117 -0.016 0.0556568 -0.0456763 -0.016 0.0598658 -0.0400011 -0.016 0.0634983 -0.0339406 -0.016 0.0665193 -0.0275532 -0.016 0.0688997 -0.0209005 -0.016 0.0706165 -0.0140465 -0.016 0.0716533 -0.0070572 -0.016 0.071 0.0 -0.015 0.0706581 0.0069592 -0.015 0.0696358 0.0138514 -0.015 0.0679428 0.0206102 -0.015 0.0655954 0.0271705 -0.015 0.0626164 0.0334692 -0.015 0.0590343 0.0394455 -0.015 0.0548837 0.0450419 -0.015 0.0502046 0.0502046 -0.015 0.0450419 0.0548837 -0.015 0.0394455 0.0590343 -0.015 0.0334692 0.0626164 -0.015 0.0271705 0.0655954 -0.015 0.0206102 0.0679428 -0.015 0.0138514 0.0696358 -0.015 0.0069592 0.0706581 -0.015 0.0 0.071 -0.015 -0.0069592 0.0706581 -0.015 -0.0138514 0.0696358 -0.015 -0.0206102 0.0679428 -0.015 -0.0271705 0.0655954 -0.015 -0.0334692 0.0626164 -0.015 -0.0394455 0.0590343 -0.015 -0.0450419 0.0548837 -0.015 -0.0502046 0.0502046 -0.015 -0.0548837 0.0450419 -0.015 -0.0590343 0.0394455 -0.015 -0.0626164 0.0334692 -0.015 -0.0655954 0.0271705 -0.015 -0.0679428 0.0206102 -0.015 -0.0696358 0.0138514 -0.015 -0.0706581 0.0069592 -0.015 -0.071 0.0 -0.015 -0.0706581 -0.0069592 -0.015 -0.0696358 -0.0138514 -0.015 -0.0679428 -0.0206102 -0.015 -0.0655954 -0.0271705 -0.015 -0.0626164 -0.0334692 -0.015 -0.0590343 -0.0394455 -0.015 -0.0548837 -0.0450419 -0.015 -0.0502046 -0.0502046 -0.015 -0.0450419 -0.0548837 -0.015 -0.0394455 -0.0590343 -0.015 -0.0334692 -0.0626164 -0.015 -0.0271705 -0.0655954 -0.015 -0.0206102 -0.0679428 -0.015 -0.0138514 -0.0696358 -0.015 -0.0069592 -0.0706581 -0.015 -0.0 -0.071 -0.015 0.0069592 -0.0706581 -0.015 0.0138514 -0.0696358 -0.015 0.0206102 -0.0679428 -0.015 0.0271705 -0.0655954 -0.015 0.0334692 -0.0626164 -0.015 0.0394455 -0.0590343 -0.015 0.0450419 -0.0548837 -0.015 0.0502046 -0.0502046 -0.015 0.0548837 -0.0450419 -0.015 0.0590343 -0.0394455 -0.015 0.0626164 -0.0334692 -0.015 0.0655954 -0.0271705 -0.015 0.0679428 -0.0206102 -0.015 0.0696358 -0.0138514 -0.015 0.0706581 -0.0069592 -0.015 0.059 0.0 -0.015 0.0587159 0.005783 -0.015 0.0578663 0.0115103 -0.015 0.0564595 0.0171268 -0.015 0.0545089 0.0225783 -0.015 0.0520334 0.0278124 -0.015 0.0490567 0.0327786 -0.015 0.0456076 0.0374292 -0.015 0.0417193 0.0417193 -0.015 0.0374292 0.0456076 -0.015 0.0327786 0.0490567 -0.015 0.0278124 0.0520334 -0.015 0.0225783 0.0545089 -0.015 0.0171268 0.0564595 -0.015 0.0115103 0.0578663 -0.015 0.005783 0.0587159 -0.015 0.0 0.059 -0.015 -0.005783 0.0587159 -0.015 -0.0115103 0.0578663 -0.015 -0.0171268 0.0564595 -0.015 -0.0225783 0.0545089 -0.015 -0.0278124 0.0520334 -0.015 -0.0327786 0.0490567 -0.015 -0.0374292 0.0456076 -0.015 -0.0417193 0.0417193 -0.015 -0.0456076 0.0374292 -0.015 -0.0490567 0.0327786 -0.015 -0.0520334 0.0278124 -0.015 -0.0545089 0.0225783 -0.015 -0.0564595 0.0171268 -0.015 -0.0578663 0.0115103 -0.015 -0.0587159 0.005783 -0.015 -0.059 0.0 -0.015 -0.0587159 -0.005783 -0.015 -0.0578663 -0.0115103 -0.015 -0.0564595 -0.0171268 -0.015 -0.0545089 -0.0225783 -0.015 -0.0520334 -0.0278124 -0.015 -0.0490567 -0.0327786 -0.015 -0.0456076 -0.0374292 -0.015 -0.0417193 -0.0417193 -0.015 -0.0374292 -0.0456076 -0.015 -0.0327786 -0.0490567 -0.015 -0.0278124 -0.0520334 -0.015 -0.0225783 -0.0545089 -0.015 -0.0171268 -0.0564595 -0.015 -0.0115103 -0.0578663 -0.015 -0.005783 -0.0587159 -0.015 -0.0 -0.059 -0.015 0.005783 -0.0587159 -0.015 0.0115103 -0.0578663 -0.015 0.0171268 -0.0564595 -0.015 0.0225783 -0.0545089 -0.015 0.0278124 -0.0520334 -0.015 0.0327786 -0.0490567 -0.015 0.0374292 -0.0456076 -0.015 0.0417193 -0.0417193 -0.015 0.0456076 -0.0374292 -0.015 0.0490567 -0.0327786 -0.015 0.0520334 -0.0278124 -0.015 0.0545089 -0.0225783 -0.015 0.0564595 -0.0171268 -0.015 0.0578663 -0.0115103 -0.015 0.0587159 -0.005783 -0.015 0.058 0.0 -0.016 0.0577207 0.005685 -0.016 0.0568855 0.0113152 -0.016 0.0555025 0.0168365 -0.016 0.053585 0.0221956 -0.016 0.0511514 0.027341 -0.016 0.0482252 0.0322231 -0.016 0.0448346 0.0367948 -0.016 0.0410122 0.0410122 -0.016 0.0367948 0.0448346 -0.016 0.0322231 0.0482252 -0.016 0.027341 0.0511514 -0.016 0.0221956 0.053585 -0.016 0.0168365 0.0555025 -0.016 0.0113152 0.0568855 -0.016 0.005685 0.0577207 -0.016 0.0 0.058 -0.016 -0.005685 0.0577207 -0.016 -0.0113152 0.0568855 -0.016 -0.0168365 0.0555025 -0.016 -0.0221956 0.053585 -0.016 -0.027341 0.0511514 -0.016 -0.0322231 0.0482252 -0.016 -0.0367948 0.0448346 -0.016 -0.0410122 0.0410122 -0.016 -0.0448346 0.0367948 -0.016 -0.0482252 0.0322231 -0.016 -0.0511514 0.027341 -0.016 -0.053585 0.0221956 -0.016 -0.0555025 0.0168365 -0.016 -0.0568855 0.0113152 -0.016 -0.0577207 0.005685 -0.016 -0.058 0.0 -0.016 -0.0577207 -0.005685 -0.016 -0.0568855 -0.0113152 -0.016 -0.0555025 -0.0168365 -0.016 -0.053585 -0.0221956 -0.016 -0.0511514 -0.027341 -0.016 -0.0482252 -0.0322231 -0.016 -0.0448346 -0.0367948 -0.016 -0.0410122 -0.0410122 -0.016 -0.0367948 -0.0448346 -0.016 -0.0322231 -0.0482252 -0.016 -0.027341 -0.0511514 -0.016 -0.0221956 -0.053585 -0.016 -0.0168365 -0.0555025 -0.016 -0.0113152 -0.0568855 -0.016 -0.005685 -0.0577207 -0.016 -0.0 -0.058 -0.016 0.005685 -0.0577207 -0.016 0.0113152 -0.0568855 -0.016 0.0168365 -0.0555025 -0.016 0.0221956 -0.053585 -0.016 0.027341 -0.0511514 -0.016 0.0322231 -0.0482252 -0.016 0.0367948 -0.0448346 -0.016 0.0410122 -0.0410122 -0.016 0.0448346 -0.0367948 -0.016 0.0482252 -0.0322231 -0.016 0.0511514 -0.027341 -0.016 0.053585 -0.0221956 -0.016 0.0555025 -0.0168365 -0.016 0.0568855 -0.0113152 -0.016 0.0577207 -0.005685 -0.016 0.058 0.0 -0.03 0.0577207 0.005685 -0.03 0.0568855 0.0113152 -0.03 0.0555025 0.0168365 -0.03 0.053585 0.0221956 -0.03 0.0511514 0.027341 -0.03 0.0482252 0.0322231 -0.03 0.0448346 0.0367948 -0.03 0.0410122 0.0410122 -0.03 0.0367948 0.0448346 -0.03 0.0322231 0.0482252 -0.03 0.027341 0.0511514 -0.03 0.0221956 0.053585 -0.03 0.0168365 0.0555025 -0.03 0.0113152 0.0568855 -0.03 0.005685 0.0577207 -0.03 0.0 0.058 -0.03 -0.005685 0.0577207 -0.03 -0.0113152 0.0568855 -0.03 -0.0168365 0.0555025 -0.03 -0.0221956 0.053585 -0.03 -0.027341 0.0511514 -0.03 -0.0322231 0.0482252 -0.03 -0.0367948 0.0448346 -0.03 -0.0410122 0.0410122 -0.03 -0.0448346 0.0367948 -0.03 -0.0482252 0.0322231 -0.03 -0.0511514 0.027341 -0.03 -0.053585 0.0221956 -0.03 -0.0555025 0.0168365 -0.03 -0.0568855 0.0113152 -0.03 -0.0577207 0.005685 -0.03 -0.058 0.0 -0.03 -0.0577207 -0.005685 -0.03 -0.0568855 -0.0113152 -0.03 -0.0555025 -0.0168365 -0.03 -0.053585 -0.0221956 -0.03 -0.0511514 -0.027341 -0.03 -0.0482252 -0.0322231 -0.03 -0.0448346 -0.0367948 -0.03 -0.0410122 -0.0410122 -0.03 -0.0367948 -0.0448346 -0.03 -0.0322231 -0.0482252 -0.03 -0.027341 -0.0511514 -0.03 -0.0221956 -0.053585 -0.03 -0.0168365 -0.0555025 -0.03 -0.0113152 -0.0568855 -0.03 -0.005685 -0.0577207 -0.03 -0.0 -0.058 -0.03 0.005685 -0.0577207 -0.03 0.0113152 -0.0568855 -0.03 0.0168365 -0.0555025 -0.03 0.0221956 -0.053585 -0.03 0.027341 -0.0511514 -0.03 0.0322231 -0.0482252 -0.03 0.0367948 -0.0448346 -0.03 0.0410122 -0.0410122 -0.03 0.0448346 -0.0367948 -0.03 0.0482252 -0.0322231 -0.03 0.0511514 -0.027341 -0.03 0.053585 -0.0221956 -0.03 0.0555025 -0.0168365 -0.03 0.0568855 -0.0113152 -0.03 0.0577207 -0.005685 -0.03 0.059 0.0 -0.031 0.0587159 0.005783 -0.031 0.0578663 0.0115103 -0.031 0.0564595 0.0171268 -0.031 0.0545089 0.0225783 -0.031 0.0520334 0.0278124 -0.031 0.0490567 0.0327786 -0.031 0.0456076 0.0374292 -0.031 0.0417193 0.0417193 -0.031 0.0374292 0.0456076 -0.031 0.0327786 0.0490567 -0.031 0.0278124 0.0520334 -0.031 0.0225783 0.0545089 -0.031 0.0171268 0.0564595 -0.031 0.0115103 0.0578663 -0.031 0.005783 0.0587159 -0.031 0.0 0.059 -0.031 -0.005783 0.0587159 -0.031 -0.0115103 0.0578663 -0.031 -0.0171268 0.0564595 -0.031 -0.0225783 0.0545089 -0.031 -0.0278124 0.0520334 -0.031 -0.0327786 0.0490567 -0.031 -0.0374292 0.0456076 -0.031 -0.0417193 0.0417193 -0.031 -0.0456076 0.0374292 -0.031 -0.0490567 0.0327786 -0.031 -0.0520334 0.0278124 -0.031 -0.0545089 0.0225783 -0.031 -0.0564595 0.0171268 -0.031 -0.0578663 0.0115103 -0.031 -0.0587159 0.005783 -0.031 -0.059 0.0 -0.031 -0.0587159 -0.005783 -0.031 -0.0578663 -0.0115103 -0.031 -0.0564595 -0.0171268 -0.031 -0.0545089 -0.0225783 -0.031 -0.0520334 -0.0278124 -0.031 -0.0490567 -0.0327786 -0.031 -0.0456076 -0.0374292 -0.031 -0.0417193 -0.0417193 -0.031 -0.0374292 -0.0456076 -0.031 -0.0327786 -0.0490567 -0.031 -0.0278124 -0.0520334 -0.031 -0.0225783 -0.0545089 -0.031 -0.0171268 -0.0564595 -0.031 -0.0115103 -0.0578663 -0.031 -0.005783 -0.0587159 -0.031 -0.0 -0.059 -0.031 0.005783 -0.0587159 -0.031 0.0115103 -0.0578663 -0.031 0.0171268 -0.0564595 -0.031 0.0225783 -0.0545089 -0.031 0.0278124 -0.0520334 -0.031 0.0327786 -0.0490567 -0.031 0.0374292 -0.0456076 -0.031 0.0417193 -0.0417193 -0.031 0.0456076 -0.0374292 -0.031 0.0490567 -0.0327786 -0.031 0.0520334 -0.0278124 -0.031 0.0545089 -0.0225783 -0.031 0.0564595 -0.0171268 -0.031 0.0578663 -0.0115103 -0.031 0.0587159 -0.005783 -0.031</float_array>
          <technique_common>
            <accessor source="#mesh1-positions-array" count="512" stride="3">
              <param name="X" type="float" />
              <param name="Y" type="float" />
              <param name="Z" type="float" />
            </accessor>
          </technique_common>
        </source>
        <source id="mesh1-normals">
          <float_array id="mesh1-normals-array" count="1536">0.0812234 0.0013425 -0.996695 0.0807007 0.0092973 -0.996695 0.0794008 0.0171626 -0.996695 0.0773363 0.0248626 -0.996695 0.0745269 0.0323232 -0.996695 0.0709998 0.0394725 -0.996695 0.066789 0.0462416 -0.996695 0.0619349 0.0525654 -0.996695 0.0564843 0.0583829 -0.996695 0.0504898 0.0636382 -0.996695 0.0440091 0.0682807 -0.996695 0.0371045 0.0722655 -0.996695 0.0298425 0.0755544 -0.996695 0.0222932 0.0781157 -0.996695 0.0145292 0.0799247 -0.996695 0.0066252 0.0809639 -0.996695 -0.0013425 0.0812234 -0.996695 -0.0092973 0.0807007 -0.996695 -0.0171626 0.0794008 -0.996695 -0.0248626 0.0773363 -0.996695 -0.0323232 0.0745269 -0.996695 -0.0394725 0.0709998 -0.996695 -0.0462416 0.066789 -0.996695 -0.0525654 0.0619349 -0.996695 -0.0583829 0.0564843 -0.996695 -0.0636382 0.0504898 -0.996695 -0.0682807 0.0440091 -0.996695 -0.0722655 0.0371045 -0.996695 -0.0755544 0.0298425 -0.996695 -0.0781157 0.0222932 -0.996695 -0.0799247 0.0145292 -0.996695 -0.0809639 0.0066252 -0.996695 -0.0812234 -0.0013425 -0.996695 -0.0807007 -0.0092973 -0.996695 -0.0794008 -0.0171626 -0.996695 -0.0773363 -0.0248626 -0.996695 -0.0745269 -0.0323232 -0.996695 -0.0709998 -0.0394725 -0.996695 -0.066789 -0.0462416 -0.996695 -0.0619349 -0.0525654 -0.996695 -0.0564843 -0.0583829 -0.996695 -0.0504898 -0.0636382 -0.996695 -0.0440091 -0.0682807 -0.996695 -0.0371045 -0.0722655 -0.996695 -0.0298425 -0.0755544 -0.996695 -0.0222932 -0.0781157 -0.996695 -0.0145292 -0.0799247 -0.996695 -0.0066252 -0.0809639 -0.996695 0.0013425 -0.0812234 -0.996695 0.0092973 -0.0807007 -0.996695 0.0171626 -0.0794008 -0.996695 0.0248626 -0.0773363 -0.996695 0.0323232 -0.0745269 -0.996695 0.0394725 -0.0709998 -0.996695 0.0462416 -0.066789 -0.996695 0.0525654 -0.0619349 -0.996695 0.0583829 -0.0564843 -0.996695 0.0636382 -0.0504898 -0.996695 0.0682807 -0.0440091 -0.996695 0.0722655 -0.0371045 -0.996695 0.0755544 -0.0298425 -0.996695 0.0781157 -0.0222932 -0.996695 0.0799247 -0.0145292 -0.996695 0.0809639 -0.0066252 -0.996695 0.9977039 0.0141791 -0.0662261 0.9915099 0.1119029 -0.0662261 0.9757671 0.208549 -0.0662261 0.9506271 0.3031867 -0.0662261 0.9163321 0.3949045 -0.0662261 0.8732123 0.4828192 -0.0662261 0.821683 0.5660841 -0.0662261 0.7622404 0.6438973 -0.0662261 0.695457 0.7155093 -0.0662261 0.621976 0.7802307 -0.0662261 0.5425051 0.837438 -0.0662261 0.4578095 0.8865803 -0.0662261 0.368705 0.9271843 -0.0662261 0.2760496 0.9588591 -0.0662261 0.1807357 0.9812995 -0.0662261 0.0836812 0.9942895 -0.0662261 -0.0141791 0.9977039 -0.0662261 -0.1119029 0.9915099 -0.0662261 -0.208549 0.9757671 -0.0662261 -0.3031867 0.9506271 -0.0662261 -0.3949045 0.9163321 -0.0662261 -0.4828192 0.8732123 -0.0662261 -0.5660841 0.821683 -0.0662261 -0.6438973 0.7622404 -0.0662261 -0.7155093 0.695457 -0.0662261 -0.7802307 0.621976 -0.0662261 -0.837438 0.5425051 -0.0662261 -0.8865803 0.4578095 -0.0662261 -0.9271843 0.368705 -0.0662261 -0.9588591 0.2760496 -0.0662261 -0.9812995 0.1807357 -0.0662261 -0.9942895 0.0836812 -0.0662261 -0.9977039 -0.0141791 -0.0662261 -0.9915099 -0.1119029 -0.0662261 -0.9757671 -0.208549 -0.0662261 -0.9506271 -0.3031867 -0.0662261 -0.9163321 -0.3949045 -0.0662261 -0.8732123 -0.4828192 -0.0662261 -0.821683 -0.5660841 -0.0662261 -0.7622404 -0.6438973 -0.0662261 -0.695457 -0.7155093 -0.0662261 -0.621976 -0.7802307 -0.0662261 -0.5425051 -0.837438 -0.0662261 -0.4578095 -0.8865803 -0.0662261 -0.368705 -0.9271843 -0.0662261 -0.2760496 -0.9588591 -0.0662261 -0.1807357 -0.9812995 -0.0662261 -0.0836812 -0.9942895 -0.0662261 0.0141791 -0.9977039 -0.0662261 0.1119029 -0.9915099 -0.0662261 0.208549 -0.9757671 -0.0662261 0.3031867 -0.9506271 -0.0662261 0.3949045 -0.9163321 -0.0662261 0.4828192 -0.8732123 -0.0662261 0.5660841 -0.821683 -0.0662261 0.6438973 -0.7622404 -0.0662261 0.7155093 -0.695457 -0.0662261 0.7802307 -0.621976 -0.0662261 0.837438 -0.5425051 -0.0662261 0.8865803 -0.4578095 -0.0662261 0.9271843 -0.368705 -0.0662261 0.9588591 -0.2760496 -0.0662261 0.9812995 -0.1807357 -0.0662261 0.9942895 -0.0836812 -0.0662261 0.9977039 -0.0141791 0.0662261 0.9942895 0.0836812 0.0662261 0.9812995 0.1807357 0.0662261 0.9588591 0.2760496 0.0662261 0.9271843 0.368705 0.0662261 0.8865803 0.4578095 0.0662261 0.837438 0.5425051 0.0662261 0.7802307 0.621976 0.0662261 0.7155093 0.695457 0.0662261 0.6438973 0.7622404 0.0662261 0.5660841 0.821683 0.0662261 0.4828192 0.8732123 0.0662261 0.3949045 0.9163321 0.0662261 0.3031867 0.9506271 0.0662261 0.208549 0.9757671 0.0662261 0.1119029 0.9915099 0.0662261 0.0141791 0.9977039 0.0662261 -0.0836812 0.9942895 0.0662261 -0.1807357 0.9812995 0.0662261 -0.2760496 0.9588591 0.0662261 -0.368705 0.9271843 0.0662261 -0.4578095 0.8865803 0.0662261 -0.5425051 0.837438 0.0662261 -0.621976 0.7802307 0.0662261 -0.695457 0.7155093 0.0662261 -0.7622404 0.6438973 0.0662261 -0.821683 0.5660841 0.0662261 -0.8732123 0.4828192 0.0662261 -0.9163321 0.3949045 0.0662261 -0.9506271 0.3031867 0.0662261 -0.9757671 0.208549 0.0662261 -0.9915099 0.1119029 0.0662261 -0.9977039 0.0141791 0.0662261 -0.9942895 -0.0836812 0.0662261 -0.9812995 -0.1807357 0.0662261 -0.9588591 -0.2760496 0.0662261 -0.9271843 -0.368705 0.0662261 -0.8865803 -0.4578095 0.0662261 -0.837438 -0.5425051 0.0662261 -0.7802307 -0.621976 0.0662261 -0.7155093 -0.695457 0.0662261 -0.6438973 -0.7622404 0.0662261 -0.5660841 -0.821683 0.0662261 -0.4828192 -0.8732123 0.0662261 -0.3949045 -0.9163321 0.0662261 -0.3031867 -0.9506271 0.0662261 -0.208549 -0.9757671 0.0662261 -0.1119029 -0.9915099 0.0662261 -0.0141791 -0.9977039 0.0662261 0.0836812 -0.9942895 0.0662261 0.1807357 -0.9812995 0.0662261 0.2760496 -0.9588591 0.0662261 0.368705 -0.9271843 0.0662261 0.4578095 -0.8865803 0.0662261 0.5425051 -0.837438 0.0662261 0.621976 -0.7802307 0.0662261 0.695457 -0.7155093 0.0662261 0.7622404 -0.6438973 0.0662261 0.821683 -0.5660841 0.0662261 0.8732123 -0.4828192 0.0662261 0.9163321 -0.3949045 0.0662261 0.9506271 -0.3031867 0.0662261 0.9757671 -0.208549 0.0662261 0.9915099 -0.1119029 0.0662261 0.0812234 -0.0013425 0.996695 0.0809639 0.0066252 0.996695 0.0799247 0.0145292 0.996695 0.0781157 0.0222932 0.996695 0.0755544 0.0298425 0.996695 0.0722655 0.0371045 0.996695 0.0682807 0.0440091 0.996695 0.0636382 0.0504898 0.996695 0.0583829 0.0564843 0.996695 0.0525654 0.0619349 0.996695 0.0462416 0.066789 0.996695 0.0394725 0.0709998 0.996695 0.0323232 0.0745269 0.996695 0.0248626 0.0773363 0.996695 0.0171626 0.0794008 0.996695 0.0092973 0.0807007 0.996695 0.0013425 0.0812234 0.996695 -0.0066252 0.0809639 0.996695 -0.0145292 0.0799247 0.996695 -0.0222932 0.0781157 0.996695 -0.0298425 0.0755544 0.996695 -0.0371045 0.0722655 0.996695 -0.0440091 0.0682807 0.996695 -0.0504898 0.0636382 0.996695 -0.0564843 0.0583829 0.996695 -0.0619349 0.0525654 0.996695 -0.066789 0.0462416 0.996695 -0.0709998 0.0394725 0.996695 -0.0745269 0.0323232 0.996695 -0.0773363 0.0248626 0.996695 -0.0794008 0.0171626 0.996695 -0.0807007 0.0092973 0.996695 -0.0812234 0.0013425 0.996695 -0.0809639 -0.0066252 0.996695 -0.0799247 -0.0145292 0.996695 -0.0781157 -0.0222932 0.996695 -0.0755544 -0.0298425 0.996695 -0.0722655 -0.0371045 0.996695 -0.0682807 -0.0440091 0.996695 -0.0636382 -0.0504898 0.996695 -0.0583829 -0.0564843 0.996695 -0.0525654 -0.0619349 0.996695 -0.0462416 -0.066789 0.996695 -0.0394725 -0.0709998 0.996695 -0.0323232 -0.0745269 0.996695 -0.0248626 -0.0773363 0.996695 -0.0171626 -0.0794008 0.996695 -0.0092973 -0.0807007 0.996695 -0.0013425 -0.0812234 0.996695 0.0066252 -0.0809639 0.996695 0.0145292 -0.0799247 0.996695 0.0222932 -0.0781157 0.996695 0.0298425 -0.0755544 0.996695 0.0371045 -0.0722655 0.996695 0.0440091 -0.0682807 0.996695 0.0504898 -0.0636382 0.996695 0.0564843 -0.0583829 0.996695 0.0619349 -0.0525654 0.996695 0.066789 -0.0462416 0.996695 0.0709998 -0.0394725 0.996695 0.0745269 -0.0323232 0.996695 0.0773363 -0.0248626 0.996695 0.0794008 -0.0171626 0.996695 0.0807007 -0.0092973 0.996695 -0.071827 -0.0011628 0.9974164 -0.0713672 -0.0081975 0.9974164 -0.07022 -0.0151533 0.9974164 -0.0683966 -0.0219631 0.9974164 -0.0659145 -0.0285613 0.9974164 -0.0627976 -0.0348846 0.9974164 -0.059076 -0.0408718 0.9974164 -0.0547854 -0.0464655 0.9974164 -0.0499671 -0.0516116 0.9974164 -0.0446677 -0.0562608 0.9974164 -0.0389381 -0.060368 0.9974164 -0.0328335 -0.063894 0.9974164 -0.0264127 -0.0668045 0.9974164 -0.0197375 -0.0690718 0.9974164 -0.0128723 -0.0706738 0.9974164 -0.005883 -0.0715952 0.9974164 0.0011628 -0.071827 0.9974164 0.0081975 -0.0713672 0.9974164 0.0151533 -0.07022 0.9974164 0.0219631 -0.0683966 0.9974164 0.0285613 -0.0659145 0.9974164 0.0348846 -0.0627976 0.9974164 0.0408718 -0.059076 0.9974164 0.0464655 -0.0547854 0.9974164 0.0516116 -0.0499671 0.9974164 0.0562608 -0.0446677 0.9974164 0.060368 -0.0389381 0.9974164 0.063894 -0.0328335 0.9974164 0.0668045 -0.0264127 0.9974164 0.0690718 -0.0197375 0.9974164 0.0706738 -0.0128723 0.9974164 0.0715952 -0.005883 0.9974164 0.071827 0.0011628 0.9974164 0.0713672 0.0081975 0.9974164 0.07022 0.0151533 0.9974164 0.0683966 0.0219631 0.9974164 0.0659145 0.0285613 0.9974164 0.0627976 0.0348846 0.9974164 0.059076 0.0408718 0.9974164 0.0547854 0.0464655 0.9974164 0.0499671 0.0516116 0.9974164 0.0446677 0.0562608 0.9974164 0.0389381 0.060368 0.9974164 0.0328335 0.063894 0.9974164 0.0264127 0.0668045 0.9974164 0.0197375 0.0690718 0.9974164 0.0128723 0.0706738 0.9974164 0.005883 0.0715952 0.9974164 -0.0011628 0.071827 0.9974164 -0.0081975 0.0713672 0.9974164 -0.0151533 0.07022 0.9974164 -0.0219631 0.0683966 0.9974164 -0.0285613 0.0659145 0.9974164 -0.0348846 0.0627976 0.9974164 -0.0408718 0.059076 0.9974164 -0.0464655 0.0547854 0.9974164 -0.0516116 0.0499671 0.9974164 -0.0562608 0.0446677 0.9974164 -0.060368 0.0389381 0.9974164 -0.063894 0.0328335 0.9974164 -0.0668045 0.0264127 0.9974164 -0.0690718 0.0197375 0.9974164 -0.0706738 0.0128723 0.9974164 -0.0715952 0.005883 0.9974164 -0.9976617 -0.0141348 0.0668674 -0.9914723 -0.1118547 0.0668674 -0.9757344 -0.2084974 0.0668674 -0.9505996 -0.3031321 0.0668674 -0.9163101 -0.3948475 0.0668674 -0.873196 -0.4827603 0.0668674 -0.8216725 -0.5660238 0.0668674 -0.7622359 -0.6438363 0.0668674 -0.6954586 -0.7154482 0.0668674 -0.6219835 -0.78017 0.0668674 -0.5425185 -0.8373783 0.0668674 -0.4578287 -0.8865222 0.0668674 -0.3687297 -0.9271284 0.0668674 -0.2760797 -0.9588059 0.0668674 -0.1807709 -0.9812495 0.0668674 -0.0837212 -0.9942432 0.0668674 0.0141348 -0.9976617 0.0668674 0.1118547 -0.9914723 0.0668674 0.2084974 -0.9757344 0.0668674 0.3031321 -0.9505996 0.0668674 0.3948475 -0.9163101 0.0668674 0.4827603 -0.873196 0.0668674 0.5660238 -0.8216725 0.0668674 0.6438363 -0.7622359 0.0668674 0.7154482 -0.6954586 0.0668674 0.78017 -0.6219835 0.0668674 0.8373783 -0.5425185 0.0668674 0.8865222 -0.4578287 0.0668674 0.9271284 -0.3687297 0.0668674 0.9588059 -0.2760797 0.0668674 0.9812495 -0.1807709 0.0668674 0.9942432 -0.0837212 0.0668674 0.9976617 0.0141348 0.0668674 0.9914723 0.1118547 0.0668674 0.9757344 0.2084974 0.0668674 0.9505996 0.3031321 0.0668674 0.9163101 0.3948475 0.0668674 0.873196 0.4827603 0.0668674 0.8216725 0.5660238 0.0668674 0.7622359 0.6438363 0.0668674 0.6954586 0.7154482 0.0668674 0.6219835 0.78017 0.0668674 0.5425185 0.8373783 0.0668674 0.4578287 0.8865222 0.0668674 0.3687297 0.9271284 0.0668674 0.2760797 0.9588059 0.0668674 0.1807709 0.9812495 0.0668674 0.0837212 0.9942432 0.0668674 -0.0141348 0.9976617 0.0668674 -0.1118547 0.9914723 0.0668674 -0.2084974 0.9757344 0.0668674 -0.3031321 0.9505996 0.0668674 -0.3948475 0.9163101 0.0668674 -0.4827603 0.873196 0.0668674 -0.5660238 0.8216725 0.0668674 -0.6438363 0.7622359 0.0668674 -0.7154482 0.6954586 0.0668674 -0.78017 0.6219835 0.0668674 -0.8373783 0.5425185 0.0668674 -0.8865222 0.4578287 0.0668674 -0.9271284 0.3687297 0.0668674 -0.9588059 0.2760797 0.0668674 -0.9812495 0.1807709 0.0668674 -0.9942432 0.0837212 0.0668674 -0.9976617 0.0141348 -0.0668674 -0.9942432 -0.0837212 -0.0668674 -0.9812495 -0.1807709 -0.0668674 -0.9588059 -0.2760797 -0.0668674 -0.9271284 -0.3687297 -0.0668674 -0.8865222 -0.4578287 -0.0668674 -0.8373783 -0.5425185 -0.0668674 -0.78017 -0.6219835 -0.0668674 -0.7154482 -0.6954586 -0.0668674 -0.6438363 -0.7622359 -0.0668674 -0.5660238 -0.8216725 -0.0668674 -0.4827603 -0.873196 -0.0668674 -0.3948475 -0.9163101 -0.0668674 -0.3031321 -0.9505996 -0.0668674 -0.2084974 -0.9757344 -0.0668674 -0.1118547 -0.9914723 -0.0668674 -0.0141348 -0.9976617 -0.0668674 0.0837212 -0.9942432 -0.0668674 0.1807709 -0.9812495 -0.0668674 0.2760797 -0.9588059 -0.0668674 0.3687297 -0.9271284 -0.0668674 0.4578287 -0.8865222 -0.0668674 0.5425185 -0.8373783 -0.0668674 0.6219835 -0.78017 -0.0668674 0.6954586 -0.7154482 -0.0668674 0.7622359 -0.6438363 -0.0668674 0.8216725 -0.5660238 -0.0668674 0.873196 -0.4827603 -0.0668674 0.9163101 -0.3948475 -0.0668674 0.9505996 -0.3031321 -0.0668674 0.9757344 -0.2084974 -0.0668674 0.9914723 -0.1118547 -0.0668674 0.9976617 -0.0141348 -0.0668674 0.9942432 0.0837212 -0.0668674 0.9812495 0.1807709 -0.0668674 0.9588059 0.2760797 -0.0668674 0.9271284 0.3687297 -0.0668674 0.8865222 0.4578287 -0.0668674 0.8373783 0.5425185 -0.0668674 0.78017 0.6219835 -0.0668674 0.7154482 0.6954586 -0.0668674 0.6438363 0.7622359 -0.0668674 0.5660238 0.8216725 -0.0668674 0.4827603 0.873196 -0.0668674 0.3948475 0.9163101 -0.0668674 0.3031321 0.9505996 -0.0668674 0.2084974 0.9757344 -0.0668674 0.1118547 0.9914723 -0.0668674 0.0141348 0.9976617 -0.0668674 -0.0837212 0.9942432 -0.0668674 -0.1807709 0.9812495 -0.0668674 -0.2760797 0.9588059 -0.0668674 -0.3687297 0.9271284 -0.0668674 -0.4578287 0.8865222 -0.0668674 -0.5425185 0.8373783 -0.0668674 -0.6219835 0.78017 -0.0668674 -0.6954586 0.7154482 -0.0668674 -0.7622359 0.6438363 -0.0668674 -0.8216725 0.5660238 -0.0668674 -0.873196 0.4827603 -0.0668674 -0.9163101 0.3948475 -0.0668674 -0.9505996 0.3031321 -0.0668674 -0.9757344 0.2084974 -0.0668674 -0.9914723 0.1118547 -0.0668674 -0.071827 0.0011628 -0.9974164 -0.0715952 -0.005883 -0.9974164 -0.0706738 -0.0128723 -0.9974164 -0.0690718 -0.0197375 -0.9974164 -0.0668045 -0.0264127 -0.9974164 -0.063894 -0.0328335 -0.9974164 -0.060368 -0.0389381 -0.9974164 -0.0562608 -0.0446677 -0.9974164 -0.0516116 -0.0499671 -0.9974164 -0.0464655 -0.0547854 -0.9974164 -0.0408718 -0.059076 -0.9974164 -0.0348846 -0.0627976 -0.9974164 -0.0285613 -0.0659145 -0.9974164 -0.0219631 -0.0683966 -0.9974164 -0.0151533 -0.07022 -0.9974164 -0.0081975 -0.0713672 -0.9974164 -0.0011628 -0.071827 -0.9974164 0.005883 -0.0715952 -0.9974164 0.0128723 -0.0706738 -0.9974164 0.0197375 -0.0690718 -0.9974164 0.0264127 -0.0668045 -0.9974164 0.0328335 -0.063894 -0.9974164 0.0389381 -0.060368 -0.9974164 0.0446677 -0.0562608 -0.9974164 0.0499671 -0.0516116 -0.9974164 0.0547854 -0.0464655 -0.9974164 0.059076 -0.0408718 -0.9974164 0.0627976 -0.0348846 -0.9974164 0.0659145 -0.0285613 -0.9974164 0.0683966 -0.0219631 -0.9974164 0.07022 -0.0151533 -0.9974164 0.0713672 -0.0081975 -0.9974164 0.071827 -0.0011628 -0.9974164 0.0715952 0.005883 -0.9974164 0.0706738 0.0128723 -0.9974164 0.0690718 0.0197375 -0.9974164 0.0668045 0.0264127 -0.9974164 0.063894 0.0328335 -0.9974164 0.060368 0.0389381 -0.9974164 0.0562608 0.0446677 -0.9974164 0.0516116 0.0499671 -0.9974164 0.0464655 0.0547854 -0.9974164 0.0408718 0.059076 -0.9974164 0.0348846 0.0627976 -0.9974164 0.0285613 0.0659145 -0.9974164 0.0219631 0.0683966 -0.9974164 0.0151533 0.07022 -0.9974164 0.0081975 0.0713672 -0.9974164 0.0011628 0.071827 -0.9974164 -0.005883 0.0715952 -0.9974164 -0.0128723 0.0706738 -0.9974164 -0.0197375 0.0690718 -0.9974164 -0.0264127 0.0668045 -0.9974164 -0.0328335 0.063894 -0.9974164 -0.0389381 0.060368 -0.9974164 -0.0446677 0.0562608 -0.9974164 -0.0499671 0.0516116 -0.9974164 -0.0547854 0.0464655 -0.9974164 -0.059076 0.0408718 -0.9974164 -0.0627976 0.0348846 -0.9974164 -0.0659145 0.0285613 -0.9974164 -0.0683966 0.0219631 -0.9974164 -0.07022 0.0151533 -0.9974164 -0.0713672 0.0081975 -0.9974164</float_array>
          <technique_common>
            <accessor source="#mesh1-normals-array" count="512" stride="3">
              <param name="X" type="float" />
              <param name="Y" type="float" />
              <param name="Z" type="float" />
            </accessor>
          </technique_common>
        </source>
        <vertices id="mesh1-vertices">
          <input semantic="POSITION" source="#mesh1-positions" />
        </vertices>
        <triangles count="1024" material="alloy">
          <input semantic="VERTEX" source="#mesh1-vertices" offset="0" />
          <input semantic="NORMAL" source="#mesh1-normals" offset="1" />
          <p>0 0 1 1 65 65 0 0 65 65 64 64 1 1 2 2 66 66 1 1 66 66 65 65 2 2 3 3 67 67 2 2 67 67 66 66 3 3 4 4 68 68 3 3 68 68 67 67 4 4 5 5 69 69 4 4 69 69 68 68 5 5 6 6 70 70 5 5 70 70 69 69 6 6 7 7 71 71 6 6 71 71 70 70 7 7 8 8 72 72 7 7 72 72 71 71 8 8 9 9 73 73 8 8 73 73 72 72 9 9 10 10 74 74 9 9 74 74 73 73 10 10 11 11 75 75 10 10 75 75 74 74 11 11 12 12 76 76 11 11 76 76 75 75 12 12 13 13 77 77 12 12 77 77 76 76 13 13 14 14 78 78 13 13 78 78 77 77 14 14 15 15 79 79 14 14 79 79 78 78 15 15 16 16 80 80 15 15 80 80 79 79 16 16 17 17 81 81 16 16 81 81 80 80 17 17 18 18 82 82 17 17 82 82 81 81 18 18 19 19 83 83 18 18 83 83 82 82 19 19 20 20 84 84 19 19 84 84 83 83 20 20 21 21 85 85 20 20 85 85 84 84 21 21 22 22 86 86 21 21 86 86 85 85 22 22 23 23 87 87 22 22 87 87 86 86 23 23 24 24 88 88 23 23 88 88 87 87 24 24 25 25 89 89 24 24 89 89 88 88 25 25 26 26 90 90 25 25 90 90 89 89 26 26 27 27 91 91 26 26 91 91 90 90 27 27 28 28 92 92 27 27 92 92 91 91 28 28 29 29 93 93 28 28 93 93 92 92 29 29 30 30 94 94 29 29 94 94 93 93 30 30 31 31 95 95 30 30 95 95 94 94 31 31 32 32 96 96 31 31 96 96 95 95 32 32 33 33 97 97 32 32 97 97 96 96 33 33 34 34 98 98 33 33 98 98 97 97 34 34 35 35 99 99 34 34 99 99 98 98 35 35 36 36 100 100 35 35 100 100 99 99 36 36 37 37 101 101 36 36 101 101 100 100 37 37 38 38 102 102 37 37 102 102 101 101 38 38 39 39 103 103 38 38 103 103 102 102 39 39 40 40 104 104 39 39 104 104 103 103 40 40 41 41 105 105 40 40 105 105 104 104 41 41 42 42 106 106 41 41 106 106 105 105 42 42 43 43 107 107 42 42 107 107 106 106 43 43 44 44 108 108 43 43 108 108 107 107 44 44 45 45 109 109 44 44 109 109 108 108 45 45 46 46 110 110 45 45 110 110 109 109 46 46 47 47 111 111 46 46 111 111 110 110 47 47 48 48 112 112 47 47 112 112 111 111 48 48 49 49 113 113 48 48 113 113 112 112 49 49 50 50 114 114 49 49 114 114 113 113 50 50 51 51 115 115 50 50 115 115 114 114 51 51 52 52 116 116 51 51 116 116 115 115 52 52 53 53 117 117 52 52 117 117 116 116 53 53 54 54 118 118 53 53 118 118 117 117 54 54 55 55 119 119 54 54 119 119 118 118 55 55 56 56 120 120 55 55 120 120 119 119 56 56 57 57 121 121 56 56 121 121 120 120 57 57 58 58 122 122 57 57 122 122 121 121 58 58 59 59 123 123 58 58 123 123 122 122 59 59 60 60 124 124 59 59 124 124 123 123 60 60 61 61 125 125 60 60 125 125 124 124 61 61 62 62 126 126 61 61 126 126 125 125 62 62 63 63 127 127 62 62 127 127 126 126 63 63 0 0 64 64 63 63 64 64 127 127 64 64 65 65 129 129 64 64 129 129 128 128 65 65 66 66 130 130 65 65 130 130 129 129 66 66 67 67 131 131 66 66 131 131 130 130 67 67 68 68 132 132 67 67 132 132 131 131 68 68 69 69 133 133 68 68 133 133 132 132 69 69 70 70 134 134 69 69 134 134 133 133 70 70 71 71 135 135 70 70 135 135 134 134 71 71 72 72 136 136 71 71 136 136 135 135 72 72 73 73 137 137 72 72 137 137 136 136 73 73 74 74 138 138 73 73 138 138 137 137 74 74 75 75 139 139 74 74 139 139 138 138 75 75 76 76 140 140 75 75 140 140 139 139 76 76 77 77 141 141 76 76 141 141 140 140 77 77 78 78 142 142 77 77 142 142 141 141 78 78 79 79 143 143 78 78 143 143 142 142 79 79 80 80 144 144 79 79 144 144 143 143 80 80 81 81 145 145 80 80 145 145 144 144 81 81 82 82 146 146 81 81 146 146 145 145 82 82 83 83 147 147 82 82 147 147 146 146 83 83 84 84 148 148 83 83 148 148 147 147 84 84 85 85 149 149 84 84 149 149 148 148 85 85 86 86 150 150 85 85 150 150 149 149 86 86 87 87 151 151 86 86 151 151 150 150 87 87 88 88 152 152 87 87 152 152 151 151 88 88 89 89 153 153 88 88 153 153 152 152 89 89 90 90 154 154 89 89 154 154 153 153 90 90 91 91 155 155 90 90 155 155 154 154 91 91 92 92 156 156 91 91 156 156 155 155 92 92 93 93 157 157 92 92 157 157 156 156 93 93 94 94 158 158 93 93 158 158 157 157 94 94 95 95 159 159 94 94 159 159 158 158 95 95 96 96 160 160 95 95 160 160 159 159 96 96 97 97 161 161 96 96 161 161 160 160 97 97 98 98 162 162 97 97 162 162 161 161 98 98 99 99 163 163 98 98 163 163 162 162 99 99 100 100 164 164 99 99 164 164 163 163 100 100 101 101 165 165 100 100 165 165 164 164 101 101 102 102 166 166 101 101 166 166 165 165 102 102 103 103 167 167 102 102 167 167 166 166 103 103 104 104 168 168 103 103 168 168 167 167 104 104 105 105 169 169 104 104 169 169 168 168 105 105 106 106 170 170 105 105 170 170 169 169 106 106 107 107 171 171 106 106 171 171 170 170 107 107 108 108 172 172 107 107 172 172 171 171 108 108 109 109 173 173 108 108 173 173 172 172 109 109 110 110 174 174 109 109 174 174 173 173 110 110 111 111 175 175 110 110 175 175 174 174 111 111 112 112 176 176 111 111 176 176 175 175 112 112 113 113 177 177 112 112 177 177 176 176 113 113 114 114 178 178 113 113 178 178 177 177 114 114 115 115 179 179 114 114 179 179 178 178 115 115 116 116 180 180 115 115 180 180 179 179 116 116 117 117 181 181 116 116 181 181 180 180 117 117 118 118 182 182 117 117 182 182 181 181 118 118 119 119 183 183 118 118 183 183 182 182 119 119 120 120 184 184 119 119 184 184 183 183 120 120 121 121 185 185 120 120 185 185 184 184 121 121 122 122 186 186 121 121 186 186 185 185 122 122 123 123 187 187 122 122 187 187 186 186 123 123 124 124 188 188 123 123 188 188 187 187 124 124 125 125 189 189 124 124 189 189 188 188 125 125 126 126 190 190 125 125 190 190 189 189 126 126 127 127 191 191 126 126 191 191 190 190 127 127 64 64 128 128 127 127 128 128 191 191 128 128 129 129 193 193 128 128 193 193 192 192 129 129 130 130 194 194 129 129 194 194 193 193 130 130 131 131 195 195 130 130 195 195 194 194 131 131 132 132 196 196 131 131 196 196 195 195 132 132 133 133 197 197 132 132 197 197 196 196 133 133 134 134 198 198 133 133 198 198 197 197 134 134 135 135 199 199 134 134 199 199 198 198 135 135 136 136 200 200 135 135 200 200 199 199 136 136 137 137 201 201 136 136 201 201 200 200 137 137 138 138 202 202 137 137 202 202 201 201 138 138 139 139 203 203 138 138 203 203 202 202 139 139 140 140 204 204 139 139 204 204 203 203 140 140 141 141 205 205 140 140 205 205 204 204 141 141 142 142 206 206 141 141 206 206 205 205 142 142 143 143 207 207 142 142 207 207 206 206 143 143 144 144 208 208 143 143 208 208 207 207 144 144 145 145 209 209 144 144 209 209 208 208 145 145 146 146 210 210 145 145 210 210 209 209 146 146 147 147 211 211 146 146 211 211 210 210 147 147 148 148 212 212 147 147 212 212 211 211 148 148 149 149 213 213 148 148 213 213 212 212 149 149 150 150 214 214 149 149 214 214 213 213 150 150 151 151 215 215 150 150 215 215 214 214 151 151 152 152 216 216 151 151 216 216 215 215 152 152 153 153 217 217 152 152 217 217 216 216 153 153 154 154 218 218 153 153 218 218 217 217 154 154 155 155 219 219 154 154 219 219 218 218 155 155 156 156 220 220 155 155 220 220 219 219 156 156 157 157 221 221 156 156 221 221 220 220 157 157 158 158 222 222 157 157 222 222 221 221 158 158 159 159 223 223 158 158 223 223 222 222 159 159 160 160 224 224 159 159 224 224 223 223 160 160 161 161 225 225 160 160 225 225 224 224 161 161 162 162 226 226 161 161 226 226 225 225 162 162 163 163 227 227 162 162 227 227 226 226 163 163 164 164 228 228 163 163 228 228 227 227 164 164 165 165 229 229 164 164 229 229 228 228 165 165 166 166 230 230 165 165 230 230 229 229 166 166 167 167 231 231 166 166 231 231 230 230 167 167 168 168 232 232 167 167 232 232 231 231 168 168 169 169 233 233 168 168 233 233 232 232 169 169 170 170 234 234 169 169 234 234 233 233 170 170 171 171 235 235 170 170 235 235 234 234 171 171 172 172 236 236 171 171 236 236 235 235 172 172 173 173 237 237 172 172 237 237 236 236 173 173 174 174 238 238 173 173 238 238 237 237 174 174 175 175 239 239 174 174 239 239 238 238 175 175 176 176 240 240 175 175 240 240 239 239 176 176 177 177 241 241 176 176 241 241 240 240 177 177 178 178 242 242 177 177 242 242 241 241 178 178 179 179 243 243 178 178 243 243 242 242 179 179 180 180 244 244 179 179 244 244 243 243 180 180 181 181 245 245 180 180 245 245 244 244 181 181 182 182 246 246 181 181 246 246 245 245 182 182 183 183 247 247 182 182 247 247 246 246 183 183 184 184 248 248 183 183 248 248 247 247 184 184 185 185 249 249 184 184 249 249 248 248 185 185 186 186 250 250 185 185 250 250 249 249 186 186 187 187 251 251 186 186 251 251 250 250 187 187 188 188 252 252 187 187 252 252 251 251 188 188 189 189 253 253 188 188 253 253 252 252 189 189 190 190 254 254 189 189 254 254 253 253 190 190 191 191 255 255 190 190 255 255 254 254 191 191 128 128 192 192 191 191 192 192 255 255 192 192 193 193 257 257 192 192 257 257 256 256 193 193 194 194 258 258 193 193 258 258 257 257 194 194 195 195 259 259 194 194 259 259 258 258 195 195 196 196 260 260 195 195 260 260 259 259 196 196 197 197 261 261 196 196 261 261 260 260 197 197 198 198 262 262 197 197 262 262 261 261 198 198 199 199 263 263 198 198 263 263 262 262 199 199 200 200 264 264 199 199 264 264 263 263 200 200 201 201 265 265 200 200 265 265 264 264 201 201 202 202 266 266 201 201 266 266 265 265 202 202 203 203 267 267 202 202 267 267 266 266 203 203 204 204 268 268 203 203 268 268 267 267 204 204 205 205 269 269 204 204 269 269 268 268 205 205 206 206 270 270 205 205 270 270 269 269 206 206 207 207 271 271 206 206 271 271 270 270 207 207 208 208 272 272 207 207 272 272 271 271 208 208 209 209 273 273 208 208 273 273 272 272 209 209 210 210 274 274 209 209 274 274 273 273 210 210 211 211 275 275 210 210 275 275 274 274 211 211 212 212 276 276 211 211 276 276 275 275 212 212 213 213 277 277 212 212 277 277 276 276 213 213 214 214 278 278 213 213 278 278 277 277 214 214 215 215 279 279 214 214 279 279 278 278 215 215 216 216 280 280 215 215 280 280 279 279 216 216 217 217 281 281 216 216 281 281 280 280 217 217 218 218 282 282 217 217 282 282 281 281 218 218 219 219 283 283 218 218 283 283 282 282 219 219 220 220 284 284 219 219 284 284 283 283 220 220 221 221 285 285 220 220 285 285 284 284 221 221 222 222 286 286 221 221 286 286 285 285 222 222 223 223 287 287 222 222 287 287 286 286 223 223 224 224 288 288 223 223 288 288 287 287 224 224 225 225 289 289 224 224 289 289 288 288 225 225 226 226 290 290 225 225 290 290 289 289 226 226 227 227 291 291 226 226 291 291 290 290 227 227 228 228 292 292 227 227 292 292 291 291 228 228 229 229 293 293 228 228 293 293 292 292 229 229 230 230 294 294 229 229 294 294 293 293 230 230 231 231 295 295 230 230 295 295 294 294 231 231 232 232 296 296 231 231 296 296 295 295 232 232 233 233 297 297 232 232 297 297 296 296 233 233 234 234 298 298 233 233 298 298 297 297 234 234 235 235 299 299 234 234 299 299 298 298 235 235 236 236 300 300 235 235 300 300 299 299 236 236 237 237 301 301 236 236 301 301 300 300 237 237 238 238 302 302 237 237 302 302 301 301 238 238 239 239 303 303 238 238 303 303 302 302 239 239 240 240 304 304 239 239 304 304 303 303 240 240 241 241 305 305 240 240 305 305 304 304 241 241 242 242 306 306 241 241 306 306 305 305 242 242 243 243 307 307 242 242 307 307 306 306 243 243 244 244 308 308 243 243 308 308 307 307 244 244 245 245 309 309 244 244 309 309 308 308 245 245 246 246 310 310 245 245 310 310 309 309 246 246 247 247 311 311 246 246 311 311 310 310 247 247 248 248 312 312 247 247 312 312 311 311 248 248 249 249 313 313 248 248 313 313 312 312 249 249 250 250 314 314 249 249 314 314 313 313 250 250 251 251 315 315 250 250 315 315 314 314 251 251 252 252 316 316 251 251 316 316 315 315 252 252 253 253 317 317 252 252 317 317 316 316 253 253 254 254 318 318 253 253 318 318 317 317 254 254 255 255 319 319 254 254 319 319 318 318 255 255 192 192 256 256 255 255 256 256 319 319 256 256 257 257 321 321 256 256 321 321 320 320 257 257 258 258 322 322 257 257 322 322 321 321 258 258 259 259 323 323 258 258 323 323 322 322 259 259 260 260 324 324 259 259 324 324 323 323 260 260 261 261 325 325 260 260 325 325 324 324 261 261 262 262 326 326 261 261 326 326 325 325 262 262 263 263 327 327 262 262 327 327 326 326 263 263 264 264 328 328 263 263 328 328 327 327 264 264 265 265 329 329 264 264 329 329 328 328 265 265 266 266 330 330 265 265 330 330 329 329 266 266 267 267 331 331 266 266 331 331 330 330 267 267 268 268 332 332 267 267 332 332 331 331 268 268 269 269 333 333 268 268 333 333 332 332 269 269 270 270 334 334 269 269 334 334 333 333 270 270 271 271 335 335 270 270 335 335 334 334 271 271 272 272 336 336 271 271 336 336 335 335 272 272 273 273 337 337 272 272 337 337 336 336 273 273 274 274 338 338 273 273 338 338 337 337 274 274 275 275 339 339 274 274 339 339 338 338 275 275 276 276 340 340 275 275 340 340 339 339 276 276 277 277 341 341 276 276 341 341 340 340 277 277 278 278 342 342 277 277 342 342 341 341 278 278 279 279 343 343 278 278 343 343 342 342 279 279 280 280 344 344 279 279 344 344 343 343 280 280 281 281 345 345 280 280 345 345 344 344 281 281 282 282 346 346 281 281 346 346 345 345 282 282 283 283 347 347 282 282 347 347 346 346 283 283 284 284 348 348 283 283 348 348 347 347 284 284 285 285 349 349 284 284 349 349 348 348 285 285 286 286 350 350 285 285 350 350 349 349 286 286 287 287 351 351 286 286 351 351 350 350 287 287 288 288 352 352 287 287 352 352 351 351 288 288 289 289 353 353 288 288 353 353 352 352 289 289 290 290 354 354 289 289 354 354 353 353 290 290 291 291 355 355 290 290 355 355 354 354 291 291 292 292 356 356 291 291 356 356 355 355 292 292 293 293 357 357 292 292 357 357 356 356 293 293 294 294 358 358 293 293 358 358 357 357 294 294 295 295 359 359 294 294 359 359 358 358 295 295 296 296 360 360 295 295 360 360 359 359 296 296 297 297 361 361 296 296 361 361 360 360 297 297 298 298 362 362 297 297 362 362 361 361 298 298 299 299 363 363 298 298 363 363 362 362 299 299 300 300 364 364 299 299 364 364 363 363 300 300 301 301 365 365 300 300 365 365 364 364 301 301 302 302 366 366 301 301 366 366 365 365 302 302 303 303 367 367 302 302 367 367 366 366 303 303 304 304 368 368 303 303 368 368 367 367 304 304 305 305 369 369 304 304 369 369 368 368 305 305 306 306 370 370 305 305 370 370 369 369 306 306 307 307 371 371 306 306 371 371 370 370 307 307 308 308 372 372 307 307 372 372 371 371 308 308 309 309 373 373 308 308 373 373 372 372 309 309 310 310 374 374 309 309 374 374 373 373 310 310 311 311 375 375 310 310 375 375 374 374 311 311 312 312 376 376 311 311 376 376 375 375 312 312 313 313 377 377 312 312 377 377 376 376 313 313 314 314 378 378 313 313 378 378 377 377 314 314 315 315 379 379 314 314 379 379 378 378 315 315 316 316 380 380 315 315 380 380 379 379 316 316 317 317 381 381 316 316 381 381 380 380 317 317 318 318 382 382 317 317 382 382 381 381 318 318 319 319 383 383 318 318 383 383 382 382 319 319 256 256 320 320 319 319 320 320 383 383 320 320 321 321 385 385 320 320 385 385 384 384 321 321 322 322 386 386 321 321 386 386 385 385 322 322 323 323 387 387 322 322 387 387 386 386 323 323 324 324 388 388 323 323 388 388 387 387 324 324 325 325 389 389 324 324 389 389 388 388 325 325 326 326 390 390 325 325 390 390 389 389 326 326 327 327 391 391 326 326 391 391 390 390 327 327 328 328 392 392 327 327 392 392 391 391 328 328 329 329 393 393 328 328 393 393 392 392 329 329 330 330 394 394 329 329 394 394 393 393 330 330 331 331 395 395 330 330 395 395 394 394 331 331 332 332 396 396 331 331 396 396 395 395 332 332 333 333 397 397 332 332 397 397 396 396 333 333 334 334 398 398 333 333 398 398 397 397 334 334 335 335 399 399 334 334 399 399 398 398 335 335 336 336 400 400 335 335 400 400 399 399 336 336 337 337 401 401 336 336 401 401 400 400 337 337 338 338 402 402 337 337 402 402 401 401 338 338 339 339 403 403 338 338 403 403 402 402 339 339 340 340 404 404 339 339 404 404 403 403 340 340 341 341 405 405 340 340 405 405 404 404 341 341 342 342 406 406 341 341 406 406 405 405 342 342 343 343 407 407 342 342 407 407 406 406 343 343 344 344 408 408 343 343 408 408 407 407 344 344 345 345 409 409 344 344 409 409 408 408 345 345 346 346 410 410 345 345 410 410 409 409 346 346 347 347 411 411 346 346 411 411 410 410 347 347 348 348 412 412 347 347 412 412 411 411 348 348 349 349 413 413 348 348 413 413 412 412 349 349 350 350 414 414 349 349 414 414 413 413 350 350 351 351 415 415 350 350 415 415 414 414 351 351 352 352 416 416 351 351 416 416 415 415 352 352 353 353 417 417 352 352 417 417 416 416 353 353 354 354 418 418 353 353 418 418 417 417 354 354 355 355 419 419 354 354 419 419 418 418 355 355 356 356 420 420 355 355 420 420 419 419 356 356 357 357 421 421 356 356 421 421 420 420 357 357 358 358 422 422 357 357 422 422 421 421 358 358 359 359 423 423 358 358 423 423 422 422 359 359 360 360 424 424 359 359 424 424 423 423 360 360 361 361 425 425 360 360 425 425 424 424 361 361 362 362 426 426 361 361 426 426 425 425 362 362 363 363 427 427 362 362 427 427 426 426 363 363 364 364 428 428 363 363 428 428 427 427 364 364 365 365 429 429 364 364 429 429 428 428 365 365 366 366 430 430 365 365 430 430 429 429 366 366 367 367 431 431 366 366 431 431 430 430 367 367 368 368 432 432 367 367 432 432 431 431 368 368 369 369 433 433 368 368 433 433 432 432 369 369 370 370 434 434 369 369 434 434 433 433 370 370 371 371 435 435 370 370 435 435 434 434 371 371 372 372 436 436 371 371 436 436 435 435 372 372 373 373 437 437 372 372 437 437 436 436 373 373 374 374 438 438 373 373 438 438 437 437 374 374 375 375 439 439 374 374 439 439 438 438 375 375 376 376 440 440 375 375 440 440 439 439 376 376 377 377 441 441 376 376 441 441 440 440 377 377 378 378 442 442 377 377 442 442 441 441 378 378 379 379 443 443 378 378 443 443 442 442 379 379 380 380 444 444 379 379 444 444 443 443 380 380 381 381 445 445 380 380 445 445 444 444 381 381 382 382 446 446 381 381 446 446 445 445 382 382 383 383 447 447 382 382 447 447 446 446 383 383 320 320 384 384 383 383 384 384 447 447 384 384 385 385 449 449 384 384 449 449 448 448 385 385 386 386 450 450 385 385 450 450 449 449 386 386 387 387 451 451 386 386 451 451 450 450 387 387 388 388 452 452 387 387 452 452 451 451 388 388 389 389 453 453 388 388 453 453 452 452 389 389 390 390 454 454 389 389 454 454 453 453 390 390 391 391 455 455 390 390 455 455 454 454 391 391 392 392 456 456 391 391 456 456 455 455 392 392 393 393 457 457 392 392 457 457 456 456 393 393 394 394 458 458 393 393 458 458 457 457 394 394 395 395 459 459 394 394 459 459 458 458 395 395 396 396 460 460 395 395 460 460 459 459 396 396 397 397 461 461 396 396 461 461 460 460 397 397 398 398 462 462 397 397 462 462 461 461 398 398 399 399 463 463 398 398 463 463 462 462 399 399 400 400 464 464 399 399 464 464 463 463 400 400 401 401 465 465 400 400 465 465 464 464 401 401 402 402 466 466 401 401 466 466 465 465 402 402 403 403 467 467 402 402 467 467 466 466 403 403 404 404 468 468 403 403 468 468 467 467 404 404 405 405 469 469 404 404 469 469 468 468 405 405 406 406 470 470 405 405 470 470 469 469 406 406 407 407 471 471 406 406 471 471 470 470 407 407 408 408 472 472 407 407 472 472 471 471 408 408 409 409 473 473 408 408 473 473 472 472 409 409 410 410 474 474 409 409 474 474 473 473 410 410 411 411 475 475 410 410 475 475 474 474 411 411 412 412 476 476 411 411 476 476 475 475 412 412 413 413 477 477 412 412 477 477 476 476 413 413 414 414 478 478 413 413 478 478 477 477 414 414 415 415 479 479 414 414 479 479 478 478 415 415 416 416 480 480 415 415 480 480 479 479 416 416 417 417 481 481 416 416 481 481 480 480 417 417 418 418 482 482 417 417 482 482 481 481 418 418 419 419 483 483 418 418 483 483 482 482 419 419 420 420 484 484 419 419 484 484 483 483 420 420 421 421 485 485 420 420 485 485 484 484 421 421 422 422 486 486 421 421 486 486 485 485 422 422 423 423 487 487 422 422 487 487 486 486 423 423 424 424 488 488 423 423 488 488 487 487 424 424 425 425 489 489 424 424 489 489 488 488 425 425 426 426 490 490 425 425 490 490 489 489 426 426 427 427 491 491 426 426 491 491 490 490 427 427 428 428 492 492 427 427 492 492 491 491 428 428 429 429 493 493 428 428 493 493 492 492 429 429 430 430 494 494 429 429 494 494 493 493 430 430 431 431 495 495 430 430 495 495 494 494 431 431 432 432 496 496 431 431 496 496 495 495 432 432 433 433 497 497 432 432 497 497 496 496 433 433 434 434 498 498 433 433 498 498 497 497 434 434 435 435 499 499 434 434 499 499 498 498 435 435 436 436 500 500 435 435 500 500 499 499 436 436 437 437 501 501 436 436 501 501 500 500 437 437 438 438 502 502 437 437 502 502 501 501 438 438 439 439 503 503 438 438 503 503 502 502 439 439 440 440 504 504 439 439 504 504 503 503 440 440 441 441 505 505 440 440 505 505 504 504 441 441 442 442 506 506 441 441 506 506 505 505 442 442 443 443 507 507 442 442 507 507 506 506 443 443 444 444 508 508 443 443 508 508 507 507 444 444 445 445 509 509 444 444 509 509 508 508 445 445 446 446 510 510 445 445 510 510 509 509 446 446 447 447 511 511 446 446 511 511 510 510 447 447 384 384 448 448 447 447 448 448 511 511 448 448 449 449 1 1 448 448 1 1 0 0 449 449 450 450 2 2 449 449 2 2 1 1 450 450 451 451 3 3 450 450 3 3 2 2 451 451 452 452 4 4 451 451 4 4 3 3 452 452 453 453 5 5 452 452 5 5 4 4 453 453 454 454 6 6 453 453 6 6 5 5 454 454 455 455 7 7 454 454 7 7 6 6 455 455 456 456 8 8 455 455 8 8 7 7 456 456 457 457 9 9 456 456 9 9 8 8 457 457 458 458 10 10 457 457 10 10 9 9 458 458 459 459 11 11 458 458 11 11 10 10 459 459 460 460 12 12 459 459 12 12 11 11 460 460 461 461 13 13 460 460 13 13 12 12 461 461 462 462 14 14 461 461 14 14 13 13 462 462 463 463 15 15 462 462 15 15 14 14 463 463 464 464 16 16 463 463 16 16 15 15 464 464 465 465 17 17 464 464 17 17 16 16 465 465 466 466 18 18 465 465 18 18 17 17 466 466 467 467 19 19 466 466 19 19 18 18 467 467 468 468 20 20 467 467 20 20 19 19 468 468 469 469 21 21 468 468 21 21 20 20 469 469 470 470 22 22 469 469 22 22 21 21 470 470 471 471 23 23 470 470 23 23 22 22 471 471 472 472 24 24 471 471 24 24 23 23 472 472 473 473 25 25 472 472 25 25 24 24 473 473 474 474 26 26 473 473 26 26 25 25 474 474 475 475 27 27 474 474 27 27 26 26 475 475 476 476 28 28 475 475 28 28 27 27 476 476 477 477 29 29 476 476 29 29 28 28 477 477 478 478 30 30 477 477 30 30 29 29 478 478 479 479 31 31 478 478 31 31 30 30 479 479 480 480 32 32 479 479 32 32 31 31 480 480 481 481 33 33 480 480 33 33 32 32 481 481 482 482 34 34 481 481 34 34 33 33 482 482 483 483 35 35 482 482 35 35 34 34 483 483 484 484 36 36 483 483 36 36 35 35 484 484 485 485 37 37 484 484 37 37 36 36 485 485 486 486 38 38 485 485 38 38 37 37 486 486 487 487 39 39 486 486 39 39 38 38 487 487 488 488 40 40 487 487 40 40 39 39 488 488 489 489 41 41 488 488 41 41 40 40 489 489 490 490 42 42 489 489 42 42 41 41 490 490 491 491 43 43 490 490 43 43 42 42 491 491 492 492 44 44 491 491 44 44 43 43 492 492 493 493 45 45 492 492 45 45 44 44 493 493 494 494 46 46 493 493 46 46 45 45 494 494 495 495 47 47 494 494 47 47 46 46 495 495 496 496 48 48 495 495 48 48 47 47 496 496 497 497 49 49 496 496 49 49 48 48 497 497 498 498 50 50 497 497 50 50 49 49 498 498 499 499 51 51 498 498 51 51 50 50 499 499 500 500 52 52 499 499 52 52 51 51 500 500 501 501 53 53 500 500 53 53 52 52 501 501 502 502 54 54 501 501 54 54 53 53 502 502 503 503 55 55 502 502 55 55 54 54 503 503 504 504 56 56 503 503 56 56 55 55 504 504 505 505 57 57 504 504 57 57 56 56 505 505 506 506 58 58 505 505 58 58 57 57 506 506 507 507 59 59 506 506 59 59 58 58 507 507 508 508 60 60 507 507 60 60 59 59 508 508 509 509 61 61 508 508 61 61 60 60 509 509 510 510 62 62 509 509 62 62 61 61 510 510 511 511 63 63 510 510 63 63 62 62 511 511 448 448 0 0 511 511 0 0 63 63</p>
        </triangles>
      </mesh>
    </geometry>
    <geometry id="mesh2">
      <mesh>
        <source id="mesh2-positions">
          <float_array id="mesh2-positions-array" count="774">0.061 0.0 -0.029 0.0607063 0.005979 -0.029 0.0598279 0.0119005 -0.029 0.0583734 0.0177074 -0.029 0.0563567 0.0233437 -0.029 0.0537972 0.0287552 -0.029 0.0507196 0.0338898 -0.029 0.0471536 0.038698 -0.029 0.0431335 0.0431335 -0.029 0.038698 0.0471536 -0.029 0.0338898 0.0507196 -0.029 0.0287552 0.0537972 -0.029 0.0233437 0.0563567 -0.029 0.0177074 0.0583734 -0.029 0.0119005 0.0598279 -0.029 0.005979 0.0607063 -0.029 0.0 0.061 -0.029 -0.005979 0.0607063 -0.029 -0.0119005 0.0598279 -0.029 -0.0177074 0.0583734 -0.029 -0.0233437 0.0563567 -0.029 -0.0287552 0.0537972 -0.029 -0.0338898 0.0507196 -0.029 -0.038698 0.0471536 -0.029 -0.0431335 0.0431335 -0.029 -0.0471536 0.038698 -0.029 -0.0507196 0.0338898 -0.029 -0.0537972 0.0287552 -0.029 -0.0563567 0.0233437 -0.029 -0.0583734 0.0177074 -0.029 -0.0598279 0.0119005 -0.029 -0.0607063 0.005979 -0.029 -0.061 0.0 -0.029 -0.0607063 -0.005979 -0.029 -0.0598279 -0.0119005 -0.029 -0.0583734 -0.0177074 -0.029 -0.0563567 -0.0233437 -0.029 -0.0537972 -0.0287552 -0.029 -0.0507196 -0.0338898 -0.029 -0.0471536 -0.038698 -0.029 -0.0431335 -0.0431335 -0.029 -0.038698 -0.0471536 -0.029 -0.0338898 -0.0507196 -0.029 -0.0287552 -0.0537972 -0.029 -0.0233437 -0.0563567 -0.029 -0.0177074 -0.0583734 -0.029 -0.0119005 -0.0598279 -0.029 -0.005979 -0.0607063 -0.029 -0.0 -0.061 -0.029 0.005979 -0.0607063 -0.029 0.0119005 -0.0598279 -0.029 0.0177074 -0.0583734 -0.029 0.0233437 -0.0563567 -0.029 0.0287552 -0.0537972 -0.029 0.0338898 -0.0507196 -0.029 0.038698 -0.0471536 -0.029 0.0431335 -0.0431335 -0.029 0.0471536 -0.038698 -0.029 0.0507196 -0.0338898 -0.029 0.0537972 -0.0287552 -0.029 0.0563567 -0.0233437 -0.029 0.0583734 -0.0177074 -0.029 0.0598279 -0.0119005 -0.029 0.0607063 -0.005979 -0.029 0.062 0.0 -0.028 0.0617015 0.0060771 -0.028 0.0608087 0.0120956 -0.028 0.0593303 0.0179976 -0.028 0.0572805 0.0237264 -0.028 0.0546791 0.0292266 -0.028 0.0515511 0.0344454 -0.028 0.0479266 0.0393324 -0.028 0.0438406 0.0438406 -0.028 0.0393324 0.0479266 -0.028 0.0344454 0.0515511 -0.028 0.0292266 0.0546791 -0.028 0.0237264 0.0572805 -0.028 0.0179976 0.0593303 -0.028 0.0120956 0.0608087 -0.028 0.0060771 0.0617015 -0.028 0.0 0.062 -0.028 -0.0060771 0.0617015 -0.028 -0.0120956 0.0608087 -0.028 -0.0179976 0.0593303 -0.028 -0.0237264 0.0572805 -0.028 -0.0292266 0.0546791 -0.028 -0.0344454 0.0515511 -0.028 -0.0393324 0.0479266 -0.028 -0.0438406 0.0438406 -0.028 -0.0479266 0.0393324 -0.028 -0.0515511 0.0344454 -0.028 -0.0546791 0.0292266 -0.028 -0.0572805 0.0237264 -0.028 -0.0593303 0.0179976 -0.028 -0.0608087 0.0120956 -0.028 -0.0617015 0.0060771 -0.028 -0.062 0.0 -0.028 -0.0617015 -0.0060771 -0.028 -0.0608087 -0.0120956 -0.028 -0.0593303 -0.0179976 -0.028 -0.0572805 -0.0237264 -0.028 -0.0546791 -0.0292266 -0.028 -0.0515511 -0.0344454 -0.028 -0.0479266 -0.0393324 -0.028 -0.0438406 -0.0438406 -0.028 -0.0393324 -0.0479266 -0.028 -0.0344454 -0.0515511 -0.028 -0.0292266 -0.0546791 -0.028 -0.0237264 -0.0572805 -0.028 -0.0179976 -0.0593303 -0.028 -0.0120956 -0.0608087 -0.028 -0.0060771 -0.0617015 -0.028 -0.0 -0.062 -0.028 0.0060771 -0.0617015 -0.028 0.0120956 -0.0608087 -0.028 0.0179976 -0.0593303 -0.028 0.0237264 -0.0572805 -0.028 0.0292266 -0.0546791 -0.028 0.0344454 -0.0515511 -0.028 0.0393324 -0.0479266 -0.028 0.0438406 -0.0438406 -0.028 0.0479266 -0.0393324 -0.028 0.0515511 -0.0344454 -0.028 0.0546791 -0.0292266 -0.028 0.0572805 -0.0237264 -0.028 0.0593303 -0.0179976 -0.028 0.0608087 -0.0120956 -0.028 0.0617015 -0.0060771 -0.028 0.062 0.0 -0.022 0.0617015 0.0060771 -0.022 0.0608087 0.0120956 -0.022 0.0593303 0.0179976 -0.022 0.0572805 0.0237264 -0.022 0.0546791 0.0292266 -0.022 0.0515511 0.0344454 -0.022 0.0479266 0.0393324 -0.022 0.0438406 0.0438406 -0.022 0.0393324 0.0479266 -0.022 0.0344454 0.0515511 -0.022 0.0292266 0.0546791 -0.022 0.0237264 0.0572805 -0.022 0.0179976 0.0593303 -0.022 0.0120956 0.0608087 -0.022 0.0060771 0.0617015 -0.022 0.0 0.062 -0.022 -0.0060771 0.0617015 -0.022 -0.0120956 0.0608087 -0.022 -0.0179976 0.0593303 -0.022 -0.0237264 0.0572805 -0.022 -0.0292266 0.0546791 -0.022 -0.0344454 0.0515511 -0.022 -0.0393324 0.0479266 -0.022 -0.0438406 0.0438406 -0.022 -0.0479266 0.0393324 -0.022 -0.0515511 0.0344454 -0.022 -0.0546791 0.0292266 -0.022 -0.0572805 0.0237264 -0.022 -0.0593303 0.0179976 -0.022 -0.0608087 0.0120956 -0.022 -0.0617015 0.0060771 -0.022 -0.062 0.0 -0.022 -0.0617015 -0.0060771 -0.022 -0.0608087 -0.0120956 -0.022 -0.0593303 -0.0179976 -0.022 -0.0572805 -0.0237264 -0.022 -0.0546791 -0.0292266 -0.022 -0.0515511 -0.0344454 -0.022 -0.0479266 -0.0393324 -0.022 -0.0438406 -0.0438406 -0.022 -0.0393324 -0.0479266 -0.022 -0.0344454 -0.0515511 -0.022 -0.0292266 -0.0546791 -0.022 -0.0237264 -0.0572805 -0.022 -0.0179976 -0.0593303 -0.022 -0.0120956 -0.0608087 -0.022 -0.0060771 -0.0617015 -0.022 -0.0 -0.062 -0.022 0.0060771 -0.0617015 -0.022 0.0120956 -0.0608087 -0.022 0.0179976 -0.0593303 -0.022 0.0237264 -0.0572805 -0.022 0.0292266 -0.0546791 -0.022 0.0344454 -0.0515511 -0.022 0.0393324 -0.0479266 -0.022 0.0438406 -0.0438406 -0.022 0.0479266 -0.0393324 -0.022 0.0515511 -0.0344454 -0.022 0.0546791 -0.0292266 -0.022 0.0572805 -0.0237264 -0.022 0.0593303 -0.0179976 -0.022 0.0608087 -0.0120956 -0.022 0.0617015 -0.0060771 -0.022 0.061 0.0 -0.021 0.0607063 0.005979 -0.021 0.0598279 0.0119005 -0.021 0.0583734 0.0177074 -0.021 0.0563567 0.0233437 -0.021 0.0537972 0.0287552 -0.021 0.0507196 0.0338898 -0.021 0.0471536 0.038698 -0.021 0.0431335 0.0431335 -0.021 0.038698 0.0471536 -0.021 0.0338898 0.0507196 -0.021 0.0287552 0.0537972 -0.021 0.0233437 0.0563567 -0.021 0.0177074 0.0583734 -0.021 0.0119005 0.0598279 -0.021 0.005979 0.0607063 -0.021 0.0 0.061 -0.021 -0.005979 0.0607063 -0.021 -0.0119005 0.0598279 -0.021 -0.0177074 0.0583734 -0.021 -0.0233437 0.0563567 -0.021 -0.0287552 0.0537972 -0.021 -0.0338898 0.0507196 -0.021 -0.038698 0.0471536 -0.021 -0.0431335 0.0431335 -0.021 -0.0471536 0.038698 -0.021 -0.0507196 0.0338898 -0.021 -0.0537972 0.0287552 -0.021 -0.0563567 0.0233437 -0.021 -0.0583734 0.0177074 -0.021 -0.0598279 0.0119005 -0.021 -0.0607063 0.005979 -0.021 -0.061 0.0 -0.021 -0.0607063 -0.005979 -0.021 -0.0598279 -0.0119005 -0.021 -0.0583734 -0.0177074 -0.021 -0.0563567 -0.0233437 -0.021 -0.0537972 -0.0287552 -0.021 -0.0507196 -0.0338898 -0.021 -0.0471536 -0.038698 -0.021 -0.0431335 -0.0431335 -0.021 -0.038698 -0.0471536 -0.021 -0.0338898 -0.0507196 -0.021 -0.0287552 -0.0537972 -0.021 -0.0233437 -0.0563567 -0.021 -0.0177074 -0.0583734 -0.021 -0.0119005 -0.0598279 -0.021 -0.005979 -0.0607063 -0.021 -0.0 -0.061 -0.021 0.005979 -0.0607063 -0.021 0.0119005 -0.0598279 -0.021 0.0177074 -0.0583734 -0.021 0.0233437 -0.0563567 -0.021 0.0287552 -0.0537972 -0.021 0.0338898 -0.0507196 -0.021 0.038698 -0.0471536 -0.021 0.0431335 -0.0431335 -0.021 0.0471536 -0.038698 -0.021 0.0507196 -0.0338898 -0.021 0.0537972 -0.0287552 -0.021 0.0563567 -0.0233437 -0.021 0.0583734 -0.0177074 -0.021 0.0598279 -0.0119005 -0.021 0.0607063 -0.005979 -0.021 -0.0 -0.0 -0.029 -0.0 -0.0 -0.021</float_array>
          <technique_common>
            <accessor source="#mesh2-positions-array" count="258" stride="3">
              <param name="X" type="float" />
              <param name="Y" type="float" />
              <param name="Z" type="float" />
            </accessor>
          </technique_common>
        </source>
        <source id="mesh2-normals">
          <float_array id="mesh2-normals-array" count="774">0.024121 0.0003993 -0.999709 0.0239657 0.0027616 -0.999709 0.0235796 0.0050974 -0.999709 0.0229664 0.007384 -0.999709 0.0221321 0.0095996 -0.999709 0.0210846 0.0117227 -0.999709 0.019834 0.0137329 -0.999709 0.0183924 0.0156108 -0.999709 0.0167738 0.0173384 -0.999709 0.0149935 0.0188991 -0.999709 0.0130689 0.0202777 -0.999709 0.0110184 0.021461 -0.999709 0.0088618 0.0224377 -0.999709 0.0066198 0.0231982 -0.999709 0.0043141 0.0237354 -0.999709 0.0019669 0.0240439 -0.999709 -0.0003993 0.024121 -0.999709 -0.0027616 0.0239657 -0.999709 -0.0050974 0.0235796 -0.999709 -0.007384 0.0229664 -0.999709 -0.0095996 0.0221321 -0.999709 -0.0117227 0.0210846 -0.999709 -0.0137329 0.019834 -0.999709 -0.0156108 0.0183924 -0.999709 -0.0173384 0.0167738 -0.999709 -0.0188991 0.0149935 -0.999709 -0.0202777 0.0130689 -0.999709 -0.021461 0.0110184 -0.999709 -0.0224377 0.0088618 -0.999709 -0.0231982 0.0066198 -0.999709 -0.0237354 0.0043141 -0.999709 -0.0240439 0.0019669 -0.999709 -0.024121 -0.0003993 -0.999709 -0.0239657 -0.0027616 -0.999709 -0.0235796 -0.0050974 -0.999709 -0.0229664 -0.007384 -0.999709 -0.0221321 -0.0095996 -0.999709 -0.0210846 -0.0117227 -0.999709 -0.019834 -0.0137329 -0.999709 -0.0183924 -0.0156108 -0.999709 -0.0167738 -0.0173384 -0.999709 -0.0149935 -0.0188991 -0.999709 -0.0130689 -0.0202777 -0.999709 -0.0110184 -0.021461 -0.999709 -0.0088618 -0.0224377 -0.999709 -0.0066198 -0.0231982 -0.999709 -0.0043141 -0.0237354 -0.999709 -0.0019669 -0.0240439 -0.999709 0.0003993 -0.024121 -0.999709 0.0027616 -0.0239657 -0.999709 0.0050974 -0.0235796 -0.999709 0.007384 -0.0229664 -0.999709 0.0095996 -0.0221321 -0.999709 0.0117227 -0.0210846 -0.999709 0.0137329 -0.019834 -0.999709 0.0156108 -0.0183924 -0.999709 0.0173384 -0.0167738 -0.999709 0.0188991 -0.0149935 -0.999709 0.0202777 -0.0130689 -0.999709 0.021461 -0.0110184 -0.999709 0.0224377 -0.0088618 -0.999709 0.0231982 -0.0066198 -0.999709 0.0237354 -0.0043141 -0.999709 0.0240439 -0.0019669 -0.999709 0.9899737 0.0116259 -0.1407726 0.9840672 0.1086043 -0.1407726 0.9686835 0.2045368 -0.1407726 0.9439709 0.2984995 -0.1407726 0.9101674 0.3895874 -0.1407726 0.8675985 0.4769235 -0.1407726 0.8166741 0.5596665 -0.1407726 0.7578846 0.6370196 -0.1407726 0.6917964 0.7082378 -0.1407726 0.6190457 0.7726354 -0.1407726 0.5403334 0.829592 -0.1407726 0.4564173 0.8785593 -0.1407726 0.3681056 0.9190655 -0.1407726 0.2762489 0.9507206 -0.1407726 0.1817318 0.9732197 -0.1407726 0.0854645 0.9863462 -0.1407726 -0.0116259 0.9899737 -0.1407726 -0.1086043 0.9840672 -0.1407726 -0.2045368 0.9686835 -0.1407726 -0.2984995 0.9439709 -0.1407726 -0.3895874 0.9101674 -0.1407726 -0.4769235 0.8675985 -0.1407726 -0.5596665 0.8166741 -0.1407726 -0.6370196 0.7578846 -0.1407726 -0.7082378 0.6917964 -0.1407726 -0.7726354 0.6190457 -0.1407726 -0.829592 0.5403334 -0.1407726 -0.8785593 0.4564173 -0.1407726 -0.9190655 0.3681056 -0.1407726 -0.9507206 0.2762489 -0.1407726 -0.9732197 0.1817318 -0.1407726 -0.9863462 0.0854645 -0.1407726 -0.9899737 -0.0116259 -0.1407726 -0.9840672 -0.1086043 -0.1407726 -0.9686835 -0.2045368 -0.1407726 -0.9439709 -0.2984995 -0.1407726 -0.9101674 -0.3895874 -0.1407726 -0.8675985 -0.4769235 -0.1407726 -0.8166741 -0.5596665 -0.1407726 -0.7578846 -0.6370196 -0.1407726 -0.6917964 -0.7082378 -0.1407726 -0.6190457 -0.7726354 -0.1407726 -0.5403334 -0.829592 -0.1407726 -0.4564173 -0.8785593 -0.1407726 -0.3681056 -0.9190655 -0.1407726 -0.2762489 -0.9507206 -0.1407726 -0.1817318 -0.9732197 -0.1407726 -0.0854645 -0.9863462 -0.1407726 0.0116259 -0.9899737 -0.1407726 0.1086043 -0.9840672 -0.1407726 0.2045368 -0.9686835 -0.1407726 0.2984995 -0.9439709 -0.1407726 0.3895874 -0.9101674 -0.1407726 0.4769235 -0.8675985 -0.1407726 0.5596665 -0.8166741 -0.1407726 0.6370196 -0.7578846 -0.1407726 0.7082378 -0.6917964 -0.1407726 0.7726354 -0.6190457 -0.1407726 0.829592 -0.5403334 -0.1407726 0.8785593 -0.4564173 -0.1407726 0.9190655 -0.3681056 -0.1407726 0.9507206 -0.2762489 -0.1407726 0.9732197 -0.1817318 -0.1407726 0.9863462 -0.0854645 -0.1407726 0.9899737 -0.0116259 0.1407726 0.9863462 0.0854645 0.1407726 0.9732197 0.1817318 0.1407726 0.9507206 0.2762489 0.1407726 0.9190655 0.3681056 0.1407726 0.8785593 0.4564173 0.1407726 0.829592 0.5403334 0.1407726 0.7726354 0.6190457 0.1407726 0.7082378 0.6917964 0.1407726 0.6370196 0.7578846 0.1407726 0.5596665 0.8166741 0.1407726 0.4769235 0.8675985 0.1407726 0.3895874 0.9101674 0.1407726 0.2984995 0.9439709 0.1407726 0.2045368 0.9686835 0.1407726 0.1086043 0.9840672 0.1407726 0.0116259 0.9899737 0.1407726 -0.0854645 0.9863462 0.1407726 -0.1817318 0.9732197 0.1407726 -0.2762489 0.9507206 0.1407726 -0.3681056 0.9190655 0.1407726 -0.4564173 0.8785593 0.1407726 -0.5403334 0.829592 0.1407726 -0.6190457 0.7726354 0.1407726 -0.6917964 0.7082378 0.1407726 -0.7578846 0.6370196 0.1407726 -0.8166741 0.5596665 0.1407726 -0.8675985 0.4769235 0.1407726 -0.9101674 0.3895874 0.1407726 -0.9439709 0.2984995 0.1407726 -0.9686835 0.2045368 0.1407726 -0.9840672 0.1086043 0.1407726 -0.9899737 0.0116259 0.1407726 -0.9863462 -0.0854645 0.1407726 -0.9732197 -0.1817318 0.1407726 -0.9507206 -0.2762489 0.1407726 -0.9190655 -0.3681056 0.1407726 -0.8785593 -0.4564173 0.1407726 -0.829592 -0.5403334 0.1407726 -0.7726354 -0.6190457 0.1407726 -0.7082378 -0.6917964 0.1407726 -0.6370196 -0.7578846 0.1407726 -0.5596665 -0.8166741 0.1407726 -0.4769235 -0.8675985 0.1407726 -0.3895874 -0.9101674 0.1407726 -0.2984995 -0.9439709 0.1407726 -0.2045368 -0.9686835 0.1407726 -0.1086043 -0.9840672 0.1407726 -0.0116259 -0.9899737 0.1407726 0.0854645 -0.9863462 0.1407726 0.1817318 -0.9732197 0.1407726 0.2762489 -0.9507206 0.1407726 0.3681056 -0.9190655 0.1407726 0.4564173 -0.8785593 0.1407726 0.5403334 -0.829592 0.1407726 0.6190457 -0.7726354 0.1407726 0.6917964 -0.7082378 0.1407726 0.7578846 -0.6370196 0.1407726 0.8166741 -0.5596665 0.1407726 0.8675985 -0.4769235 0.1407726 0.9101674 -0.3895874 0.1407726 0.9439709 -0.2984995 0.1407726 0.9686835 -0.2045368 0.1407726 0.9840672 -0.1086043 0.1407726 0.024121 -0.0003993 0.999709 0.0240439 0.0019669 0.999709 0.0237354 0.0043141 0.999709 0.0231982 0.0066198 0.999709 0.0224377 0.0088618 0.999709 0.021461 0.0110184 0.999709 0.0202777 0.0130689 0.999709 0.0188991 0.0149935 0.999709 0.0173384 0.0167738 0.999709 0.0156108 0.0183924 0.999709 0.0137329 0.019834 0.999709 0.0117227 0.0210846 0.999709 0.0095996 0.0221321 0.999709 0.007384 0.0229664 0.999709 0.0050974 0.0235796 0.999709 0.0027616 0.0239657 0.999709 0.0003993 0.024121 0.999709 -0.0019669 0.0240439 0.999709 -0.0043141 0.0237354 0.999709 -0.0066198 0.0231982 0.999709 -0.0088618 0.0224377 0.999709 -0.0110184 0.021461 0.999709 -0.0130689 0.0202777 0.999709 -0.0149935 0.0188991 0.999709 -0.0167738 0.0173384 0.999709 -0.0183924 0.0156108 0.999709 -0.019834 0.0137329 0.999709 -0.0210846 0.0117227 0.999709 -0.0221321 0.0095996 0.999709 -0.0229664 0.007384 0.999709 -0.0235796 0.0050974 0.999709 -0.0239657 0.0027616 0.999709 -0.024121 0.0003993 0.999709 -0.0240439 -0.0019669 0.999709 -0.0237354 -0.0043141 0.999709 -0.0231982 -0.0066198 0.999709 -0.0224377 -0.0088618 0.999709 -0.021461 -0.0110184 0.999709 -0.0202777 -0.0130689 0.999709 -0.0188991 -0.0149935 0.999709 -0.0173384 -0.0167738 0.999709 -0.0156108 -0.0183924 0.999709 -0.0137329 -0.019834 0.999709 -0.0117227 -0.0210846 0.999709 -0.0095996 -0.0221321 0.999709 -0.007384 -0.0229664 0.999709 -0.0050974 -0.0235796 0.999709 -0.0027616 -0.0239657 0.999709 -0.0003993 -0.024121 0.999709 0.0019669 -0.0240439 0.999709 0.0043141 -0.0237354 0.999709 0.0066198 -0.0231982 0.999709 0.0088618 -0.0224377 0.999709 0.0110184 -0.021461 0.999709 0.0130689 -0.0202777 0.999709 0.0149935 -0.0188991 0.999709 0.0167738 -0.0173384 0.999709 0.0183924 -0.0156108 0.999709 0.019834 -0.0137329 0.999709 0.0210846 -0.0117227 0.999709 0.0221321 -0.0095996 0.999709 0.0229664 -0.007384 0.999709 0.0235796 -0.0050974 0.999709 0.0239657 -0.0027616 0.999709 -0.0 0.0 -1.0 -0.0 0.0 1.0</float_array>
          <technique_common>
            <accessor source="#mesh2-normals-array" count="258" stride="3">
              <param name="X" type="float" />
              <param name="Y" type="float" />
              <param name="Z" type="float" />
            </accessor>
          </technique_common>
        </source>
        <vertices id="mesh2-vertices">
          <input semantic="POSITION" source="#mesh2-positions" />
        </vertices>
        <triangles count="512" material="graphite">
          <input semantic="VERTEX" source="#mesh2-vertices" offset="0" />
          <input semantic="NORMAL" source="#mesh2-normals" offset="1" />
          <p>0 0 1 1 65 65 0 0 65 65 64 64 1 1 2 2 66 66 1 1 66 66 65 65 2 2 3 3 67 67 2 2 67 67 66 66 3 3 4 4 68 68 3 3 68 68 67 67 4 4 5 5 69 69 4 4 69 69 68 68 5 5 6 6 70 70 5 5 70 70 69 69 6 6 7 7 71 71 6 6 71 71 70 70 7 7 8 8 72 72 7 7 72 72 71 71 8 8 9 9 73 73 8 8 73 73 72 72 9 9 10 10 74 74 9 9 74 74 73 73 10 10 11 11 75 75 10 10 75 75 74 74 11 11 12 12 76 76 11 11 76 76 75 75 12 12 13 13 77 77 12 12 77 77 76 76 13 13 14 14 78 78 13 13 78 78 77 77 14 14 15 15 79 79 14 14 79 79 78 78 15 15 16 16 80 80 15 15 80 80 79 79 16 16 17 17 81 81 16 16 81 81 80 80 17 17 18 18 82 82 17 17 82 82 81 81 18 18 19 19 83 83 18 18 83 83 82 82 19 19 20 20 84 84 19 19 84 84 83 83 20 20 21 21 85 85 20 20 85 85 84 84 21 21 22 22 86 86 21 21 86 86 85 85 22 22 23 23 87 87 22 22 87 87 86 86 23 23 24 24 88 88 23 23 88 88 87 87 24 24 25 25 89 89 24 24 89 89 88 88 25 25 26 26 90 90 25 25 90 90 89 89 26 26 27 27 91 91 26 26 91 91 90 90 27 27 28 28 92 92 27 27 92 92 91 91 28 28 29 29 93 93 28 28 93 93 92 92 29 29 30 30 94 94 29 29 94 94 93 93 30 30 31 31 95 95 30 30 95 95 94 94 31 31 32 32 96 96 31 31 96 96 95 95 32 32 33 33 97 97 32 32 97 97 96 96 33 33 34 34 98 98 33 33 98 98 97 97 34 34 35 35 99 99 34 34 99 99 98 98 35 35 36 36 100 100 35 35 100 100 99 99 36 36 37 37 101 101 36 36 101 101 100 100 37 37 38 38 102 102 37 37 102 102 101 101 38 38 39 39 103 103 38 38 103 103 102 102 39 39 40 40 104 104 39 39 104 104 103 103 40 40 41 41 105 105 40 40 105 105 104 104 41 41 42 42 106 106 41 41 106 106 105 105 42 42 43 43 107 107 42 42 107 107 106 106 43 43 44 44 108 108 43 43 108 108 107 107 44 44 45 45 109 109 44 44 109 109 108 108 45 45 46 46 110 110 45 45 110 110 109 109 46 46 47 47 111 111 46 46 111 111 110 110 47 47 48 48 112 112 47 47 112 112 111 111 48 48 49 49 113 113 48 48 113 113 112 112 49 49 50 50 114 114 49 49 114 114 113 113 50 50 51 51 115 115 50 50 115 115 114 114 51 51 52 52 116 116 51 51 116 116 115 115 52 52 53 53 117 117 52 52 117 117 116 116 53 53 54 54 118 118 53 53 118 118 117 117 54 54 55 55 119 119 54 54 119 119 118 118 55 55 56 56 120 120 55 55 120 120 119 119 56 56 57 57 121 121 56 56 121 121 120 120 57 57 58 58 122 122 57 57 122 122 121 121 58 58 59 59 123 123 58 58 123 123 122 122 59 59 60 60 124 124 59 59 124 124 123 123 60 60 61 61 125 125 60 60 125 125 124 124 61 61 62 62 126 126 61 61 126 126 125 125 62 62 63 63 127 127 62 62 127 127 126 126 63 63 0 0 64 64 63 63 64 64 127 127 64 64 65 65 129 129 64 64 129 129 128 128 65 65 66 66 130 130 65 65 130 130 129 129 66 66 67 67 131 131 66 66 131 131 130 130 67 67 68 68 132 132 67 67 132 132 131 131 68 68 69 69 133 133 68 68 133 133 132 132 69 69 70 70 134 134 69 69 134 134 133 133 70 70 71 71 135 135 70 70 135 135 134 134 71 71 72 72 136 136 71 71 136 136 135 135 72 72 73 73 137 137 72 72 137 137 136 136 73 73 74 74 138 138 73 73 138 138 137 137 74 74 75 75 139 139 74 74 139 139 138 138 75 75 76 76 140 140 75 75 140 140 139 139 76 76 77 77 141 141 76 76 141 141 140 140 77 77 78 78 142 142 77 77 142 142 141 141 78 78 79 79 143 143 78 78 143 143 142 142 79 79 80 80 144 144 79 79 144 144 143 143 80 80 81 81 145 145 80 80 145 145 144 144 81 81 82 82 146 146 81 81 146 146 145 145 82 82 83 83 147 147 82 82 147 147 146 146 83 83 84 84 148 148 83 83 148 148 147 147 84 84 85 85 149 149 84 84 149 149 148 148 85 85 86 86 150 150 85 85 150 150 149 149 86 86 87 87 151 151 86 86 151 151 150 150 87 87 88 88 152 152 87 87 152 152 151 151 88 88 89 89 153 153 88 88 153 153 152 152 89 89 90 90 154 154 89 89 154 154 153 153 90 90 91 91 155 155 90 90 155 155 154 154 91 91 92 92 156 156 91 91 156 156 155 155 92 92 93 93 157 157 92 92 157 157 156 156 93 93 94 94 158 158 93 93 158 158 157 157 94 94 95 95 159 159 94 94 159 159 158 158 95 95 96 96 160 160 95 95 160 160 159 159 96 96 97 97 161 161 96 96 161 161 160 160 97 97 98 98 162 162 97 97 162 162 161 161 98 98 99 99 163 163 98 98 163 163 162 162 99 99 100 100 164 164 99 99 164 164 163 163 100 100 101 101 165 165 100 100 165 165 164 164 101 101 102 102 166 166 101 101 166 166 165 165 102 102 103 103 167 167 102 102 167 167 166 166 103 103 104 104 168 168 103 103 168 168 167 167 104 104 105 105 169 169 104 104 169 169 168 168 105 105 106 106 170 170 105 105 170 170 169 169 106 106 107 107 171 171 106 106 171 171 170 170 107 107 108 108 172 172 107 107 172 172 171 171 108 108 109 109 173 173 108 108 173 173 172 172 109 109 110 110 174 174 109 109 174 174 173 173 110 110 111 111 175 175 110 110 175 175 174 174 111 111 112 112 176 176 111 111 176 176 175 175 112 112 113 113 177 177 112 112 177 177 176 176 113 113 114 114 178 178 113 113 178 178 177 177 114 114 115 115 179 179 114 114 179 179 178 178 115 115 116 116 180 180 115 115 180 180 179 179 116 116 117 117 181 181 116 116 181 181 180 180 117 117 118 118 182 182 117 117 182 182 181 181 118 118 119 119 183 183 118 118 183 183 182 182 119 119 120 120 184 184 119 119 184 184 183 183 120 120 121 121 185 185 120 120 185 185 184 184 121 121 122 122 186 186 121 121 186 186 185 185 122 122 123 123 187 187 122 122 187 187 186 186 123 123 124 124 188 188 123 123 188 188 187 187 124 124 125 125 189 189 124 124 189 189 188 188 125 125 126 126 190 190 125 125 190 190 189 189 126 126 127 127 191 191 126 126 191 191 190 190 127 127 64 64 128 128 127 127 128 128 191 191 128 128 129 129 193 193 128 128 193 193 192 192 129 129 130 130 194 194 129 129 194 194 193 193 130 130 131 131 195 195 130 130 195 195 194 194 131 131 132 132 196 196 131 131 196 196 195 195 132 132 133 133 197 197 132 132 197 197 196 196 133 133 134 134 198 198 133 133 198 198 197 197 134 134 135 135 199 199 134 134 199 199 198 198 135 135 136 136 200 200 135 135 200 200 199 199 136 136 137 137 201 201 136 136 201 201 200 200 137 137 138 138 202 202 137 137 202 202 201 201 138 138 139 139 203 203 138 138 203 203 202 202 139 139 140 140 204 204 139 139 204 204 203 203 140 140 141 141 205 205 140 140 205 205 204 204 141 141 142 142 206 206 141 141 206 206 205 205 142 142 143 143 207 207 142 142 207 207 206 206 143 143 144 144 208 208 143 143 208 208 207 207 144 144 145 145 209 209 144 144 209 209 208 208 145 145 146 146 210 210 145 145 210 210 209 209 146 146 147 147 211 211 146 146 211 211 210 210 147 147 148 148 212 212 147 147 212 212 211 211 148 148 149 149 213 213 148 148 213 213 212 212 149 149 150 150 214 214 149 149 214 214 213 213 150 150 151 151 215 215 150 150 215 215 214 214 151 151 152 152 216 216 151 151 216 216 215 215 152 152 153 153 217 217 152 152 217 217 216 216 153 153 154 154 218 218 153 153 218 218 217 217 154 154 155 155 219 219 154 154 219 219 218 218 155 155 156 156 220 220 155 155 220 220 219 219 156 156 157 157 221 221 156 156 221 221 220 220 157 157 158 158 222 222 157 157 222 222 221 221 158 158 159 159 223 223 158 158 223 223 222 222 159 159 160 160 224 224 159 159 224 224 223 223 160 160 161 161 225 225 160 160 225 225 224 224 161 161 162 162 226 226 161 161 226 226 225 225 162 162 163 163 227 227 162 162 227 227 226 226 163 163 164 164 228 228 163 163 228 228 227 227 164 164 165 165 229 229 164 164 229 229 228 228 165 165 166 166 230 230 165 165 230 230 229 229 166 166 167 167 231 231 166 166 231 231 230 230 167 167 168 168 232 232 167 167 232 232 231 231 168 168 169 169 233 233 168 168 233 233 232 232 169 169 170 170 234 234 169 169 234 234 233 233 170 170 171 171 235 235 170 170 235 235 234 234 171 171 172 172 236 236 171 171 236 236 235 235 172 172 173 173 237 237 172 172 237 237 236 236 173 173 174 174 238 238 173 173 238 238 237 237 174 174 175 175 239 239 174 174 239 239 238 238 175 175 176 176 240 240 175 175 240 240 239 239 176 176 177 177 241 241 176 176 241 241 240 240 177 177 178 178 242 242 177 177 242 242 241 241 178 178 179 179 243 243 178 178 243 243 242 242 179 179 180 180 244 244 179 179 244 244 243 243 180 180 181 181 245 245 180 180 245 245 244 244 181 181 182 182 246 246 181 181 246 246 245 245 182 182 183 183 247 247 182 182 247 247 246 246 183 183 184 184 248 248 183 183 248 248 247 247 184 184 185 185 249 249 184 184 249 249 248 248 185 185 186 186 250 250 185 185 250 250 249 249 186 186 187 187 251 251 186 186 251 251 250 250 187 187 188 188 252 252 187 187 252 252 251 251 188 188 189 189 253 253 188 188 253 253 252 252 189 189 190 190 254 254 189 189 254 254 253 253 190 190 191 191 255 255 190 190 255 255 254 254 191 191 128 128 192 192 191 191 192 192 255 255 256 256 1 1 0 0 256 256 2 2 1 1 256 256 3 3 2 2 256 256 4 4 3 3 256 256 5 5 4 4 256 256 6 6 5 5 256 256 7 7 6 6 256 256 8 8 7 7 256 256 9 9 8 8 256 256 10 10 9 9 256 256 11 11 10 10 256 256 12 12 11 11 256 256 13 13 12 12 256 256 14 14 13 13 256 256 15 15 14 14 256 256 16 16 15 15 256 256 17 17 16 16 256 256 18 18 17 17 256 256 19 19 18 18 256 256 20 20 19 19 256 256 21 21 20 20 256 256 22 22 21 21 256 256 23 23 22 22 256 256 24 24 23 23 256 256 25 25 24 24 256 256 26 26 25 25 256 256 27 27 26 26 256 256 28 28 27 27 256 256 29 29 28 28 256 256 30 30 29 29 256 256 31 31 30 30 256 256 32 32 31 31 256 256 33 33 32 32 256 256 34 34 33 33 256 256 35 35 34 34 256 256 36 36 35 35 256 256 37 37 36 36 256 256 38 38 37 37 256 256 39 39 38 38 256 256 40 40 39 39 256 256 41 41 40 40 256 256 42 42 41 41 256 256 43 43 42 42 256 256 44 44 43 43 256 256 45 45 44 44 256 256 46 46 45 45 256 256 47 47 46 46 256 256 48 48 47 47 256 256 49 49 48 48 256 256 50 50 49 49 256 256 51 51 50 50 256 256 52 52 51 51 256 256 53 53 52 52 256 256 54 54 53 53 256 256 55 55 54 54 256 256 56 56 55 55 256 256 57 57 56 56 256 256 58 58 57 57 256 256 59 59 58 58 256 256 60 60 59 59 256 256 61 61 60 60 256 256 62 62 61 61 256 256 63 63 62 62 256 256 0 0 63 63 257 257 192 192 193 193 257 257 193 193 194 194 257 257 194 194 195 195 257 257 195 195 196 196 257 257 196 196 197 197 257 257 197 197 198 198 257 257 198 198 199 199 257 257 199 199 200 200 257 257 200 200 201 201 257 257 201 201 202 202 257 257 202 202 203 203 257 257 203 203 204 204 257 257 204 204 205 205 257 257 205 205 206 206 257 257 206 206 207 207 257 257 207 207 208 208 257 257 208 208 209 209 257 257 209 209 210 210 257 257 210 210 211 211 257 257 211 211 212 212 257 257 212 212 213 213 257 257 213 213 214 214 257 257 214 214 215 215 257 257 215 215 216 216 257 257 216 216 217 217 257 257 217 217 218 218 257 257 218 218 219 219 257 257 219 219 220 220 257 257 220 220 221 221 257 257 221 221 222 222 257 257 222 222 223 223 257 257 223 223 224 224 257 257 224 224 225 225 257 257 225 225 226 226 257 257 226 226 227 227 257 257 227 227 228 228 257 257 228 228 229 229 257 257 229 229 230 230 257 257 230 230 231 231 257 257 231 231 232 232 257 257 232 232 233 233 257 257 233 233 234 234 257 257 234 234 235 235 257 257 235 235 236 236 257 257 236 236 237 237 257 257 237 237 238 238 257 257 238 238 239 239 257 257 239 239 240 240 257 257 240 240 241 241 257 257 241 241 242 242 257 257 242 242 243 243 257 257 243 243 244 244 257 257 244 244 245 245 257 257 245 245 246 246 257 257 246 246 247 247 257 257 247 247 248 248 257 257 248 248 249 249 257 257 249 249 250 250 257 257 250 250 251 251 257 257 251 251 252 252 257 257 252 252 253 253 257 257 253 253 254 254 257 257 254 254 255 255 257 257 255 255 192 192</p>
        </triangles>
      </mesh>
    </geometry>
    <geometry id="mesh3">
      <mesh>
        <source id="mesh3-positions">
          <float_array id="mesh3-positions-array" count="438">0.052 0.0015 -0.032 0.0519231 0.0022804 -0.032 0.0516955 0.0030307 -0.032 0.0513259 0.0037223 -0.032 0.0508284 0.0043284 -0.032 0.0502223 0.0048259 -0.032 0.0495307 0.0051955 -0.032 0.0487804 0.0054231 -0.032 0.048 0.0055 -0.032 0.014 0.0055 -0.032 0.0132196 0.0054231 -0.032 0.0124693 0.0051955 -0.032 0.0117777 0.0048259 -0.032 0.0111716 0.0043284 -0.032 0.0106741 0.0037223 -0.032 0.0103045 0.0030307 -0.032 0.0100769 0.0022804 -0.032 0.01 0.0015 -0.032 0.01 -0.0015 -0.032 0.0100769 -0.0022804 -0.032 0.0103045 -0.0030307 -0.032 0.0106741 -0.0037223 -0.032 0.0111716 -0.0043284 -0.032 0.0117777 -0.0048259 -0.032 0.0124693 -0.0051955 -0.032 0.0132196 -0.0054231 -0.032 0.014 -0.0055 -0.032 0.048 -0.0055 -0.032 0.0487804 -0.0054231 -0.032 0.0495307 -0.0051955 -0.032 0.0502223 -0.0048259 -0.032 0.0508284 -0.0043284 -0.032 0.0513259 -0.0037223 -0.032 0.0516955 -0.0030307 -0.032 0.0519231 -0.0022804 -0.032 0.052 -0.0015 -0.032 0.053 0.0015 -0.031 0.0529039 0.0024755 -0.031 0.0526194 0.0034134 -0.031 0.0521573 0.0042779 -0.031 0.0515355 0.0050355 -0.031 0.0507779 0.0056573 -0.031 0.0499134 0.0061194 -0.031 0.0489755 0.0064039 -0.031 0.048 0.0065 -0.031 0.014 0.0065 -0.031 0.0130245 0.0064039 -0.031 0.0120866 0.0061194 -0.031 0.0112221 0.0056573 -0.031 0.0104645 0.0050355 -0.031 0.0098427 0.0042779 -0.031 0.0093806 0.0034134 -0.031 0.0090961 0.0024755 -0.031 0.009 0.0015 -0.031 0.009 -0.0015 -0.031 0.0090961 -0.0024755 -0.031 0.0093806 -0.0034134 -0.031 0.0098427 -0.0042779 -0.031 0.0104645 -0.0050355 -0.031 0.0112221 -0.0056573 -0.031 0.0120866 -0.0061194 -0.031 0.0130245 -0.0064039 -0.031 0.014 -0.0065 -0.031 0.048 -0.0065 -0.031 0.0489755 -0.0064039 -0.031 0.0499134 -0.0061194 -0.031 0.0507779 -0.0056573 -0.031 0.0515355 -0.0050355 -0.031 0.0521573 -0.0042779 -0.031 0.0526194 -0.0034134 -0.031 0.0529039 -0.0024755 -0.031 0.053 -0.0015 -0.031 0.053 0.0015 -0.027 0.0529039 0.0024755 -0.027 0.0526194 0.0034134 -0.027 0.0521573 0.0042779 -0.027 0.0515355 0.0050355 -0.027 0.0507779 0.0056573 -0.027 0.0499134 0.0061194 -0.027 0.0489755 0.0064039 -0.027 0.048 0.0065 -0.027 0.014 0.0065 -0.027 0.0130245 0.0064039 -0.027 0.0120866 0.0061194 -0.027 0.0112221 0.0056573 -0.027 0.0104645 0.0050355 -0.027 0.0098427 0.0042779 -0.027 0.0093806 0.0034134 -0.027 0.0090961 0.0024755 -0.027 0.009 0.0015 -0.027 0.009 -0.0015 -0.027 0.0090961 -0.0024755 -0.027 0.0093806 -0.0034134 -0.027 0.0098427 -0.0042779 -0.027 0.0104645 -0.0050355 -0.027 0.0112221 -0.0056573 -0.027 0.0120866 -0.0061194 -0.027 0.0130245 -0.0064039 -0.027 0.014 -0.0065 -0.027 0.048 -0.0065 -0.027 0.0489755 -0.0064039 -0.027 0.0499134 -0.0061194 -0.027 0.0507779 -0.0056573 -0.027 0.0515355 -0.0050355 -0.027 0.0521573 -0.0042779 -0.027 0.0526194 -0.0034134 -0.027 0.0529039 -0.0024755 -0.027 0.053 -0.0015 -0.027 0.052 0.0015 -0.026 0.0519231 0.0022804 -0.026 0.0516955 0.0030307 -0.026 0.0513259 0.0037223 -0.026 0.0508284 0.0043284 -0.026 0.0502223 0.0048259 -0.026 0.0495307 0.0051955 -0.026 0.0487804 0.0054231 -0.026 0.048 0.0055 -0.026 0.014 0.0055 -0.026 0.0132196 0.0054231 -0.026 0.0124693 0.0051955 -0.026 0.0117777 0.0048259 -0.026 0.0111716 0.0043284 -0.026 0.0106741 0.0037223 -0.026 0.0103045 0.0030307 -0.026 0.0100769 0.0022804 -0.026 0.01 0.0015 -0.026 0.01 -0.0015 -0.026 0.0100769 -0.0022804 -0.026 0.0103045 -0.0030307 -0.026 0.0106741 -0.0037223 -0.026 0.0111716 -0.0043284 -0.026 0.0117777 -0.0048259 -0.026 0.0124693 -0.0051955 -0.026 0.0132196 -0.0054231 -0.026 0.014 -0.0055 -0.026 0.048 -0.0055 -0.026 0.0487804 -0.0054231 -0.026 0.0495307 -0.0051955 -0.026 0.0502223 -0.0048259 -0.026 0.0508284 -0.0043284 -0.026 0.0513259 -0.0037223 -0.026 0.0516955 -0.0030307 -0.026 0.0519231 -0.0022804 -0.026 0.052 -0.0015 -0.026 0.031 -0.0 -0.032 0.031 -0.0 -0.026</float_array>
          <technique_common>
            <accessor source="#mesh3-positions-array" count="146" stride="3">
              <param name="X" type="float" />
              <param name="Y" type="float" />
              <param name="Z" type="float" />
            </accessor>
          </technique_common>
        </source>
        <source id="mesh3-normals">
          <float_array id="mesh3-normals-array" count="438">0.0563532 0.0020491 -0.9984088 0.0698369 0.0166625 -0.9974193 0.0672766 0.0309003 -0.9972558 0.0637513 0.0461811 -0.9968967 0.0588763 0.0635125 -0.9962428 0.0519352 0.0844835 -0.9950705 0.0415009 0.1120076 -0.9928404 0.0243523 0.152367 -0.9880239 0.0002844 0.2544809 -0.9670778 -0.0007482 0.1546954 -0.9879619 -0.0358097 0.150088 -0.9880239 -0.0498558 0.1085469 -0.9928404 -0.0581778 0.0803123 -0.9950705 -0.0635125 0.0588763 -0.9962428 -0.0670624 0.0412258 -0.9968967 -0.0694215 0.025722 -0.9972558 -0.0708974 0.0113313 -0.9974193 -0.0783411 0.000888 -0.9969262 -0.0563532 -0.0020491 -0.9984088 -0.0698369 -0.0166625 -0.9974193 -0.0672766 -0.0309003 -0.9972558 -0.0637513 -0.0461811 -0.9968967 -0.0588763 -0.0635125 -0.9962428 -0.0519352 -0.0844835 -0.9950705 -0.0415009 -0.1120076 -0.9928404 -0.0243523 -0.152367 -0.9880239 -0.0002844 -0.2544809 -0.9670778 0.0007482 -0.1546954 -0.9879619 0.0358097 -0.150088 -0.9880239 0.0498558 -0.1085469 -0.9928404 0.0581778 -0.0803123 -0.9950705 0.0635125 -0.0588763 -0.9962428 0.0670624 -0.0412258 -0.9968967 0.0694215 -0.025722 -0.9972558 0.0708974 -0.0113313 -0.9974193 0.0783411 -0.000888 -0.9969262 0.9672369 0.0312309 -0.2519473 0.9593983 0.2121657 -0.185851 0.8995723 0.3952583 -0.185851 0.8051762 0.5631614 -0.185851 0.6798376 0.7094225 -0.185851 0.5283732 0.8284209 -0.185851 0.3566038 0.9155835 -0.185851 0.1711303 0.9675608 -0.185851 0.0017763 0.9934815 -0.11398 -0.0038656 0.9512603 -0.308365 -0.2121657 0.9593983 -0.185851 -0.3952583 0.8995723 -0.185851 -0.5631614 0.8051762 -0.185851 -0.7094225 0.6798376 -0.185851 -0.8284209 0.5283732 -0.185851 -0.9155835 0.3566038 -0.185851 -0.9675608 0.1711303 -0.185851 -0.9894212 0.0168822 -0.1440859 -0.9672369 -0.0312309 -0.2519473 -0.9593983 -0.2121657 -0.185851 -0.8995723 -0.3952583 -0.185851 -0.8051762 -0.5631614 -0.185851 -0.6798376 -0.7094225 -0.185851 -0.5283732 -0.8284209 -0.185851 -0.3566038 -0.9155835 -0.185851 -0.1711303 -0.9675608 -0.185851 -0.0017763 -0.9934815 -0.11398 0.0038656 -0.9512603 -0.308365 0.2121657 -0.9593983 -0.185851 0.3952583 -0.8995723 -0.185851 0.5631614 -0.8051762 -0.185851 0.7094225 -0.6798376 -0.185851 0.8284209 -0.5283732 -0.185851 0.9155835 -0.3566038 -0.185851 0.9675608 -0.1711303 -0.185851 0.9894212 -0.0168822 -0.1440859 0.9894212 0.0168822 0.1440859 0.9675608 0.1711303 0.185851 0.9155835 0.3566038 0.185851 0.8284209 0.5283732 0.185851 0.7094225 0.6798376 0.185851 0.5631614 0.8051762 0.185851 0.3952583 0.8995723 0.185851 0.2121657 0.9593983 0.185851 0.0038656 0.9512603 0.308365 -0.0017763 0.9934815 0.11398 -0.1711303 0.9675608 0.185851 -0.3566038 0.9155835 0.185851 -0.5283732 0.8284209 0.185851 -0.6798376 0.7094225 0.185851 -0.8051762 0.5631614 0.185851 -0.8995723 0.3952583 0.185851 -0.9593983 0.2121657 0.185851 -0.9672369 0.0312309 0.2519473 -0.9894212 -0.0168822 0.1440859 -0.9675608 -0.1711303 0.185851 -0.9155835 -0.3566038 0.185851 -0.8284209 -0.5283732 0.185851 -0.7094225 -0.6798376 0.185851 -0.5631614 -0.8051762 0.185851 -0.3952583 -0.8995723 0.185851 -0.2121657 -0.9593983 0.185851 -0.0038656 -0.9512603 0.308365 0.0017763 -0.9934815 0.11398 0.1711303 -0.9675608 0.185851 0.3566038 -0.9155835 0.185851 0.5283732 -0.8284209 0.185851 0.6798376 -0.7094225 0.185851 0.8051762 -0.5631614 0.185851 0.8995723 -0.3952583 0.185851 0.9593983 -0.2121657 0.185851 0.9672369 -0.0312309 0.2519473 0.0783411 0.000888 0.9969262 0.0708974 0.0113313 0.9974193 0.0694215 0.025722 0.9972558 0.0670624 0.0412258 0.9968967 0.0635125 0.0588763 0.9962428 0.0581778 0.0803123 0.9950705 0.0498558 0.1085469 0.9928404 0.0358097 0.150088 0.9880239 0.0007482 0.1546954 0.9879619 -0.0002844 0.2544809 0.9670778 -0.0243523 0.152367 0.9880239 -0.0415009 0.1120076 0.9928404 -0.0519352 0.0844835 0.9950705 -0.0588763 0.0635125 0.9962428 -0.0637513 0.0461811 0.9968967 -0.0672766 0.0309003 0.9972558 -0.0698369 0.0166625 0.9974193 -0.0563532 0.0020491 0.9984088 -0.0783411 -0.000888 0.9969262 -0.0708974 -0.0113313 0.9974193 -0.0694215 -0.025722 0.9972558 -0.0670624 -0.0412258 0.9968967 -0.0635125 -0.0588763 0.9962428 -0.0581778 -0.0803123 0.9950705 -0.0498558 -0.1085469 0.9928404 -0.0358097 -0.150088 0.9880239 -0.0007482 -0.1546954 0.9879619 0.0002844 -0.2544809 0.9670778 0.0243523 -0.152367 0.9880239 0.0415009 -0.1120076 0.9928404 0.0519352 -0.0844835 0.9950705 0.0588763 -0.0635125 0.9962428 0.0637513 -0.0461811 0.9968967 0.0672766 -0.0309003 0.9972558 0.0698369 -0.0166625 0.9974193 0.0563532 -0.0020491 0.9984088 0.0 0.0 -1.0 -0.0 0.0 1.0</float_array>
          <technique_common>
            <accessor source="#mesh3-normals-array" count="146" stride="3">
              <param name="X" type="float" />
              <param name="Y" type="float" />
              <param name="Z" type="float" />
            </accessor>
          </technique_common>
        </source>
        <vertices id="mesh3-vertices">
          <input semantic="POSITION" source="#mesh3-positions" />
        </vertices>
        <triangles count="288" material="alloy">
          <input semantic="VERTEX" source="#mesh3-vertices" offset="0" />
          <input semantic="NORMAL" source="#mesh3-normals" offset="1" />
          <p>0 0 1 1 37 37 0 0 37 37 36 36 1 1 2 2 38 38 1 1 38 38 37 37 2 2 3 3 39 39 2 2 39 39 38 38 3 3 4 4 40 40 3 3 40 40 39 39 4 4 5 5 41 41 4 4 41 41 40 40 5 5 6 6 42 42 5 5 42 42 41 41 6 6 7 7 43 43 6 6 43 43 42 42 7 7 8 8 44 44 7 7 44 44 43 43 8 8 9 9 45 45 8 8 45 45 44 44 9 9 10 10 46 46 9 9 46 46 45 45 10 10 11 11 47 47 10 10 47 47 46 46 11 11 12 12 48 48 11 11 48 48 47 47 12 12 13 13 49 49 12 12 49 49 48 48 13 13 14 14 50 50 13 13 50 50 49 49 14 14 15 15 51 51 14 14 51 51 50 50 15 15 16 16 52 52 15 15 52 52 51 51 16 16 17 17 53 53 16 16 53 53 52 52 17 17 18 18 54 54 17 17 54 54 53 53 18 18 19 19 55 55 18 18 55 55 54 54 19 19 20 20 56 56 19 19 56 56 55 55 20 20 21 21 57 57 20 20 57 57 56 56 21 21 22 22 58 58 21 21 58 58 57 57 22 22 23 23 59 59 22 22 59 59 58 58 23 23 24 24 60 60 23 23 60 60 59 59 24 24 25 25 61 61 24 24 61 61 60 60 25 25 26 26 62 62 25 25 62 62 61 61 26 26 27 27 63 63 26 26 63 63 62 62 27 27 28 28 64 64 27 27 64 64 63 63 28 28 29 29 65 65 28 28 65 65 64 64 29 29 30 30 66 66 29 29 66 66 65 65 30 30 31 31 67 67 30 30 67 67 66 66 31 31 32 32 68 68 31 31 68 68 67 67 32 32 33 33 69 69 32 32 69 69 68 68 33 33 34 34 70 70 33 33 70 70 69 69 34 34 35 35 71 71 34 34 71 71 70 70 35 35 0 0 36 36 35 35 36 36 71 71 36 36 37 37 73 73 36 36 73 73 72 72 37 37 38 38 74 74 37 37 74 74 73 73 38 38 39 39 75 75 38 38 75 75 74 74 39 39 40 40 76 76 39 39 76 76 75 75 40 40 41 41 77 77 40 40 77 77 76 76 41 41 42 42 78 78 41 41 78 78 77 77 42 42 43 43 79 79 42 42 79 79 78 78 43 43 44 44 80 80 43 43 80 80 79 79 44 44 45 45 81 81 44 44 81 81 80 80 45 45 46 46 82 82 45 45 82 82 81 81 46 46 47 47 83 83 46 46 83 83 82 82 47 47 48 48 84 84 47 47 84 84 83 83 48 48 49 49 85 85 48 48 85 85 84 84 49 49 50 50 86 86 49 49 86 86 85 85 50 50 51 51 87 87 50 50 87 87 86 86 51 51 52 52 88 88 51 51 88 88 87 87 52 52 53 53 89 89 52 52 89 89 88 88 53 53 54 54 90 90 53 53 90 90 89 89 54 54 55 55 91 91 54 54 91 91 90 90 55 55 56 56 92 92 55 55 92 92 91 91 56 56 57 57 93 93 56 56 93 93 92 92 57 57 58 58 94 94 57 57 94 94 93 93 58 58 59 59 95 95 58 58 95 95 94 94 59 59 60 60 96 96 59 59 96 96 95 95 60 60 61 61 97 97 60 60 97 97 96 96 61 61 62 62 98 98 61 61 98 98 97 97 62 62 63 63 99 99 62 62 99 99 98 98 63 63 64 64 100 100 63 63 100 100 99 99 64 64 65 65 101 101 64 64 101 101 100 100 65 65 66 66 102 102 65 65 102 102 101 101 66 66 67 67 103 103 66 66 103 103 102 102 67 67 68 68 104 104 67 67 104 104 103 103 68 68 69 69 105 105 68 68 105 105 104 104 69 69 70 70 106 106 69 69 106 106 105 105 70 70 71 71 107 107 70 70 107 107 106 106 71 71 36 36 72 72 71 71 72 72 107 107 72 72 73 73 109 109 72 72 109 109 108 108 73 73 74 74 110 110 73 73 110 110 109 109 74 74 75 75 111 111 74 74 111 111 110 110 75 75 76 76 112 112 75 75 112 112 111 111 76 76 77 77 113 113 76 76 113 113 112 112 77 77 78 78 114 114 77 77 114 114 113 113 78 78 79 79 115 115 78 78 115 115 114 114 79 79 80 80 116 116 79 79 116 116 115 115 80 80 81 81 117 117 80 80 117 117 116 116 81 81 82 82 118 118 81 81 118 118 117 117 82 82 83 83 119 119 82 82 119 119 118 118 83 83 84 84 120 120 83 83 120 120 119 119 84 84 85 85 121 121 84 84 121 121 120 120 85 85 86 86 122 122 85 85 122 122 121 121 86 86 87 87 123 123 86 86 123 123 122 122 87 87 88 88 124 124 87 87 124 124 123 123 88 88 89 89 125 125 88 88 125 125 124 124 89 89 90 90 126 126 89 89 126 126 125 125 90 90 91 91 127 127 90 90 127 127 126 126 91 91 92 92 128 128 91 91 128 128 127 127 92 92 93 93 129 129 92 92 129 129 128 128 93 93 94 94 130 130 93 93 130 130 129 129 94 94 95 95 131 131 94 94 131 131 130 130 95 95 96 96 132 132 95 95 132 132 131 131 96 96 97 97 133 133 96 96 133 133 132 132 97 97 98 98 134 134 97 97 134 134 133 133 98 98 99 99 135 135 98 98 135 135 134 134 99 99 100 100 136 136 99 99 136 136 135 135 100 100 101 101 137 137 100 100 137 137 136 136 101 101 102 102 138 138 101 101 138 138 137 137 102 102 103 103 139 139 102 102 139 139 138 138 103 103 104 104 140 140 103 103 140 140 139 139 104 104 105 105 141 141 104 104 141 141 140 140 105 105 106 106 142 142 105 105 142 142 141 141 106 106 107 107 143 143 106 106 143 143 142 142 107 107 72 72 108 108 107 107 108 108 143 143 144 144 1 1 0 0 144 144 2 2 1 1 144 144 3 3 2 2 144 144 4 4 3 3 144 144 5 5 4 4 144 144 6 6 5 5 144 144 7 7 6 6 144 144 8 8 7 7 144 144 9 9 8 8 144 144 10 10 9 9 144 144 11 11 10 10 144 144 12 12 11 11 144 144 13 13 12 12 144 144 14 14 13 13 144 144 15 15 14 14 144 144 16 16 15 15 144 144 17 17 16 16 144 144 18 18 17 17 144 144 19 19 18 18 144 144 20 20 19 19 144 144 21 21 20 20 144 144 22 22 21 21 144 144 23 23 22 22 144 144 24 24 23 23 144 144 25 25 24 24 144 144 26 26 25 25 144 144 27 27 26 26 144 144 28 28 27 27 144 144 29 29 28 28 144 144 30 30 29 29 144 144 31 31 30 30 144 144 32 32 31 31 144 144 33 33 32 32 144 144 34 34 33 33 144 144 35 35 34 34 144 144 0 0 35 35 145 145 108 108 109 109 145 145 109 109 110 110 145 145 110 110 111 111 145 145 111 111 112 112 145 145 112 112 113 113 145 145 113 113 114 114 145 145 114 114 115 115 145 145 115 115 116 116 145 145 116 116 117 117 145 145 117 117 118 118 145 145 118 118 119 119 145 145 119 119 120 120 145 145 120 120 121 121 145 145 121 121 122 122 145 145 122 122 123 123 145 145 123 123 124 124 145 145 124 124 125 125 145 145 125 125 126 126 145 145 126 126 127 127 145 145 127 127 128 128 145 145 128 128 129 129 145 145 129 129 130 130 145 145 130 130 131 131 145 145 131 131 132 132 145 145 132 132 133 133 145 145 133 133 134 134 145 145 134 134 135 135 145 145 135 135 136 136 145 145 136 136 137 137 145 145 137 137 138 138 145 145 138 138 139 139 145 145 139 139 140 140 145 145 140 140 141 141 145 145 141 141 142 142 145 145 142 142 143 143 145 145 143 143 108 108</p>
        </triangles>
      </mesh>
    </geometry>
    <geometry id="mesh4">
      <mesh>
        <source id="mesh4-positions">
          <float_array id="mesh4-positions-array" count="438">0.0146423 0.0499185 -0.032 0.0138764 0.0500865 -0.032 0.0130924 0.0501019 -0.032 0.0123205 0.0499641 -0.032 0.0115903 0.0496783 -0.032 0.0109299 0.0492555 -0.032 0.0103646 0.048712 -0.032 0.0099162 0.0480687 -0.032 0.009602 0.0473503 -0.032 -0.0009046 0.0150144 -0.032 -0.0010726 0.0142485 -0.032 -0.001088 0.0134645 -0.032 -0.0009502 0.0126926 -0.032 -0.0006644 0.0119624 -0.032 -0.0002416 0.0113019 -0.032 0.0003019 0.0107367 -0.032 0.0009452 0.0102883 -0.032 0.0016636 0.0099741 -0.032 0.0045168 0.009047 -0.032 0.0052827 0.008879 -0.032 0.0060667 0.0088636 -0.032 0.0068386 0.0090014 -0.032 0.0075688 0.0092872 -0.032 0.0082292 0.00971 -0.032 0.0087944 0.0102535 -0.032 0.0092428 0.0108968 -0.032 0.009557 0.0116152 -0.032 0.0200636 0.0439511 -0.032 0.0202317 0.044717 -0.032 0.0202471 0.045501 -0.032 0.0201092 0.0462729 -0.032 0.0198234 0.0470031 -0.032 0.0194007 0.0476636 -0.032 0.0188572 0.0482288 -0.032 0.0182139 0.0486772 -0.032 0.0174955 0.0489914 -0.032 0.0149513 0.0508695 -0.031 0.0139939 0.0510796 -0.031 0.0130139 0.0510988 -0.031 0.012049 0.0509265 -0.031 0.0111363 0.0505693 -0.031 0.0103108 0.0500408 -0.031 0.0096042 0.0493615 -0.031 0.0090438 0.0485573 -0.031 0.0086509 0.0476593 -0.031 -0.0018556 0.0153234 -0.031 -0.0020657 0.014366 -0.031 -0.0020849 0.013386 -0.031 -0.0019126 0.0124211 -0.031 -0.0015554 0.0115084 -0.031 -0.0010269 0.0106828 -0.031 -0.0003476 0.0099763 -0.031 0.0004565 0.0094158 -0.031 0.0013546 0.009023 -0.031 0.0042077 0.008096 -0.031 0.0051651 0.0078859 -0.031 0.0061451 0.0078667 -0.031 0.00711 0.008039 -0.031 0.0080228 0.0083962 -0.031 0.0088483 0.0089247 -0.031 0.0095549 0.009604 -0.031 0.0101153 0.0104082 -0.031 0.0105081 0.0113062 -0.031 0.0210147 0.0436421 -0.031 0.0212247 0.0445995 -0.031 0.021244 0.0455795 -0.031 0.0210717 0.0465444 -0.031 0.0207144 0.0474571 -0.031 0.020186 0.0482827 -0.031 0.0195066 0.0489892 -0.031 0.0187025 0.0495497 -0.031 0.0178045 0.0499425 -0.031 0.0149513 0.0508695 -0.027 0.0139939 0.0510796 -0.027 0.0130139 0.0510988 -0.027 0.012049 0.0509265 -0.027 0.0111363 0.0505693 -0.027 0.0103108 0.0500408 -0.027 0.0096042 0.0493615 -0.027 0.0090438 0.0485573 -0.027 0.0086509 0.0476593 -0.027 -0.0018556 0.0153234 -0.027 -0.0020657 0.014366 -0.027 -0.0020849 0.013386 -0.027 -0.0019126 0.0124211 -0.027 -0.0015554 0.0115084 -0.027 -0.0010269 0.0106828 -0.027 -0.0003476 0.0099763 -0.027 0.0004565 0.0094158 -0.027 0.0013546 0.009023 -0.027 0.0042077 0.008096 -0.027 0.0051651 0.0078859 -0.027 0.0061451 0.0078667 -0.027 0.00711 0.008039 -0.027 0.0080228 0.0083962 -0.027 0.0088483 0.0089247 -0.027 0.0095549 0.009604 -0.027 0.0101153 0.0104082 -0.027 0.0105081 0.0113062 -0.027 0.0210147 0.0436421 -0.027 0.0212247 0.0445995 -0.027 0.021244 0.0455795 -0.027 0.0210717 0.0465444 -0.027 0.0207144 0.0474571 -0.027 0.020186 0.0482827 -0.027 0.0195066 0.0489892 -0.027 0.0187025 0.0495497 -0.027 0.0178045 0.0499425 -0.027 0.0146423 0.0499185 -0.026 0.0138764 0.0500865 -0.026 0.0130924 0.0501019 -0.026 0.0123205 0.0499641 -0.026 0.0115903 0.0496783 -0.026 0.0109299 0.0492555 -0.026 0.0103646 0.048712 -0.026 0.0099162 0.0480687 -0.026 0.009602 0.0473503 -0.026 -0.0009046 0.0150144 -0.026 -0.0010726 0.0142485 -0.026 -0.001088 0.0134645 -0.026 -0.0009502 0.0126926 -0.026 -0.0006644 0.0119624 -0.026 -0.0002416 0.0113019 -0.026 0.0003019 0.0107367 -0.026 0.0009452 0.0102883 -0.026 0.0016636 0.0099741 -0.026 0.0045168 0.009047 -0.026 0.0052827 0.008879 -0.026 0.0060667 0.0088636 -0.026 0.0068386 0.0090014 -0.026 0.0075688 0.0092872 -0.026 0.0082292 0.00971 -0.026 0.0087944 0.0102535 -0.026 0.0092428 0.0108968 -0.026 0.009557 0.0116152 -0.026 0.0200636 0.0439511 -0.026 0.0202317 0.044717 -0.026 0.0202471 0.045501 -0.026 0.0201092 0.0462729 -0.026 0.0198234 0.0470031 -0.026 0.0194007 0.0476636 -0.026 0.0188572 0.0482288 -0.026 0.0182139 0.0486772 -0.026 0.0174955 0.0489914 -0.026 0.0095795 0.0294828 -0.032 0.0095795 0.0294828 -0.026</float_array>
          <technique_common>
            <accessor source="#mesh4-positions-array" count="146" stride="3">
              <param name="X" type="float" />
              <param name="Y" type="float" />
              <param name="Z" type="float" />
            </accessor>
          </technique_common>
        </source>
        <source id="mesh4-normals">
          <float_array id="mesh4-normals-array" count="438">0.0154652 0.0542283 -0.9984088 0.0057338 0.0715678 -0.9974193 -0.0085983 0.0735325 -0.9972558 -0.0242206 0.0749018 -0.9968967 -0.0422102 0.0756211 -0.9962428 -0.0642997 0.0755001 -0.9950705 -0.0937011 0.0740819 -0.9928404 -0.1373844 0.0702444 -0.9880239 -0.2419379 0.0789094 -0.9670778 -0.1473553 0.047092 -0.9879619 -0.153808 0.0123227 -0.9880239 -0.1186405 -0.0138728 -0.9928404 -0.0943594 -0.0305126 -0.9950705 -0.0756211 -0.0422102 -0.9962428 -0.0599314 -0.0510407 -0.9968967 -0.0459155 -0.0580753 -0.9972558 -0.0326852 -0.0639258 -0.9974193 -0.0250533 -0.0742324 -0.9969262 -0.0154652 -0.0542283 -0.9984088 -0.0057338 -0.0715678 -0.9974193 0.0085983 -0.0735325 -0.9972558 0.0242206 -0.0749018 -0.9968967 0.0422102 -0.0756211 -0.9962428 0.0642997 -0.0755001 -0.9950705 0.0937011 -0.0740819 -0.9928404 0.1373844 -0.0702444 -0.9880239 0.2419379 -0.0789094 -0.9670778 0.1473553 -0.047092 -0.9879619 0.153808 -0.0123227 -0.9880239 0.1186405 0.0138728 -0.9928404 0.0943594 0.0305126 -0.9950705 0.0756211 0.0422102 -0.9962428 0.0599314 0.0510407 -0.9968967 0.0459155 0.0580753 -0.9972558 0.0326852 0.0639258 -0.9974193 0.0250533 0.0742324 -0.9969262 0.2691903 0.9295478 -0.2519473 0.0946888 0.9780048 -0.185851 -0.0979299 0.9776856 -0.185851 -0.2867852 0.9397945 -0.185851 -0.4646195 0.8657876 -0.185851 -0.6245988 0.7585089 -0.185851 -0.760575 0.6220812 -0.185851 -0.8673228 0.4617473 -0.185851 -0.9443081 0.308692 -0.11398 -0.9058968 0.2902792 -0.308365 -0.9780048 0.0946888 -0.185851 -0.9776856 -0.0979299 -0.185851 -0.9397945 -0.2867852 -0.185851 -0.8657876 -0.4646195 -0.185851 -0.7585089 -0.6245988 -0.185851 -0.6220812 -0.760575 -0.185851 -0.4617473 -0.8673228 -0.185851 -0.3218039 -0.9357786 -0.1440859 -0.2691903 -0.9295478 -0.2519473 -0.0946888 -0.9780048 -0.185851 0.0979299 -0.9776856 -0.185851 0.2867852 -0.9397945 -0.185851 0.4646195 -0.8657876 -0.185851 0.6245988 -0.7585089 -0.185851 0.760575 -0.6220812 -0.185851 0.8673228 -0.4617473 -0.185851 0.9443081 -0.308692 -0.11398 0.9058968 -0.2902792 -0.308365 0.9780048 -0.0946888 -0.185851 0.9776856 0.0979299 -0.185851 0.9397945 0.2867852 -0.185851 0.8657876 0.4646195 -0.185851 0.7585089 0.6245988 -0.185851 0.6220812 0.760575 -0.185851 0.4617473 0.8673228 -0.185851 0.3218039 0.9357786 -0.1440859 0.289692 0.9462123 0.1440859 0.1362382 0.9730871 0.185851 -0.0562195 0.9809683 0.185851 -0.2465167 0.9511514 0.185851 -0.4273404 0.8847822 0.185851 -0.5917416 0.7844114 0.185851 -0.7334025 0.6538961 0.185851 -0.8468792 0.498252 0.185851 -0.9035077 0.297632 0.308365 -0.9454059 0.3053133 0.11398 -0.9730871 0.1362382 0.185851 -0.9809683 -0.0562195 0.185851 -0.9511514 -0.2465167 0.185851 -0.8847822 -0.4273404 0.185851 -0.7844114 -0.5917416 0.185851 -0.6538961 -0.7334025 0.185851 -0.498252 -0.8468792 0.185851 -0.3285949 -0.9102461 0.2519473 -0.289692 -0.9462123 0.1440859 -0.1362382 -0.9730871 0.185851 0.0562195 -0.9809683 0.185851 0.2465167 -0.9511514 0.185851 0.4273404 -0.8847822 0.185851 0.5917416 -0.7844114 0.185851 0.7334025 -0.6538961 0.185851 0.8468792 -0.498252 0.185851 0.9035077 -0.297632 0.308365 0.9454059 -0.3053133 0.11398 0.9730871 -0.1362382 0.185851 0.9809683 0.0562195 0.185851 0.9511514 0.2465167 0.185851 0.8847822 0.4273404 0.185851 0.7844114 0.5917416 0.185851 0.6538961 0.7334025 0.185851 0.498252 0.8468792 0.185851 0.3285949 0.9102461 0.2519473 0.0233641 0.0747812 0.9969262 0.0111318 0.070929 0.9974193 -0.0030106 0.0739723 0.9972558 -0.0184846 0.0765196 0.9968967 -0.0363682 0.0785978 0.9962428 -0.0584036 0.0801483 0.9950705 -0.0878279 0.0809585 0.9928404 -0.1316764 0.0804368 0.9880239 -0.1468929 0.0485151 0.9879619 -0.2421136 0.0783685 0.9670778 -0.1524349 0.0239236 0.9880239 -0.11935 -0.0048574 0.9928404 -0.0963974 -0.0232864 0.9950705 -0.0785978 -0.0363682 0.9962428 -0.0636211 -0.0463603 0.9968967 -0.0501775 -0.0544351 0.9972558 -0.0374278 -0.0612699 0.9974193 -0.0193629 -0.0529618 0.9984088 -0.0233641 -0.0747812 0.9969262 -0.0111318 -0.070929 0.9974193 0.0030106 -0.0739723 0.9972558 0.0184846 -0.0765196 0.9968967 0.0363682 -0.0785978 0.9962428 0.0584036 -0.0801483 0.9950705 0.0878279 -0.0809585 0.9928404 0.1316764 -0.0804368 0.9880239 0.1468929 -0.0485151 0.9879619 0.2421136 -0.0783685 0.9670778 0.1524349 -0.0239236 0.9880239 0.11935 0.0048574 0.9928404 0.0963974 0.0232864 0.9950705 0.0785978 0.0363682 0.9962428 0.0636211 0.0463603 0.9968967 0.0501775 0.0544351 0.9972558 0.0374278 0.0612699 0.9974193 0.0193629 0.0529618 0.9984088 0.0 0.0 -1.0 0.0 -0.0 1.0</float_array>
          <technique_common>
            <accessor source="#mesh4-normals-array" count="146" stride="3">
              <param name="X" type="float" />
              <param name="Y" type="float" />
              <param name="Z" type="float" />
            </accessor>
          </technique_common>
        </source>
        <vertices id="mesh4-vertices">
          <input semantic="POSITION" source="#mesh4-positions" />
        </vertices>
        <triangles count="288" material="alloy">
          <input semantic="VERTEX" source="#mesh4-vertices" offset="0" />
          <input semantic="NORMAL" source="#mesh4-normals" offset="1" />
          <p>0 0 1 1 37 37 0 0 37 37 36 36 1 1 2 2 38 38 1 1 38 38 37 37 2 2 3 3 39 39 2 2 39 39 38 38 3 3 4 4 40 40 3 3 40 40 39 39 4 4 5 5 41 41 4 4 41 41 40 40 5 5 6 6 42 42 5 5 42 42 41 41 6 6 7 7 43 43 6 6 43 43 42 42 7 7 8 8 44 44 7 7 44 44 43 43 8 8 9 9 45 45 8 8 45 45 44 44 9 9 10 10 46 46 9 9 46 46 45 45 10 10 11 11 47 47 10 10 47 47 46 46 11 11 12 12 48 48 11 11 48 48 47 47 12 12 13 13 49 49 12 12 49 49 48 48 13 13 14 14 50 50 13 13 50 50 49 49 14 14 15 15 51 51 14 14 51 51 50 50 15 15 16 16 52 52 15 15 52 52 51 51 16 16 17 17 53 53 16 16 53 53 52 52 17 17 18 18 54 54 17 17 54 54 53 53 18 18 19 19 55 55 18 18 55 55 54 54 19 19 20 20 56 56 19 19 56 56 55 55 20 20 21 21 57 57 20 20 57 57 56 56 21 21 22 22 58 58 21 21 58 58 57 57 22 22 23 23 59 59 22 22 59 59 58 58 23 23 24 24 60 60 23 23 60 60 59 59 24 24 25 25 61 61 24 24 61 61 60 60 25 25 26 26 62 62 25 25 62 62 61 61 26 26 27 27 63 63 26 26 63 63 62 62 27 27 28 28 64 64 27 27 64 64 63 63 28 28 29 29 65 65 28 28 65 65 64 64 29 29 30 30 66 66 29 29 66 66 65 65 30 30 31 31 67 67 30 30 67 67 66 66 31 31 32 32 68 68 31 31 68 68 67 67 32 32 33 33 69 69 32 32 69 69 68 68 33 33 34 34 70 70 33 33 70 70 69 69 34 34 35 35 71 71 34 34 71 71 70 70 35 35 0 0 36 36 35 35 36 36 71 71 36 36 37 37 73 73 36 36 73 73 72 72 37 37 38 38 74 74 37 37 74 74 73 73 38 38 39 39 75 75 38 38 75 75 74 74 39 39 40 40 76 76 39 39 76 76 75 75 40 40 41 41 77 77 40 40 77 77 76 76 41 41 42 42 78 78 41 41 78 78 77 77 42 42 43 43 79 79 42 42 79 79 78 78 43 43 44 44 80 80 43 43 80 80 79 79 44 44 45 45 81 81 44 44 81 81 80 80 45 45 46 46 82 82 45 45 82 82 81 81 46 46 47 47 83 83 46 46 83 83 82 82 47 47 48 48 84 84 47 47 84 84 83 83 48 48 49 49 85 85 48 48 85 85 84 84 49 49 50 50 86 86 49 49 86 86 85 85 50 50 51 51 87 87 50 50 87 87 86 86 51 51 52 52 88 88 51 51 88 88 87 87 52 52 53 53 89 89 52 52 89 89 88 88 53 53 54 54 90 90 53 53 90 90 89 89 54 54 55 55 91 91 54 54 91 91 90 90 55 55 56 56 92 92 55 55 92 92 91 91 56 56 57 57 93 93 56 56 93 93 92 92 57 57 58 58 94 94 57 57 94 94 93 93 58 58 59 59 95 95 58 58 95 95 94 94 59 59 60 60 96 96 59 59 96 96 95 95 60 60 61 61 97 97 60 60 97 97 96 96 61 61 62 62 98 98 61 61 98 98 97 97 62 62 63 63 99 99 62 62 99 99 98 98 63 63 64 64 100 100 63 63 100 100 99 99 64 64 65 65 101 101 64 64 101 101 100 100 65 65 66 66 102 102 65 65 102 102 101 101 66 66 67 67 103 103 66 66 103 103 102 102 67 67 68 68 104 104 67 67 104 104 103 103 68 68 69 69 105 105 68 68 105 105 104 104 69 69 70 70 106 106 69 69 106 106 105 105 70 70 71 71 107 107 70 70 107 107 106 106 71 71 36 36 72 72 71 71 72 72 107 107 72 72 73 73 109 109 72 72 109 109 108 108 73 73 74 74 110 110 73 73 110 110 109 109 74 74 75 75 111 111 74 74 111 111 110 110 75 75 76 76 112 112 75 75 112 112 111 111 76 76 77 77 113 113 76 76 113 113 112 112 77 77 78 78 114 114 77 77 114 114 113 113 78 78 79 79 115 115 78 78 115 115 114 114 79 79 80 80 116 116 79 79 116 116 115 115 80 80 81 81 117 117 80 80 117 117 116 116 81 81 82 82 118 118 81 81 118 118 117 117 82 82 83 83 119 119 82 82 119 119 118 118 83 83 84 84 120 120 83 83 120 120 119 119 84 84 85 85 121 121 84 84 121 121 120 120 85 85 86 86 122 122 85 85 122 122 121 121 86 86 87 87 123 123 86 86 123 123 122 122 87 87 88 88 124 124 87 87 124 124 123 123 88 88 89 89 125 125 88 88 125 125 124 124 89 89 90 90 126 126 89 89 126 126 125 125 90 90 91 91 127 127 90 90 127 127 126 126 91 91 92 92 128 128 91 91 128 128 127 127 92 92 93 93 129 129 92 92 129 129 128 128 93 93 94 94 130 130 93 93 130 130 129 129 94 94 95 95 131 131 94 94 131 131 130 130 95 95 96 96 132 132 95 95 132 132 131 131 96 96 97 97 133 133 96 96 133 133 132 132 97 97 98 98 134 134 97 97 134 134 133 133 98 98 99 99 135 135 98 98 135 135 134 134 99 99 100 100 136 136 99 99 136 136 135 135 100 100 101 101 137 137 100 100 137 137 136 136 101 101 102 102 138 138 101 101 138 138 137 137 102 102 103 103 139 139 102 102 139 139 138 138 103 103 104 104 140 140 103 103 140 140 139 139 104 104 105 105 141 141 104 104 141 141 140 140 105 105 106 106 142 142 105 105 142 142 141 141 106 106 107 107 143 143 106 106 143 143 142 142 107 107 72 72 108 108 107 107 108 108 143 143 144 144 1 1 0 0 144 144 2 2 1 1 144 144 3 3 2 2 144 144 4 4 3 3 144 144 5 5 4 4 144 144 6 6 5 5 144 144 7 7 6 6 144 144 8 8 7 7 144 144 9 9 8 8 144 144 10 10 9 9 144 144 11 11 10 10 144 144 12 12 11 11 144 144 13 13 12 12 144 144 14 14 13 13 144 144 15 15 14 14 144 144 16 16 15 15 144 144 17 17 16 16 144 144 18 18 17 17 144 144 19 19 18 18 144 144 20 20 19 19 144 144 21 21 20 20 144 144 22 22 21 21 144 144 23 23 22 22 144 144 24 24 23 23 144 144 25 25 24 24 144 144 26 26 25 25 144 144 27 27 26 26 144 144 28 28 27 27 144 144 29 29 28 28 144 144 30 30 29 29 144 144 31 31 30 30 144 144 32 32 31 31 144 144 33 33 32 32 144 144 34 34 33 33 144 144 35 35 34 34 144 144 0 0 35 35 145 145 108 108 109 109 145 145 109 109 110 110 145 145 110 110 111 111 145 145 111 111 112 112 145 145 112 112 113 113 145 145 113 113 114 114 145 145 114 114 115 115 145 145 115 115 116 116 145 145 116 116 117 117 145 145 117 117 118 118 145 145 118 118 119 119 145 145 119 119 120 120 145 145 120 120 121 121 145 145 121 121 122 122 145 145 122 122 123 123 145 145 123 123 124 124 145 145 124 124 125 125 145 145 125 125 126 126 145 145 126 126 127 127 145 145 127 127 128 128 145 145 128 128 129 129 145 145 129 129 130 130 145 145 130 130 131 131 145 145 131 131 132 132 145 145 132 132 133 133 145 145 133 133 134 134 145 145 134 134 135 135 145 145 135 135 136 136 145 145 136 136 137 137 145 145 137 137 138 138 145 145 138 138 139 139 145 145 139 139 140 140 145 145 140 140 141 141 145 145 141 141 142 142 145 145 142 142 143 143 145 145 143 143 108 108</p>
        </triangles>
      </mesh>
    </geometry>
    <geometry id="mesh5">
      <mesh>
        <source id="mesh5-positions">
          <float_array id="mesh5-positions-array" count="438">-0.0429506 0.0293513 -0.032 -0.0433471 0.0286748 -0.032 -0.043604 0.0279339 -0.032 -0.0437114 0.0271572 -0.032 -0.0436652 0.0263744 -0.032 -0.0434673 0.0256157 -0.032 -0.0431251 0.0249102 -0.032 -0.0426518 0.024285 -0.032 -0.0420656 0.0237641 -0.032 -0.0145591 0.0037794 -0.032 -0.0138826 0.0033829 -0.032 -0.0131417 0.003126 -0.032 -0.012365 0.0030186 -0.032 -0.0115822 0.0030647 -0.032 -0.0108234 0.0032627 -0.032 -0.0101179 0.0036049 -0.032 -0.0094927 0.0040782 -0.032 -0.0089718 0.0046643 -0.032 -0.0072085 0.0070914 -0.032 -0.006812 0.0077679 -0.032 -0.0065551 0.0085087 -0.032 -0.0064476 0.0092855 -0.032 -0.0064938 0.0100683 -0.032 -0.0066918 0.010827 -0.032 -0.007034 0.0115325 -0.032 -0.0075073 0.0121577 -0.032 -0.0080934 0.0126786 -0.032 -0.0356 0.0326633 -0.032 -0.0362765 0.0330598 -0.032 -0.0370174 0.0333167 -0.032 -0.0377941 0.0334241 -0.032 -0.0385769 0.033378 -0.032 -0.0393356 0.03318 -0.032 -0.0400411 0.0328378 -0.032 -0.0406663 0.0323645 -0.032 -0.0411872 0.0317784 -0.032 -0.0437596 0.0299391 -0.031 -0.0442552 0.0290935 -0.031 -0.0445763 0.0281674 -0.031 -0.0447106 0.0271965 -0.031 -0.0446529 0.026218 -0.031 -0.0444055 0.0252696 -0.031 -0.0439777 0.0243877 -0.031 -0.0433861 0.0236062 -0.031 -0.0426534 0.0229551 -0.031 -0.0151468 0.0029704 -0.031 -0.0143012 0.0024748 -0.031 -0.0133751 0.0021536 -0.031 -0.0124042 0.0020193 -0.031 -0.0114257 0.002077 -0.031 -0.0104773 0.0023245 -0.031 -0.0095954 0.0027523 -0.031 -0.0088139 0.0033439 -0.031 -0.0081628 0.0040765 -0.031 -0.0063995 0.0065036 -0.031 -0.0059038 0.0073492 -0.031 -0.0055827 0.0082753 -0.031 -0.0054484 0.0092462 -0.031 -0.0055061 0.0102247 -0.031 -0.0057536 0.0111731 -0.031 -0.0061814 0.012055 -0.031 -0.0067729 0.0128365 -0.031 -0.0075056 0.0134876 -0.031 -0.0350122 0.0334723 -0.031 -0.0358578 0.0339679 -0.031 -0.0367839 0.0342891 -0.031 -0.0377548 0.0344234 -0.031 -0.0387333 0.0343657 -0.031 -0.0396817 0.0341182 -0.031 -0.0405636 0.0336904 -0.031 -0.0413451 0.0330988 -0.031 -0.0419962 0.0323661 -0.031 -0.0437596 0.0299391 -0.027 -0.0442552 0.0290935 -0.027 -0.0445763 0.0281674 -0.027 -0.0447106 0.0271965 -0.027 -0.0446529 0.026218 -0.027 -0.0444055 0.0252696 -0.027 -0.0439777 0.0243877 -0.027 -0.0433861 0.0236062 -0.027 -0.0426534 0.0229551 -0.027 -0.0151468 0.0029704 -0.027 -0.0143012 0.0024748 -0.027 -0.0133751 0.0021536 -0.027 -0.0124042 0.0020193 -0.027 -0.0114257 0.002077 -0.027 -0.0104773 0.0023245 -0.027 -0.0095954 0.0027523 -0.027 -0.0088139 0.0033439 -0.027 -0.0081628 0.0040765 -0.027 -0.0063995 0.0065036 -0.027 -0.0059038 0.0073492 -0.027 -0.0055827 0.0082753 -0.027 -0.0054484 0.0092462 -0.027 -0.0055061 0.0102247 -0.027 -0.0057536 0.0111731 -0.027 -0.0061814 0.012055 -0.027 -0.0067729 0.0128365 -0.027 -0.0075056 0.0134876 -0.027 -0.0350122 0.0334723 -0.027 -0.0358578 0.0339679 -0.027 -0.0367839 0.0342891 -0.027 -0.0377548 0.0344234 -0.027 -0.0387333 0.0343657 -0.027 -0.0396817 0.0341182 -0.027 -0.0405636 0.0336904 -0.027 -0.0413451 0.0330988 -0.027 -0.0419962 0.0323661 -0.027 -0.0429506 0.0293513 -0.026 -0.0433471 0.0286748 -0.026 -0.043604 0.0279339 -0.026 -0.0437114 0.0271572 -0.026 -0.0436652 0.0263744 -0.026 -0.0434673 0.0256157 -0.026 -0.0431251 0.0249102 -0.026 -0.0426518 0.024285 -0.026 -0.0420656 0.0237641 -0.026 -0.0145591 0.0037794 -0.026 -0.0138826 0.0033829 -0.026 -0.0131417 0.003126 -0.026 -0.012365 0.0030186 -0.026 -0.0115822 0.0030647 -0.026 -0.0108234 0.0032627 -0.026 -0.0101179 0.0036049 -0.026 -0.0094927 0.0040782 -0.026 -0.0089718 0.0046643 -0.026 -0.0072085 0.0070914 -0.026 -0.006812 0.0077679 -0.026 -0.0065551 0.0085087 -0.026 -0.0064476 0.0092855 -0.026 -0.0064938 0.0100683 -0.026 -0.0066918 0.010827 -0.026 -0.007034 0.0115325 -0.026 -0.0075073 0.0121577 -0.026 -0.0080934 0.0126786 -0.026 -0.0356 0.0326633 -0.026 -0.0362765 0.0330598 -0.026 -0.0370174 0.0333167 -0.026 -0.0377941 0.0334241 -0.026 -0.0385769 0.033378 -0.026 -0.0393356 0.03318 -0.026 -0.0400411 0.0328378 -0.026 -0.0406663 0.0323645 -0.026 -0.0411872 0.0317784 -0.026 -0.0250795 0.0182213 -0.032 -0.0250795 0.0182213 -0.026</float_array>
          <technique_common>
            <accessor source="#mesh5-positions-array" count="146" stride="3">
              <param name="X" type="float" />
              <param name="Y" type="float" />
              <param name="Z" type="float" />
            </accessor>
          </technique_common>
        </source>
        <source id="mesh5-normals">
          <float_array id="mesh5-normals-array" count="438">-0.0467951 0.0314658 -0.9984088 -0.0662932 0.0275689 -0.9974193 -0.0725906 0.0145454 -0.9972558 -0.0787205 0.0001107 -0.9968967 -0.0849636 -0.0167761 -0.9962428 -0.0916746 -0.0378219 -0.9950705 -0.0994113 -0.0662224 -0.9928404 -0.1092605 -0.1089536 -0.9880239 -0.1498102 -0.2057122 -0.9670778 -0.0903224 -0.125591 -0.9879619 -0.0592488 -0.1424722 -0.9880239 -0.0234681 -0.1171208 -0.9928404 -0.0001395 -0.0991701 -0.9950705 0.0167761 -0.0849636 -0.9962428 0.0300227 -0.0727706 -0.9968967 0.0410442 -0.0616144 -0.9972558 0.0506968 -0.0508396 -0.9974193 0.0628573 -0.0467662 -0.9969262 0.0467951 -0.0314658 -0.9984088 0.0662932 -0.0275689 -0.9974193 0.0725906 -0.0145454 -0.9972558 0.0787205 -0.0001107 -0.9968967 0.0849636 0.0167761 -0.9962428 0.0916746 0.0378219 -0.9950705 0.0994113 0.0662224 -0.9928404 0.1092605 0.1089536 -0.9880239 0.1498102 0.2057122 -0.9670778 0.0903224 0.125591 -0.9879619 0.0592488 0.1424722 -0.9880239 0.0234681 0.1171208 -0.9928404 0.0001395 0.0991701 -0.9950705 -0.0167761 0.0849636 -0.9962428 -0.0300227 0.0727706 -0.9968967 -0.0410442 0.0616144 -0.9972558 -0.0506968 0.0508396 -0.9974193 -0.0628573 0.0467662 -0.9969262 -0.8008681 0.5432613 -0.2519473 -0.9008774 0.3922745 -0.185851 -0.9600963 0.2089846 -0.185851 -0.9824192 0.0176635 -0.185851 -0.9669882 -0.1743363 -0.185851 -0.9143965 -0.3596366 -0.185851 -0.826665 -0.5311162 -0.185851 -0.7071653 -0.6821853 -0.185851 -0.5853908 -0.8026993 -0.11398 -0.5560094 -0.7718579 -0.308365 -0.3922745 -0.9008774 -0.185851 -0.2089846 -0.9600963 -0.185851 -0.0176635 -0.9824192 -0.185851 0.1743363 -0.9669882 -0.185851 0.3596366 -0.9143965 -0.185851 0.5311162 -0.826665 -0.185851 0.6821853 -0.7071653 -0.185851 0.7905354 -0.5952251 -0.1440859 0.8008681 -0.5432613 -0.2519473 0.9008774 -0.3922745 -0.185851 0.9600963 -0.2089846 -0.185851 0.9824192 -0.0176635 -0.185851 0.9669882 0.1743363 -0.185851 0.9143965 0.3596366 -0.185851 0.826665 0.5311162 -0.185851 0.7071653 0.6821853 -0.185851 0.5853908 0.8026993 -0.11398 0.5560094 0.7718579 -0.308365 0.3922745 0.9008774 -0.185851 0.2089846 0.9600963 -0.185851 0.0176635 0.9824192 -0.185851 -0.1743363 0.9669882 -0.185851 -0.3596366 0.9143965 -0.185851 -0.5311162 0.826665 -0.185851 -0.6821853 0.7071653 -0.185851 -0.7905354 0.5952251 -0.1440859 -0.8103816 0.5679092 0.1440859 -0.883361 0.4302706 0.185851 -0.9503291 0.2496679 0.185851 -0.9807766 0.0594706 0.185851 -0.9735334 -0.1330121 0.185851 -0.9288778 -0.3203832 0.185851 -0.848526 -0.4954422 0.185851 -0.7355658 -0.6514617 0.185851 -0.5622641 -0.7673136 0.308365 -0.5825167 -0.8047875 0.11398 -0.4302706 -0.883361 0.185851 -0.2496679 -0.9503291 0.185851 -0.0594706 -0.9807766 0.185851 0.1330121 -0.9735334 0.185851 0.3203832 -0.9288778 0.185851 0.4954422 -0.848526 0.185851 0.6514617 -0.7355658 0.185851 0.764154 -0.5937939 0.2519473 0.8103816 -0.5679092 0.1440859 0.883361 -0.4302706 0.185851 0.9503291 -0.2496679 0.185851 0.9807766 -0.0594706 0.185851 0.9735334 0.1330121 0.185851 0.9288778 0.3203832 0.185851 0.848526 0.4954422 0.185851 0.7355658 0.6514617 0.185851 0.5622641 0.7673136 0.308365 0.5825167 0.8047875 0.11398 0.4302706 0.883361 0.185851 0.2496679 0.9503291 0.185851 0.0594706 0.9807766 0.185851 -0.1330121 0.9735334 0.185851 -0.3203832 0.9288778 0.185851 -0.4954422 0.848526 0.185851 -0.6514617 0.7355658 0.185851 -0.764154 0.5937939 0.2519473 -0.0639012 0.0453293 0.9969262 -0.0640175 0.0325052 0.9974193 -0.0712822 0.0199954 0.9972558 -0.0784865 0.0060659 0.9968967 -0.0859893 -0.0103002 0.9962428 -0.0942732 -0.0307779 0.9950705 -0.1041364 -0.0585118 0.9928404 -0.1171902 -0.1003753 0.9880239 -0.091533 -0.1247115 0.9879619 -0.1493501 -0.2060465 0.9670778 -0.0698576 -0.1375815 0.9880239 -0.0322615 -0.1150097 0.9928404 -0.0076417 -0.0988753 0.9950705 0.0103002 -0.0859893 0.9962428 0.0244313 -0.0748334 0.9968967 0.0362652 -0.064543 0.9972558 0.0467053 -0.0545293 0.9974193 0.0443862 -0.0347814 0.9984088 0.0639012 -0.0453293 0.9969262 0.0640175 -0.0325052 0.9974193 0.0712822 -0.0199954 0.9972558 0.0784865 -0.0060659 0.9968967 0.0859893 0.0103002 0.9962428 0.0942732 0.0307779 0.9950705 0.1041364 0.0585118 0.9928404 0.1171902 0.1003753 0.9880239 0.091533 0.1247115 0.9879619 0.1493501 0.2060465 0.9670778 0.0698576 0.1375815 0.9880239 0.0322615 0.1150097 0.9928404 0.0076417 0.0988753 0.9950705 -0.0103002 0.0859893 0.9962428 -0.0244313 0.0748334 0.9968967 -0.0362652 0.064543 0.9972558 -0.0467053 0.0545293 0.9974193 -0.0443862 0.0347814 0.9984088 0.0 0.0 -1.0 -0.0 0.0 1.0</float_array>
          <technique_common>
            <accessor source="#mesh5-normals-array" count="146" stride="3">
              <param name="X" type="float" />
              <param name="Y" type="float" />
              <param name="Z" type="float" />
            </accessor>
          </technique_common>
        </source>
        <vertices id="mesh5-vertices">
          <input semantic="POSITION" source="#mesh5-positions" />
        </vertices>
        <triangles count="288" material="alloy">
          <input semantic="VERTEX" source="#mesh5-vertices" offset="0" />
          <input semantic="NORMAL" source="#mesh5-normals" offset="1" />
          <p>0 0 1 1 37 37 0 0 37 37 36 36 1 1 2 2 38 38 1 1 38 38 37 37 2 2 3 3 39 39 2 2 39 39 38 38 3 3 4 4 40 40 3 3 40 40 39 39 4 4 5 5 41 41 4 4 41 41 40 40 5 5 6 6 42 42 5 5 42 42 41 41 6 6 7 7 43 43 6 6 43 43 42 42 7 7 8 8 44 44 7 7 44 44 43 43 8 8 9 9 45 45 8 8 45 45 44 44 9 9 10 10 46 46 9 9 46 46 45 45 10 10 11 11 47 47 10 10 47 47 46 46 11 11 12 12 48 48 11 11 48 48 47 47 12 12 13 13 49 49 12 12 49 49 48 48 13 13 14 14 50 50 13 13 50 50 49 49 14 14 15 15 51 51 14 14 51 51 50 50 15 15 16 16 52 52 15 15 52 52 51 51 16 16 17 17 53 53 16 16 53 53 52 52 17 17 18 18 54 54 17 17 54 54 53 53 18 18 19 19 55 55 18 18 55 55 54 54 19 19 20 20 56 56 19 19 56 56 55 55 20 20 21 21 57 57 20 20 57 57 56 56 21 21 22 22 58 58 21 21 58 58 57 57 22 22 23 23 59 59 22 22 59 59 58 58 23 23 24 24 60 60 23 23 60 60 59 59 24 24 25 25 61 61 24 24 61 61 60 60 25 25 26 26 62 62 25 25 62 62 61 61 26 26 27 27 63 63 26 26 63 63 62 62 27 27 28 28 64 64 27 27 64 64 63 63 28 28 29 29 65 65 28 28 65 65 64 64 29 29 30 30 66 66 29 29 66 66 65 65 30 30 31 31 67 67 30 30 67 67 66 66 31 31 32 32 68 68 31 31 68 68 67 67 32 32 33 33 69 69 32 32 69 69 68 68 33 33 34 34 70 70 33 33 70 70 69 69 34 34 35 35 71 71 34 34 71 71 70 70 35 35 0 0 36 36 35 35 36 36 71 71 36 36 37 37 73 73 36 36 73 73 72 72 37 37 38 38 74 74 37 37 74 74 73 73 38 38 39 39 75 75 38 38 75 75 74 74 39 39 40 40 76 76 39 39 76 76 75 75 40 40 41 41 77 77 40 40 77 77 76 76 41 41 42 42 78 78 41 41 78 78 77 77 42 42 43 43 79 79 42 42 79 79 78 78 43 43 44 44 80 80 43 43 80 80 79 79 44 44 45 45 81 81 44 44 81 81 80 80 45 45 46 46 82 82 45 45 82 82 81 81 46 46 47 47 83 83 46 46 83 83 82 82 47 47 48 48 84 84 47 47 84 84 83 83 48 48 49 49 85 85 48 48 85 85 84 84 49 49 50 50 86 86 49 49 86 86 85 85 50 50 51 51 87 87 50 50 87 87 86 86 51 51 52 52 88 88 51 51 88 88 87 87 52 52 53 53 89 89 52 52 89 89 88 88 53 53 54 54 90 90 53 53 90 90 89 89 54 54 55 55 91 91 54 54 91 91 90 90 55 55 56 56 92 92 55 55 92 92 91 91 56 56 57 57 93 93 56 56 93 93 92 92 57 57 58 58 94 94 57 57 94 94 93 93 58 58 59 59 95 95 58 58 95 95 94 94 59 59 60 60 96 96 59 59 96 96 95 95 60 60 61 61 97 97 60 60 97 97 96 96 61 61 62 62 98 98 61 61 98 98 97 97 62 62 63 63 99 99 62 62 99 99 98 98 63 63 64 64 100 100 63 63 100 100 99 99 64 64 65 65 101 101 64 64 101 101 100 100 65 65 66 66 102 102 65 65 102 102 101 101 66 66 67 67 103 103 66 66 103 103 102 102 67 67 68 68 104 104 67 67 104 104 103 103 68 68 69 69 105 105 68 68 105 105 104 104 69 69 70 70 106 106 69 69 106 106 105 105 70 70 71 71 107 107 70 70 107 107 106 106 71 71 36 36 72 72 71 71 72 72 107 107 72 72 73 73 109 109 72 72 109 109 108 108 73 73 74 74 110 110 73 73 110 110 109 109 74 74 75 75 111 111 74 74 111 111 110 110 75 75 76 76 112 112 75 75 112 112 111 111 76 76 77 77 113 113 76 76 113 113 112 112 77 77 78 78 114 114 77 77 114 114 113 113 78 78 79 79 115 115 78 78 115 115 114 114 79 79 80 80 116 116 79 79 116 116 115 115 80 80 81 81 117 117 80 80 117 117 116 116 81 81 82 82 118 118 81 81 118 118 117 117 82 82 83 83 119 119 82 82 119 119 118 118 83 83 84 84 120 120 83 83 120 120 119 119 84 84 85 85 121 121 84 84 121 121 120 120 85 85 86 86 122 122 85 85 122 122 121 121 86 86 87 87 123 123 86 86 123 123 122 122 87 87 88 88 124 124 87 87 124 124 123 123 88 88 89 89 125 125 88 88 125 125 124 124 89 89 90 90 126 126 89 89 126 126 125 125 90 90 91 91 127 127 90 90 127 127 126 126 91 91 92 92 128 128 91 91 128 128 127 127 92 92 93 93 129 129 92 92 129 129 128 128 93 93 94 94 130 130 93 93 130 130 129 129 94 94 95 95 131 131 94 94 131 131 130 130 95 95 96 96 132 132 95 95 132 132 131 131 96 96 97 97 133 133 96 96 133 133 132 132 97 97 98 98 134 134 97 97 134 134 133 133 98 98 99 99 135 135 98 98 135 135 134 134 99 99 100 100 136 136 99 99 136 136 135 135 100 100 101 101 137 137 100 100 137 137 136 136 101 101 102 102 138 138 101 101 138 138 137 137 102 102 103 103 139 139 102 102 139 139 138 138 103 103 104 104 140 140 103 103 140 140 139 139 104 104 105 105 141 141 104 104 141 141 140 140 105 105 106 106 142 142 105 105 142 142 141 141 106 106 107 107 143 143 106 106 143 143 142 142 107 107 72 72 108 108 107 107 108 108 143 143 144 144 1 1 0 0 144 144 2 2 1 1 144 144 3 3 2 2 144 144 4 4 3 3 144 144 5 5 4 4 144 144 6 6 5 5 144 144 7 7 6 6 144 144 8 8 7 7 144 144 9 9 8 8 144 144 10 10 9 9 144 144 11 11 10 10 144 144 12 12 11 11 144 144 13 13 12 12 144 144 14 14 13 13 144 144 15 15 14 14 144 144 16 16 15 15 144 144 17 17 16 16 144 144 18 18 17 17 144 144 19 19 18 18 144 144 20 20 19 19 144 144 21 21 20 20 144 144 22 22 21 21 144 144 23 23 22 22 144 144 24 24 23 23 144 144 25 25 24 24 144 144 26 26 25 25 144 144 27 27 26 26 144 144 28 28 27 27 144 144 29 29 28 28 144 144 30 30 29 29 144 144 31 31 30 30 144 144 32 32 31 31 144 144 33 33 32 32 144 144 34 34 33 33 144 144 35 35 34 34 144 144 0 0 35 35 145 145 108 108 109 109 145 145 109 109 110 110 145 145 110 110 111 111 145 145 111 111 112 112 145 145 112 112 113 113 145 145 113 113 114 114 145 145 114 114 115 115 145 145 115 115 116 116 145 145 116 116 117 117 145 145 117 117 118 118 145 145 118 118 119 119 145 145 119 119 120 120 145 145 120 120 121 121 145 145 121 121 122 122 145 145 122 122 123 123 145 145 123 123 124 124 145 145 124 124 125 125 145 145 125 125 126 126 145 145 126 126 127 127 145 145 127 127 128 128 145 145 128 128 129 129 145 145 129 129 130 130 145 145 130 130 131 131 145 145 131 131 132 132 145 145 132 132 133 133 145 145 133 133 134 134 145 145 134 134 135 135 145 145 135 135 136 136 145 145 136 136 137 137 145 145 137 137 138 138 145 145 138 138 139 139 145 145 139 139 140 140 145 145 140 140 141 141 145 145 141 141 142 142 145 145 142 142 143 143 145 145 143 143 108 108</p>
        </triangles>
      </mesh>
    </geometry>
    <geometry id="mesh6">
      <mesh>
        <source id="mesh6-positions">
          <float_array id="mesh6-positions-array" count="438">-0.0411872 -0.0317784 -0.032 -0.0406663 -0.0323645 -0.032 -0.0400411 -0.0328378 -0.032 -0.0393356 -0.03318 -0.032 -0.0385769 -0.033378 -0.032 -0.0377941 -0.0334241 -0.032 -0.0370174 -0.0333167 -0.032 -0.0362765 -0.0330598 -0.032 -0.0356 -0.0326633 -0.032 -0.0080934 -0.0126786 -0.032 -0.0075073 -0.0121577 -0.032 -0.007034 -0.0115325 -0.032 -0.0066918 -0.010827 -0.032 -0.0064938 -0.0100683 -0.032 -0.0064476 -0.0092855 -0.032 -0.0065551 -0.0085087 -0.032 -0.006812 -0.0077679 -0.032 -0.0072085 -0.0070914 -0.032 -0.0089718 -0.0046643 -0.032 -0.0094927 -0.0040782 -0.032 -0.0101179 -0.0036049 -0.032 -0.0108234 -0.0032627 -0.032 -0.0115822 -0.0030647 -0.032 -0.012365 -0.0030186 -0.032 -0.0131417 -0.003126 -0.032 -0.0138826 -0.0033829 -0.032 -0.0145591 -0.0037794 -0.032 -0.0420656 -0.0237641 -0.032 -0.0426518 -0.024285 -0.032 -0.0431251 -0.0249102 -0.032 -0.0434673 -0.0256157 -0.032 -0.0436652 -0.0263744 -0.032 -0.0437114 -0.0271572 -0.032 -0.043604 -0.0279339 -0.032 -0.0433471 -0.0286748 -0.032 -0.0429506 -0.0293513 -0.032 -0.0419962 -0.0323661 -0.031 -0.0413451 -0.0330988 -0.031 -0.0405636 -0.0336904 -0.031 -0.0396817 -0.0341182 -0.031 -0.0387333 -0.0343657 -0.031 -0.0377548 -0.0344234 -0.031 -0.0367839 -0.0342891 -0.031 -0.0358578 -0.0339679 -0.031 -0.0350122 -0.0334723 -0.031 -0.0075056 -0.0134876 -0.031 -0.0067729 -0.0128365 -0.031 -0.0061814 -0.012055 -0.031 -0.0057536 -0.0111731 -0.031 -0.0055061 -0.0102247 -0.031 -0.0054484 -0.0092462 -0.031 -0.0055827 -0.0082753 -0.031 -0.0059038 -0.0073492 -0.031 -0.0063995 -0.0065036 -0.031 -0.0081628 -0.0040765 -0.031 -0.0088139 -0.0033439 -0.031 -0.0095954 -0.0027523 -0.031 -0.0104773 -0.0023245 -0.031 -0.0114257 -0.002077 -0.031 -0.0124042 -0.0020193 -0.031 -0.0133751 -0.0021536 -0.031 -0.0143012 -0.0024748 -0.031 -0.0151468 -0.0029704 -0.031 -0.0426534 -0.0229551 -0.031 -0.0433861 -0.0236062 -0.031 -0.0439777 -0.0243877 -0.031 -0.0444055 -0.0252696 -0.031 -0.0446529 -0.026218 -0.031 -0.0447106 -0.0271965 -0.031 -0.0445763 -0.0281674 -0.031 -0.0442552 -0.0290935 -0.031 -0.0437596 -0.0299391 -0.031 -0.0419962 -0.0323661 -0.027 -0.0413451 -0.0330988 -0.027 -0.0405636 -0.0336904 -0.027 -0.0396817 -0.0341182 -0.027 -0.0387333 -0.0343657 -0.027 -0.0377548 -0.0344234 -0.027 -0.0367839 -0.0342891 -0.027 -0.0358578 -0.0339679 -0.027 -0.0350122 -0.0334723 -0.027 -0.0075056 -0.0134876 -0.027 -0.0067729 -0.0128365 -0.027 -0.0061814 -0.012055 -0.027 -0.0057536 -0.0111731 -0.027 -0.0055061 -0.0102247 -0.027 -0.0054484 -0.0092462 -0.027 -0.0055827 -0.0082753 -0.027 -0.0059038 -0.0073492 -0.027 -0.0063995 -0.0065036 -0.027 -0.0081628 -0.0040765 -0.027 -0.0088139 -0.0033439 -0.027 -0.0095954 -0.0027523 -0.027 -0.0104773 -0.0023245 -0.027 -0.0114257 -0.002077 -0.027 -0.0124042 -0.0020193 -0.027 -0.0133751 -0.0021536 -0.027 -0.0143012 -0.0024748 -0.027 -0.0151468 -0.0029704 -0.027 -0.0426534 -0.0229551 -0.027 -0.0433861 -0.0236062 -0.027 -0.0439777 -0.0243877 -0.027 -0.0444055 -0.0252696 -0.027 -0.0446529 -0.026218 -0.027 -0.0447106 -0.0271965 -0.027 -0.0445763 -0.0281674 -0.027 -0.0442552 -0.0290935 -0.027 -0.0437596 -0.0299391 -0.027 -0.0411872 -0.0317784 -0.026 -0.0406663 -0.0323645 -0.026 -0.0400411 -0.0328378 -0.026 -0.0393356 -0.03318 -0.026 -0.0385769 -0.033378 -0.026 -0.0377941 -0.0334241 -0.026 -0.0370174 -0.0333167 -0.026 -0.0362765 -0.0330598 -0.026 -0.0356 -0.0326633 -0.026 -0.0080934 -0.0126786 -0.026 -0.0075073 -0.0121577 -0.026 -0.007034 -0.0115325 -0.026 -0.0066918 -0.010827 -0.026 -0.0064938 -0.0100683 -0.026 -0.0064476 -0.0092855 -0.026 -0.0065551 -0.0085087 -0.026 -0.006812 -0.0077679 -0.026 -0.0072085 -0.0070914 -0.026 -0.0089718 -0.0046643 -0.026 -0.0094927 -0.0040782 -0.026 -0.0101179 -0.0036049 -0.026 -0.0108234 -0.0032627 -0.026 -0.0115822 -0.0030647 -0.026 -0.012365 -0.0030186 -0.026 -0.0131417 -0.003126 -0.026 -0.0138826 -0.0033829 -0.026 -0.0145591 -0.0037794 -0.026 -0.0420656 -0.0237641 -0.026 -0.0426518 -0.024285 -0.026 -0.0431251 -0.0249102 -0.026 -0.0434673 -0.0256157 -0.026 -0.0436652 -0.0263744 -0.026 -0.0437114 -0.0271572 -0.026 -0.043604 -0.0279339 -0.026 -0.0433471 -0.0286748 -0.026 -0.0429506 -0.0293513 -0.026 -0.0250795 -0.0182213 -0.032 -0.0250795 -0.0182213 -0.026</float_array>
          <technique_common>
            <accessor source="#mesh6-positions-array" count="146" stride="3">
              <param name="X" type="float" />
              <param name="Y" type="float" />
              <param name="Z" type="float" />
            </accessor>
          </technique_common>
        </source>
        <source id="mesh6-normals">
          <float_array id="mesh6-normals-array" count="438">-0.0443862 -0.0347814 -0.9984088 -0.0467053 -0.0545293 -0.9974193 -0.0362652 -0.064543 -0.9972558 -0.0244313 -0.0748334 -0.9968967 -0.0103002 -0.0859893 -0.9962428 0.0076417 -0.0988753 -0.9950705 0.0322615 -0.1150097 -0.9928404 0.0698576 -0.1375815 -0.9880239 0.1493501 -0.2060465 -0.9670778 0.091533 -0.1247115 -0.9879619 0.1171902 -0.1003753 -0.9880239 0.1041364 -0.0585118 -0.9928404 0.0942732 -0.0307779 -0.9950705 0.0859893 -0.0103002 -0.9962428 0.0784865 0.0060659 -0.9968967 0.0712822 0.0199954 -0.9972558 0.0640175 0.0325052 -0.9974193 0.0639012 0.0453293 -0.9969262 0.0443862 0.0347814 -0.9984088 0.0467053 0.0545293 -0.9974193 0.0362652 0.064543 -0.9972558 0.0244313 0.0748334 -0.9968967 0.0103002 0.0859893 -0.9962428 -0.0076417 0.0988753 -0.9950705 -0.0322615 0.1150097 -0.9928404 -0.0698576 0.1375815 -0.9880239 -0.1493501 0.2060465 -0.9670778 -0.091533 0.1247115 -0.9879619 -0.1171902 0.1003753 -0.9880239 -0.1041364 0.0585118 -0.9928404 -0.0942732 0.0307779 -0.9950705 -0.0859893 0.0103002 -0.9962428 -0.0784865 -0.0060659 -0.9968967 -0.0712822 -0.0199954 -0.9972558 -0.0640175 -0.0325052 -0.9974193 -0.0639012 -0.0453293 -0.9969262 -0.764154 -0.5937939 -0.2519473 -0.6514617 -0.7355658 -0.185851 -0.4954422 -0.848526 -0.185851 -0.3203832 -0.9288778 -0.185851 -0.1330121 -0.9735334 -0.185851 0.0594706 -0.9807766 -0.185851 0.2496679 -0.9503291 -0.185851 0.4302706 -0.883361 -0.185851 0.5825167 -0.8047875 -0.11398 0.5622641 -0.7673136 -0.308365 0.7355658 -0.6514617 -0.185851 0.848526 -0.4954422 -0.185851 0.9288778 -0.3203832 -0.185851 0.9735334 -0.1330121 -0.185851 0.9807766 0.0594706 -0.185851 0.9503291 0.2496679 -0.185851 0.883361 0.4302706 -0.185851 0.8103816 0.5679092 -0.1440859 0.764154 0.5937939 -0.2519473 0.6514617 0.7355658 -0.185851 0.4954422 0.848526 -0.185851 0.3203832 0.9288778 -0.185851 0.1330121 0.9735334 -0.185851 -0.0594706 0.9807766 -0.185851 -0.2496679 0.9503291 -0.185851 -0.4302706 0.883361 -0.185851 -0.5825167 0.8047875 -0.11398 -0.5622641 0.7673136 -0.308365 -0.7355658 0.6514617 -0.185851 -0.848526 0.4954422 -0.185851 -0.9288778 0.3203832 -0.185851 -0.9735334 0.1330121 -0.185851 -0.9807766 -0.0594706 -0.185851 -0.9503291 -0.2496679 -0.185851 -0.883361 -0.4302706 -0.185851 -0.8103816 -0.5679092 -0.1440859 -0.7905354 -0.5952251 0.1440859 -0.6821853 -0.7071653 0.185851 -0.5311162 -0.826665 0.185851 -0.3596366 -0.9143965 0.185851 -0.1743363 -0.9669882 0.185851 0.0176635 -0.9824192 0.185851 0.2089846 -0.9600963 0.185851 0.3922745 -0.9008774 0.185851 0.5560094 -0.7718579 0.308365 0.5853908 -0.8026993 0.11398 0.7071653 -0.6821853 0.185851 0.826665 -0.5311162 0.185851 0.9143965 -0.3596366 0.185851 0.9669882 -0.1743363 0.185851 0.9824192 0.0176635 0.185851 0.9600963 0.2089846 0.185851 0.9008774 0.3922745 0.185851 0.8008681 0.5432613 0.2519473 0.7905354 0.5952251 0.1440859 0.6821853 0.7071653 0.185851 0.5311162 0.826665 0.185851 0.3596366 0.9143965 0.185851 0.1743363 0.9669882 0.185851 -0.0176635 0.9824192 0.185851 -0.2089846 0.9600963 0.185851 -0.3922745 0.9008774 0.185851 -0.5560094 0.7718579 0.308365 -0.5853908 0.8026993 0.11398 -0.7071653 0.6821853 0.185851 -0.826665 0.5311162 0.185851 -0.9143965 0.3596366 0.185851 -0.9669882 0.1743363 0.185851 -0.9824192 -0.0176635 0.185851 -0.9600963 -0.2089846 0.185851 -0.9008774 -0.3922745 0.185851 -0.8008681 -0.5432613 0.2519473 -0.0628573 -0.0467662 0.9969262 -0.0506968 -0.0508396 0.9974193 -0.0410442 -0.0616144 0.9972558 -0.0300227 -0.0727706 0.9968967 -0.0167761 -0.0849636 0.9962428 0.0001395 -0.0991701 0.9950705 0.0234681 -0.1171208 0.9928404 0.0592488 -0.1424722 0.9880239 0.0903224 -0.125591 0.9879619 0.1498102 -0.2057122 0.9670778 0.1092605 -0.1089536 0.9880239 0.0994113 -0.0662224 0.9928404 0.0916746 -0.0378219 0.9950705 0.0849636 -0.0167761 0.9962428 0.0787205 0.0001107 0.9968967 0.0725906 0.0145454 0.9972558 0.0662932 0.0275689 0.9974193 0.0467951 0.0314658 0.9984088 0.0628573 0.0467662 0.9969262 0.0506968 0.0508396 0.9974193 0.0410442 0.0616144 0.9972558 0.0300227 0.0727706 0.9968967 0.0167761 0.0849636 0.9962428 -0.0001395 0.0991701 0.9950705 -0.0234681 0.1171208 0.9928404 -0.0592488 0.1424722 0.9880239 -0.0903224 0.125591 0.9879619 -0.1498102 0.2057122 0.9670778 -0.1092605 0.1089536 0.9880239 -0.0994113 0.0662224 0.9928404 -0.0916746 0.0378219 0.9950705 -0.0849636 0.0167761 0.9962428 -0.0787205 -0.0001107 0.9968967 -0.0725906 -0.0145454 0.9972558 -0.0662932 -0.0275689 0.9974193 -0.0467951 -0.0314658 0.9984088 0.0 0.0 -1.0 0.0 -0.0 1.0</float_array>
          <technique_common>
            <accessor source="#mesh6-normals-array" count="146" stride="3">
              <param name="X" type="float" />
              <param name="Y" type="float" />
              <param name="Z" type="float" />
            </accessor>
          </technique_common>
        </source>
        <vertices id="mesh6-vertices">
          <input semantic="POSITION" source="#mesh6-positions" />
        </vertices>
        <triangles count="288" material="alloy">
          <input semantic="VERTEX" source="#mesh6-vertices" offset="0" />
          <input semantic="NORMAL" source="#mesh6-normals" offset="1" />
          <p>0 0 1 1 37 37 0 0 37 37 36 36 1 1 2 2 38 38 1 1 38 38 37 37 2 2 3 3 39 39 2 2 39 39 38 38 3 3 4 4 40 40 3 3 40 40 39 39 4 4 5 5 41 41 4 4 41 41 40 40 5 5 6 6 42 42 5 5 42 42 41 41 6 6 7 7 43 43 6 6 43 43 42 42 7 7 8 8 44 44 7 7 44 44 43 43 8 8 9 9 45 45 8 8 45 45 44 44 9 9 10 10 46 46 9 9 46 46 45 45 10 10 11 11 47 47 10 10 47 47 46 46 11 11 12 12 48 48 11 11 48 48 47 47 12 12 13 13 49 49 12 12 49 49 48 48 13 13 14 14 50 50 13 13 50 50 49 49 14 14 15 15 51 51 14 14 51 51 50 50 15 15 16 16 52 52 15 15 52 52 51 51 16 16 17 17 53 53 16 16 53 53 52 52 17 17 18 18 54 54 17 17 54 54 53 53 18 18 19 19 55 55 18 18 55 55 54 54 19 19 20 20 56 56 19 19 56 56 55 55 20 20 21 21 57 57 20 20 57 57 56 56 21 21 22 22 58 58 21 21 58 58 57 57 22 22 23 23 59 59 22 22 59 59 58 58 23 23 24 24 60 60 23 23 60 60 59 59 24 24 25 25 61 61 24 24 61 61 60 60 25 25 26 26 62 62 25 25 62 62 61 61 26 26 27 27 63 63 26 26 63 63 62 62 27 27 28 28 64 64 27 27 64 64 63 63 28 28 29 29 65 65 28 28 65 65 64 64 29 29 30 30 66 66 29 29 66 66 65 65 30 30 31 31 67 67 30 30 67 67 66 66 31 31 32 32 68 68 31 31 68 68 67 67 32 32 33 33 69 69 32 32 69 69 68 68 33 33 34 34 70 70 33 33 70 70 69 69 34 34 35 35 71 71 34 34 71 71 70 70 35 35 0 0 36 36 35 35 36 36 71 71 36 36 37 37 73 73 36 36 73 73 72 72 37 37 38 38 74 74 37 37 74 74 73 73 38 38 39 39 75 75 38 38 75 75 74 74 39 39 40 40 76 76 39 39 76 76 75 75 40 40 41 41 77 77 40 40 77 77 76 76 41 41 42 42 78 78 41 41 78 78 77 77 42 42 43 43 79 79 42 42 79 79 78 78 43 43 44 44 80 80 43 43 80 80 79 79 44 44 45 45 81 81 44 44 81 81 80 80 45 45 46 46 82 82 45 45 82 82 81 81 46 46 47 47 83 83 46 46 83 83 82 82 47 47 48 48 84 84 47 47 84 84 83 83 48 48 49 49 85 85 48 48 85 85 84 84 49 49 50 50 86 86 49 49 86 86 85 85 50 50 51 51 87 87 50 50 87 87 86 86 51 51 52 52 88 88 51 51 88 88 87 87 52 52 53 53 89 89 52 52 89 89 88 88 53 53 54 54 90 90 53 53 90 90 89 89 54 54 55 55 91 91 54 54 91 91 90 90 55 55 56 56 92 92 55 55 92 92 91 91 56 56 57 57 93 93 56 56 93 93 92 92 57 57 58 58 94 94 57 57 94 94 93 93 58 58 59 59 95 95 58 58 95 95 94 94 59 59 60 60 96 96 59 59 96 96 95 95 60 60 61 61 97 97 60 60 97 97 96 96 61 61 62 62 98 98 61 61 98 98 97 97 62 62 63 63 99 99 62 62 99 99 98 98 63 63 64 64 100 100 63 63 100 100 99 99 64 64 65 65 101 101 64 64 101 101 100 100 65 65 66 66 102 102 65 65 102 102 101 101 66 66 67 67 103 103 66 66 103 103 102 102 67 67 68 68 104 104 67 67 104 104 103 103 68 68 69 69 105 105 68 68 105 105 104 104 69 69 70 70 106 106 69 69 106 106 105 105 70 70 71 71 107 107 70 70 107 107 106 106 71 71 36 36 72 72 71 71 72 72 107 107 72 72 73 73 109 109 72 72 109 109 108 108 73 73 74 74 110 110 73 73 110 110 109 109 74 74 75 75 111 111 74 74 111 111 110 110 75 75 76 76 112 112 75 75 112 112 111 111 76 76 77 77 113 113 76 76 113 113 112 112 77 77 78 78 114 114 77 77 114 114 113 113 78 78 79 79 115 115 78 78 115 115 114 114 79 79 80 80 116 116 79 79 116 116 115 115 80 80 81 81 117 117 80 80 117 117 116 116 81 81 82 82 118 118 81 81 118 118 117 117 82 82 83 83 119 119 82 82 119 119 118 118 83 83 84 84 120 120 83 83 120 120 119 119 84 84 85 85 121 121 84 84 121 121 120 120 85 85 86 86 122 122 85 85 122 122 121 121 86 86 87 87 123 123 86 86 123 123 122 122 87 87 88 88 124 124 87 87 124 124 123 123 88 88 89 89 125 125 88 88 125 125 124 124 89 89 90 90 126 126 89 89 126 126 125 125 90 90 91 91 127 127 90 90 127 127 126 126 91 91 92 92 128 128 91 91 128 128 127 127 92 92 93 93 129 129 92 92 129 129 128 128 93 93 94 94 130 130 93 93 130 130 129 129 94 94 95 95 131 131 94 94 131 131 130 130 95 95 96 96 132 132 95 95 132 132 131 131 96 96 97 97 133 133 96 96 133 133 132 132 97 97 98 98 134 134 97 97 134 134 133 133 98 98 99 99 135 135 98 98 135 135 134 134 99 99 100 100 136 136 99 99 136 136 135 135 100 100 101 101 137 137 100 100 137 137 136 136 101 101 102 102 138 138 101 101 138 138 137 137 102 102 103 103 139 139 102 102 139 139 138 138 103 103 104 104 140 140 103 103 140 140 139 139 104 104 105 105 141 141 104 104 141 141 140 140 105 105 106 106 142 142 105 105 142 142 141 141 106 106 107 107 143 143 106 106 143 143 142 142 107 107 72 72 108 108 107 107 108 108 143 143 144 144 1 1 0 0 144 144 2 2 1 1 144 144 3 3 2 2 144 144 4 4 3 3 144 144 5 5 4 4 144 144 6 6 5 5 144 144 7 7 6 6 144 144 8 8 7 7 144 144 9 9 8 8 144 144 10 10 9 9 144 144 11 11 10 10 144 144 12 12 11 11 144 144 13 13 12 12 144 144 14 14 13 13 144 144 15 15 14 14 144 144 16 16 15 15 144 144 17 17 16 16 144 144 18 18 17 17 144 144 19 19 18 18 144 144 20 20 19 19 144 144 21 21 20 20 144 144 22 22 21 21 144 144 23 23 22 22 144 144 24 24 23 23 144 144 25 25 24 24 144 144 26 26 25 25 144 144 27 27 26 26 144 144 28 28 27 27 144 144 29 29 28 28 144 144 30 30 29 29 144 144 31 31 30 30 144 144 32 32 31 31 144 144 33 33 32 32 144 144 34 34 33 33 144 144 35 35 34 34 144 144 0 0 35 35 145 145 108 108 109 109 145 145 109 109 110 110 145 145 110 110 111 111 145 145 111 111 112 112 145 145 112 112 113 113 145 145 113 113 114 114 145 145 114 114 115 115 145 145 115 115 116 116 145 145 116 116 117 117 145 145 117 117 118 118 145 145 118 118 119 119 145 145 119 119 120 120 145 145 120 120 121 121 145 145 121 121 122 122 145 145 122 122 123 123 145 145 123 123 124 124 145 145 124 124 125 125 145 145 125 125 126 126 145 145 126 126 127 127 145 145 127 127 128 128 145 145 128 128 129 129 145 145 129 129 130 130 145 145 130 130 131 131 145 145 131 131 132 132 145 145 132 132 133 133 145 145 133 133 134 134 145 145 134 134 135 135 145 145 135 135 136 136 145 145 136 136 137 137 145 145 137 137 138 138 145 145 138 138 139 139 145 145 139 139 140 140 145 145 140 140 141 141 145 145 141 141 142 142 145 145 142 142 143 143 145 145 143 143 108 108</p>
        </triangles>
      </mesh>
    </geometry>
    <geometry id="mesh7">
      <mesh>
        <source id="mesh7-positions">
          <float_array id="mesh7-positions-array" count="438">0.0174955 -0.0489914 -0.032 0.0182139 -0.0486772 -0.032 0.0188572 -0.0482288 -0.032 0.0194007 -0.0476636 -0.032 0.0198234 -0.0470031 -0.032 0.0201092 -0.0462729 -0.032 0.0202471 -0.045501 -0.032 0.0202317 -0.044717 -0.032 0.0200636 -0.0439511 -0.032 0.009557 -0.0116152 -0.032 0.0092428 -0.0108968 -0.032 0.0087944 -0.0102535 -0.032 0.0082292 -0.00971 -0.032 0.0075688 -0.0092872 -0.032 0.0068386 -0.0090014 -0.032 0.0060667 -0.0088636 -0.032 0.0052827 -0.008879 -0.032 0.0045168 -0.009047 -0.032 0.0016636 -0.0099741 -0.032 0.0009452 -0.0102883 -0.032 0.0003019 -0.0107367 -0.032 -0.0002416 -0.0113019 -0.032 -0.0006644 -0.0119624 -0.032 -0.0009502 -0.0126926 -0.032 -0.001088 -0.0134645 -0.032 -0.0010726 -0.0142485 -0.032 -0.0009046 -0.0150144 -0.032 0.009602 -0.0473503 -0.032 0.0099162 -0.0480687 -0.032 0.0103646 -0.048712 -0.032 0.0109299 -0.0492555 -0.032 0.0115903 -0.0496783 -0.032 0.0123205 -0.0499641 -0.032 0.0130924 -0.0501019 -0.032 0.0138764 -0.0500865 -0.032 0.0146423 -0.0499185 -0.032 0.0178045 -0.0499425 -0.031 0.0187025 -0.0495497 -0.031 0.0195066 -0.0489892 -0.031 0.020186 -0.0482827 -0.031 0.0207144 -0.0474571 -0.031 0.0210717 -0.0465444 -0.031 0.021244 -0.0455795 -0.031 0.0212247 -0.0445995 -0.031 0.0210147 -0.0436421 -0.031 0.0105081 -0.0113062 -0.031 0.0101153 -0.0104082 -0.031 0.0095549 -0.009604 -0.031 0.0088483 -0.0089247 -0.031 0.0080228 -0.0083962 -0.031 0.00711 -0.008039 -0.031 0.0061451 -0.0078667 -0.031 0.0051651 -0.0078859 -0.031 0.0042077 -0.008096 -0.031 0.0013546 -0.009023 -0.031 0.0004565 -0.0094158 -0.031 -0.0003476 -0.0099763 -0.031 -0.0010269 -0.0106828 -0.031 -0.0015554 -0.0115084 -0.031 -0.0019126 -0.0124211 -0.031 -0.0020849 -0.013386 -0.031 -0.0020657 -0.014366 -0.031 -0.0018556 -0.0153234 -0.031 0.0086509 -0.0476593 -0.031 0.0090438 -0.0485573 -0.031 0.0096042 -0.0493615 -0.031 0.0103108 -0.0500408 -0.031 0.0111363 -0.0505693 -0.031 0.012049 -0.0509265 -0.031 0.0130139 -0.0510988 -0.031 0.0139939 -0.0510796 -0.031 0.0149513 -0.0508695 -0.031 0.0178045 -0.0499425 -0.027 0.0187025 -0.0495497 -0.027 0.0195066 -0.0489892 -0.027 0.020186 -0.0482827 -0.027 0.0207144 -0.0474571 -0.027 0.0210717 -0.0465444 -0.027 0.021244 -0.0455795 -0.027 0.0212247 -0.0445995 -0.027 0.0210147 -0.0436421 -0.027 0.0105081 -0.0113062 -0.027 0.0101153 -0.0104082 -0.027 0.0095549 -0.009604 -0.027 0.0088483 -0.0089247 -0.027 0.0080228 -0.0083962 -0.027 0.00711 -0.008039 -0.027 0.0061451 -0.0078667 -0.027 0.0051651 -0.0078859 -0.027 0.0042077 -0.008096 -0.027 0.0013546 -0.009023 -0.027 0.0004565 -0.0094158 -0.027 -0.0003476 -0.0099763 -0.027 -0.0010269 -0.0106828 -0.027 -0.0015554 -0.0115084 -0.027 -0.0019126 -0.0124211 -0.027 -0.0020849 -0.013386 -0.027 -0.0020657 -0.014366 -0.027 -0.0018556 -0.0153234 -0.027 0.0086509 -0.0476593 -0.027 0.0090438 -0.0485573 -0.027 0.0096042 -0.0493615 -0.027 0.0103108 -0.0500408 -0.027 0.0111363 -0.0505693 -0.027 0.012049 -0.0509265 -0.027 0.0130139 -0.0510988 -0.027 0.0139939 -0.0510796 -0.027 0.0149513 -0.0508695 -0.027 0.0174955 -0.0489914 -0.026 0.0182139 -0.0486772 -0.026 0.0188572 -0.0482288 -0.026 0.0194007 -0.0476636 -0.026 0.0198234 -0.0470031 -0.026 0.0201092 -0.0462729 -0.026 0.0202471 -0.045501 -0.026 0.0202317 -0.044717 -0.026 0.0200636 -0.0439511 -0.026 0.009557 -0.0116152 -0.026 0.0092428 -0.0108968 -0.026 0.0087944 -0.0102535 -0.026 0.0082292 -0.00971 -0.026 0.0075688 -0.0092872 -0.026 0.0068386 -0.0090014 -0.026 0.0060667 -0.0088636 -0.026 0.0052827 -0.008879 -0.026 0.0045168 -0.009047 -0.026 0.0016636 -0.0099741 -0.026 0.0009452 -0.0102883 -0.026 0.0003019 -0.0107367 -0.026 -0.0002416 -0.0113019 -0.026 -0.0006644 -0.0119624 -0.026 -0.0009502 -0.0126926 -0.026 -0.001088 -0.0134645 -0.026 -0.0010726 -0.0142485 -0.026 -0.0009046 -0.0150144 -0.026 0.009602 -0.0473503 -0.026 0.0099162 -0.0480687 -0.026 0.0103646 -0.048712 -0.026 0.0109299 -0.0492555 -0.026 0.0115903 -0.0496783 -0.026 0.0123205 -0.0499641 -0.026 0.0130924 -0.0501019 -0.026 0.0138764 -0.0500865 -0.026 0.0146423 -0.0499185 -0.026 0.0095795 -0.0294828 -0.032 0.0095795 -0.0294828 -0.026</float_array>
          <technique_common>
            <accessor source="#mesh7-positions-array" count="146" stride="3">
              <param name="X" type="float" />
              <param name="Y" type="float" />
              <param name="Z" type="float" />
            </accessor>
          </technique_common>
        </source>
        <source id="mesh7-normals">
          <float_array id="mesh7-normals-array" count="438">0.0193629 -0.0529618 -0.9984088 0.0374278 -0.0612699 -0.9974193 0.0501775 -0.0544351 -0.9972558 0.0636211 -0.0463603 -0.9968967 0.0785978 -0.0363682 -0.9962428 0.0963974 -0.0232864 -0.9950705 0.11935 -0.0048574 -0.9928404 0.1524349 0.0239236 -0.9880239 0.2421136 0.0783685 -0.9670778 0.1468929 0.0485151 -0.9879619 0.1316764 0.0804368 -0.9880239 0.0878279 0.0809585 -0.9928404 0.0584036 0.0801483 -0.9950705 0.0363682 0.0785978 -0.9962428 0.0184846 0.0765196 -0.9968967 0.0030106 0.0739723 -0.9972558 -0.0111318 0.070929 -0.9974193 -0.0233641 0.0747812 -0.9969262 -0.0193629 0.0529618 -0.9984088 -0.0374278 0.0612699 -0.9974193 -0.0501775 0.0544351 -0.9972558 -0.0636211 0.0463603 -0.9968967 -0.0785978 0.0363682 -0.9962428 -0.0963974 0.0232864 -0.9950705 -0.11935 0.0048574 -0.9928404 -0.1524349 -0.0239236 -0.9880239 -0.2421136 -0.0783685 -0.9670778 -0.1468929 -0.0485151 -0.9879619 -0.1316764 -0.0804368 -0.9880239 -0.0878279 -0.0809585 -0.9928404 -0.0584036 -0.0801483 -0.9950705 -0.0363682 -0.0785978 -0.9962428 -0.0184846 -0.0765196 -0.9968967 -0.0030106 -0.0739723 -0.9972558 0.0111318 -0.070929 -0.9974193 0.0233641 -0.0747812 -0.9969262 0.3285949 -0.9102461 -0.2519473 0.498252 -0.8468792 -0.185851 0.6538961 -0.7334025 -0.185851 0.7844114 -0.5917416 -0.185851 0.8847822 -0.4273404 -0.185851 0.9511514 -0.2465167 -0.185851 0.9809683 -0.0562195 -0.185851 0.9730871 0.1362382 -0.185851 0.9454059 0.3053133 -0.11398 0.9035077 0.297632 -0.308365 0.8468792 0.498252 -0.185851 0.7334025 0.6538961 -0.185851 0.5917416 0.7844114 -0.185851 0.4273404 0.8847822 -0.185851 0.2465167 0.9511514 -0.185851 0.0562195 0.9809683 -0.185851 -0.1362382 0.9730871 -0.185851 -0.289692 0.9462123 -0.1440859 -0.3285949 0.9102461 -0.2519473 -0.498252 0.8468792 -0.185851 -0.6538961 0.7334025 -0.185851 -0.7844114 0.5917416 -0.185851 -0.8847822 0.4273404 -0.185851 -0.9511514 0.2465167 -0.185851 -0.9809683 0.0562195 -0.185851 -0.9730871 -0.1362382 -0.185851 -0.9454059 -0.3053133 -0.11398 -0.9035077 -0.297632 -0.308365 -0.8468792 -0.498252 -0.185851 -0.7334025 -0.6538961 -0.185851 -0.5917416 -0.7844114 -0.185851 -0.4273404 -0.8847822 -0.185851 -0.2465167 -0.9511514 -0.185851 -0.0562195 -0.9809683 -0.185851 0.1362382 -0.9730871 -0.185851 0.289692 -0.9462123 -0.1440859 0.3218039 -0.9357786 0.1440859 0.4617473 -0.8673228 0.185851 0.6220812 -0.760575 0.185851 0.7585089 -0.6245988 0.185851 0.8657876 -0.4646195 0.185851 0.9397945 -0.2867852 0.185851 0.9776856 -0.0979299 0.185851 0.9780048 0.0946888 0.185851 0.9058968 0.2902792 0.308365 0.9443081 0.308692 0.11398 0.8673228 0.4617473 0.185851 0.760575 0.6220812 0.185851 0.6245988 0.7585089 0.185851 0.4646195 0.8657876 0.185851 0.2867852 0.9397945 0.185851 0.0979299 0.9776856 0.185851 -0.0946888 0.9780048 0.185851 -0.2691903 0.9295478 0.2519473 -0.3218039 0.9357786 0.1440859 -0.4617473 0.8673228 0.185851 -0.6220812 0.760575 0.185851 -0.7585089 0.6245988 0.185851 -0.8657876 0.4646195 0.185851 -0.9397945 0.2867852 0.185851 -0.9776856 0.0979299 0.185851 -0.9780048 -0.0946888 0.185851 -0.9058968 -0.2902792 0.308365 -0.9443081 -0.308692 0.11398 -0.8673228 -0.4617473 0.185851 -0.760575 -0.6220812 0.185851 -0.6245988 -0.7585089 0.185851 -0.4646195 -0.8657876 0.185851 -0.2867852 -0.9397945 0.185851 -0.0979299 -0.9776856 0.185851 0.0946888 -0.9780048 0.185851 0.2691903 -0.9295478 0.2519473 0.0250533 -0.0742324 0.9969262 0.0326852 -0.0639258 0.9974193 0.0459155 -0.0580753 0.9972558 0.0599314 -0.0510407 0.9968967 0.0756211 -0.0422102 0.9962428 0.0943594 -0.0305126 0.9950705 0.1186405 -0.0138728 0.9928404 0.153808 0.0123227 0.9880239 0.1473553 0.047092 0.9879619 0.2419379 0.0789094 0.9670778 0.1373844 0.0702444 0.9880239 0.0937011 0.0740819 0.9928404 0.0642997 0.0755001 0.9950705 0.0422102 0.0756211 0.9962428 0.0242206 0.0749018 0.9968967 0.0085983 0.0735325 0.9972558 -0.0057338 0.0715678 0.9974193 -0.0154652 0.0542283 0.9984088 -0.0250533 0.0742324 0.9969262 -0.0326852 0.0639258 0.9974193 -0.0459155 0.0580753 0.9972558 -0.0599314 0.0510407 0.9968967 -0.0756211 0.0422102 0.9962428 -0.0943594 0.0305126 0.9950705 -0.1186405 0.0138728 0.9928404 -0.153808 -0.0123227 0.9880239 -0.1473553 -0.047092 0.9879619 -0.2419379 -0.0789094 0.9670778 -0.1373844 -0.0702444 0.9880239 -0.0937011 -0.0740819 0.9928404 -0.0642997 -0.0755001 0.9950705 -0.0422102 -0.0756211 0.9962428 -0.0242206 -0.0749018 0.9968967 -0.0085983 -0.0735325 0.9972558 0.0057338 -0.0715678 0.9974193 0.0154652 -0.0542283 0.9984088 0.0 0.0 -1.0 -0.0 -0.0 1.0</float_array>
          <technique_common>
            <accessor source="#mesh7-normals-array" count="146" stride="3">
              <param name="X" type="float" />
              <param name="Y" type="float" />
              <param name="Z" type="float" />
            </accessor>
          </technique_common>
        </source>
        <vertices id="mesh7-vertices">
          <input semantic="POSITION" source="#mesh7-positions" />
        </vertices>
        <triangles count="288" material="alloy">
          <input semantic="VERTEX" source="#mesh7-vertices" offset="0" />
          <input semantic="NORMAL" source="#mesh7-normals" offset="1" />
          <p>0 0 1 1 37 37 0 0 37 37 36 36 1 1 2 2 38 38 1 1 38 38 37 37 2 2 3 3 39 39 2 2 39 39 38 38 3 3 4 4 40 40 3 3 40 40 39 39 4 4 5 5 41 41 4 4 41 41 40 40 5 5 6 6 42 42 5 5 42 42 41 41 6 6 7 7 43 43 6 6 43 43 42 42 7 7 8 8 44 44 7 7 44 44 43 43 8 8 9 9 45 45 8 8 45 45 44 44 9 9 10 10 46 46 9 9 46 46 45 45 10 10 11 11 47 47 10 10 47 47 46 46 11 11 12 12 48 48 11 11 48 48 47 47 12 12 13 13 49 49 12 12 49 49 48 48 13 13 14 14 50 50 13 13 50 50 49 49 14 14 15 15 51 51 14 14 51 51 50 50 15 15 16 16 52 52 15 15 52 52 51 51 16 16 17 17 53 53 16 16 53 53 52 52 17 17 18 18 54 54 17 17 54 54 53 53 18 18 19 19 55 55 18 18 55 55 54 54 19 19 20 20 56 56 19 19 56 56 55 55 20 20 21 21 57 57 20 20 57 57 56 56 21 21 22 22 58 58 21 21 58 58 57 57 22 22 23 23 59 59 22 22 59 59 58 58 23 23 24 24 60 60 23 23 60 60 59 59 24 24 25 25 61 61 24 24 61 61 60 60 25 25 26 26 62 62 25 25 62 62 61 61 26 26 27 27 63 63 26 26 63 63 62 62 27 27 28 28 64 64 27 27 64 64 63 63 28 28 29 29 65 65 28 28 65 65 64 64 29 29 30 30 66 66 29 29 66 66 65 65 30 30 31 31 67 67 30 30 67 67 66 66 31 31 32 32 68 68 31 31 68 68 67 67 32 32 33 33 69 69 32 32 69 69 68 68 33 33 34 34 70 70 33 33 70 70 69 69 34 34 35 35 71 71 34 34 71 71 70 70 35 35 0 0 36 36 35 35 36 36 71 71 36 36 37 37 73 73 36 36 73 73 72 72 37 37 38 38 74 74 37 37 74 74 73 73 38 38 39 39 75 75 38 38 75 75 74 74 39 39 40 40 76 76 39 39 76 76 75 75 40 40 41 41 77 77 40 40 77 77 76 76 41 41 42 42 78 78 41 41 78 78 77 77 42 42 43 43 79 79 42 42 79 79 78 78 43 43 44 44 80 80 43 43 80 80 79 79 44 44 45 45 81 81 44 44 81 81 80 80 45 45 46 46 82 82 45 45 82 82 81 81 46 46 47 47 83 83 46 46 83 83 82 82 47 47 48 48 84 84 47 47 84 84 83 83 48 48 49 49 85 85 48 48 85 85 84 84 49 49 50 50 86 86 49 49 86 86 85 85 50 50 51 51 87 87 50 50 87 87 86 86 51 51 52 52 88 88 51 51 88 88 87 87 52 52 53 53 89 89 52 52 89 89 88 88 53 53 54 54 90 90 53 53 90 90 89 89 54 54 55 55 91 91 54 54 91 91 90 90 55 55 56 56 92 92 55 55 92 92 91 91 56 56 57 57 93 93 56 56 93 93 92 92 57 57 58 58 94 94 57 57 94 94 93 93 58 58 59 59 95 95 58 58 95 95 94 94 59 59 60 60 96 96 59 59 96 96 95 95 60 60 61 61 97 97 60 60 97 97 96 96 61 61 62 62 98 98 61 61 98 98 97 97 62 62 63 63 99 99 62 62 99 99 98 98 63 63 64 64 100 100 63 63 100 100 99 99 64 64 65 65 101 101 64 64 101 101 100 100 65 65 66 66 102 102 65 65 102 102 101 101 66 66 67 67 103 103 66 66 103 103 102 102 67 67 68 68 104 104 67 67 104 104 103 103 68 68 69 69 105 105 68 68 105 105 104 104 69 69 70 70 106 106 69 69 106 106 105 105 70 70 71 71 107 107 70 70 107 107 106 106 71 71 36 36 72 72 71 71 72 72 107 107 72 72 73 73 109 109 72 72 109 109 108 108 73 73 74 74 110 110 73 73 110 110 109 109 74 74 75 75 111 111 74 74 111 111 110 110 75 75 76 76 112 112 75 75 112 112 111 111 76 76 77 77 113 113 76 76 113 113 112 112 77 77 78 78 114 114 77 77 114 114 113 113 78 78 79 79 115 115 78 78 115 115 114 114 79 79 80 80 116 116 79 79 116 116 115 115 80 80 81 81 117 117 80 80 117 117 116 116 81 81 82 82 118 118 81 81 118 118 117 117 82 82 83 83 119 119 82 82 119 119 118 118 83 83 84 84 120 120 83 83 120 120 119 119 84 84 85 85 121 121 84 84 121 121 120 120 85 85 86 86 122 122 85 85 122 122 121 121 86 86 87 87 123 123 86 86 123 123 122 122 87 87 88 88 124 124 87 87 124 124 123 123 88 88 89 89 125 125 88 88 125 125 124 124 89 89 90 90 126 126 89 89 126 126 125 125 90 90 91 91 127 127 90 90 127 127 126 126 91 91 92 92 128 128 91 91 128 128 127 127 92 92 93 93 129 129 92 92 129 129 128 128 93 93 94 94 130 130 93 93 130 130 129 129 94 94 95 95 131 131 94 94 131 131 130 130 95 95 96 96 132 132 95 95 132 132 131 131 96 96 97 97 133 133 96 96 133 133 132 132 97 97 98 98 134 134 97 97 134 134 133 133 98 98 99 99 135 135 98 98 135 135 134 134 99 99 100 100 136 136 99 99 136 136 135 135 100 100 101 101 137 137 100 100 137 137 136 136 101 101 102 102 138 138 101 101 138 138 137 137 102 102 103 103 139 139 102 102 139 139 138 138 103 103 104 104 140 140 103 103 140 140 139 139 104 104 105 105 141 141 104 104 141 141 140 140 105 105 106 106 142 142 105 105 142 142 141 141 106 106 107 107 143 143 106 106 143 143 142 142 107 107 72 72 108 108 107 107 108 108 143 143 144 144 1 1 0 0 144 144 2 2 1 1 144 144 3 3 2 2 144 144 4 4 3 3 144 144 5 5 4 4 144 144 6 6 5 5 144 144 7 7 6 6 144 144 8 8 7 7 144 144 9 9 8 8 144 144 10 10 9 9 144 144 11 11 10 10 144 144 12 12 11 11 144 144 13 13 12 12 144 144 14 14 13 13 144 144 15 15 14 14 144 144 16 16 15 15 144 144 17 17 16 16 144 144 18 18 17 17 144 144 19 19 18 18 144 144 20 20 19 19 144 144 21 21 20 20 144 144 22 22 21 21 144 144 23 23 22 22 144 144 24 24 23 23 144 144 25 25 24 24 144 144 26 26 25 25 144 144 27 27 26 26 144 144 28 28 27 27 144 144 29 29 28 28 144 144 30 30 29 29 144 144 31 31 30 30 144 144 32 32 31 31 144 144 33 33 32 32 144 144 34 34 33 33 144 144 35 35 34 34 144 144 0 0 35 35 145 145 108 108 109 109 145 145 109 109 110 110 145 145 110 110 111 111 145 145 111 111 112 112 145 145 112 112 113 113 145 145 113 113 114 114 145 145 114 114 115 115 145 145 115 115 116 116 145 145 116 116 117 117 145 145 117 117 118 118 145 145 118 118 119 119 145 145 119 119 120 120 145 145 120 120 121 121 145 145 121 121 122 122 145 145 122 122 123 123 145 145 123 123 124 124 145 145 124 124 125 125 145 145 125 125 126 126 145 145 126 126 127 127 145 145 127 127 128 128 145 145 128 128 129 129 145 145 129 129 130 130 145 145 130 130 131 131 145 145 131 131 132 132 145 145 132 132 133 133 145 145 133 133 134 134 145 145 134 134 135 135 145 145 135 135 136 136 145 145 136 136 137 137 145 145 137 137 138 138 145 145 138 138 139 139 145 145 139 139 140 140 145 145 140 140 141 141 145 145 141 141 142 142 145 145 142 142 143 143 145 145 143 143 108 108</p>
        </triangles>
      </mesh>
    </geometry>
    <geometry id="mesh8">
      <mesh>
        <source id="mesh8-positions">
          <float_array id="mesh8-positions-array" count="774">0.019 0.0 -0.0315 0.0189085 0.0018623 -0.0315 0.0186349 0.0037067 -0.0315 0.0181819 0.0055154 -0.0315 0.0175537 0.007271 -0.0315 0.0167565 0.0089565 -0.0315 0.0157979 0.0105558 -0.0315 0.0146872 0.0120535 -0.0315 0.013435 0.013435 -0.0315 0.0120535 0.0146872 -0.0315 0.0105558 0.0157979 -0.0315 0.0089565 0.0167565 -0.0315 0.007271 0.0175537 -0.0315 0.0055154 0.0181819 -0.0315 0.0037067 0.0186349 -0.0315 0.0018623 0.0189085 -0.0315 0.0 0.019 -0.0315 -0.0018623 0.0189085 -0.0315 -0.0037067 0.0186349 -0.0315 -0.0055154 0.0181819 -0.0315 -0.007271 0.0175537 -0.0315 -0.0089565 0.0167565 -0.0315 -0.0105558 0.0157979 -0.0315 -0.0120535 0.0146872 -0.0315 -0.013435 0.013435 -0.0315 -0.0146872 0.0120535 -0.0315 -0.0157979 0.0105558 -0.0315 -0.0167565 0.0089565 -0.0315 -0.0175537 0.007271 -0.0315 -0.0181819 0.0055154 -0.0315 -0.0186349 0.0037067 -0.0315 -0.0189085 0.0018623 -0.0315 -0.019 0.0 -0.0315 -0.0189085 -0.0018623 -0.0315 -0.0186349 -0.0037067 -0.0315 -0.0181819 -0.0055154 -0.0315 -0.0175537 -0.007271 -0.0315 -0.0167565 -0.0089565 -0.0315 -0.0157979 -0.0105558 -0.0315 -0.0146872 -0.0120535 -0.0315 -0.013435 -0.013435 -0.0315 -0.0120535 -0.0146872 -0.0315 -0.0105558 -0.0157979 -0.0315 -0.0089565 -0.0167565 -0.0315 -0.007271 -0.0175537 -0.0315 -0.0055154 -0.0181819 -0.0315 -0.0037067 -0.0186349 -0.0315 -0.0018623 -0.0189085 -0.0315 -0.0 -0.019 -0.0315 0.0018623 -0.0189085 -0.0315 0.0037067 -0.0186349 -0.0315 0.0055154 -0.0181819 -0.0315 0.007271 -0.0175537 -0.0315 0.0089565 -0.0167565 -0.0315 0.0105558 -0.0157979 -0.0315 0.0120535 -0.0146872 -0.0315 0.013435 -0.013435 -0.0315 0.0146872 -0.0120535 -0.0315 0.0157979 -0.0105558 -0.0315 0.0167565 -0.0089565 -0.0315 0.0175537 -0.007271 -0.0315 0.0181819 -0.0055154 -0.0315 0.0186349 -0.0037067 -0.0315 0.0189085 -0.0018623 -0.0315 0.022 0.0 -0.0285 0.0218941 0.0021564 -0.0285 0.0215773 0.004292 -0.0285 0.0210527 0.0063863 -0.0285 0.0203253 0.008419 -0.0285 0.0194023 0.0103707 -0.0285 0.0182923 0.0122225 -0.0285 0.0170062 0.0139567 -0.0285 0.0155563 0.0155563 -0.0285 0.0139567 0.0170062 -0.0285 0.0122225 0.0182923 -0.0285 0.0103707 0.0194023 -0.0285 0.008419 0.0203253 -0.0285 0.0063863 0.0210527 -0.0285 0.004292 0.0215773 -0.0285 0.0021564 0.0218941 -0.0285 0.0 0.022 -0.0285 -0.0021564 0.0218941 -0.0285 -0.004292 0.0215773 -0.0285 -0.0063863 0.0210527 -0.0285 -0.008419 0.0203253 -0.0285 -0.0103707 0.0194023 -0.0285 -0.0122225 0.0182923 -0.0285 -0.0139567 0.0170062 -0.0285 -0.0155563 0.0155563 -0.0285 -0.0170062 0.0139567 -0.0285 -0.0182923 0.0122225 -0.0285 -0.0194023 0.0103707 -0.0285 -0.0203253 0.008419 -0.0285 -0.0210527 0.0063863 -0.0285 -0.0215773 0.004292 -0.0285 -0.0218941 0.0021564 -0.0285 -0.022 0.0 -0.0285 -0.0218941 -0.0021564 -0.0285 -0.0215773 -0.004292 -0.0285 -0.0210527 -0.0063863 -0.0285 -0.0203253 -0.008419 -0.0285 -0.0194023 -0.0103707 -0.0285 -0.0182923 -0.0122225 -0.0285 -0.0170062 -0.0139567 -0.0285 -0.0155563 -0.0155563 -0.0285 -0.0139567 -0.0170062 -0.0285 -0.0122225 -0.0182923 -0.0285 -0.0103707 -0.0194023 -0.0285 -0.008419 -0.0203253 -0.0285 -0.0063863 -0.0210527 -0.0285 -0.004292 -0.0215773 -0.0285 -0.0021564 -0.0218941 -0.0285 -0.0 -0.022 -0.0285 0.0021564 -0.0218941 -0.0285 0.004292 -0.0215773 -0.0285 0.0063863 -0.0210527 -0.0285 0.008419 -0.0203253 -0.0285 0.0103707 -0.0194023 -0.0285 0.0122225 -0.0182923 -0.0285 0.0139567 -0.0170062 -0.0285 0.0155563 -0.0155563 -0.0285 0.0170062 -0.0139567 -0.0285 0.0182923 -0.0122225 -0.0285 0.0194023 -0.0103707 -0.0285 0.0203253 -0.008419 -0.0285 0.0210527 -0.0063863 -0.0285 0.0215773 -0.004292 -0.0285 0.0218941 -0.0021564 -0.0285 0.022 0.0 -0.0235 0.0218941 0.0021564 -0.0235 0.0215773 0.004292 -0.0235 0.0210527 0.0063863 -0.0235 0.0203253 0.008419 -0.0235 0.0194023 0.0103707 -0.0235 0.0182923 0.0122225 -0.0235 0.0170062 0.0139567 -0.0235 0.0155563 0.0155563 -0.0235 0.0139567 0.0170062 -0.0235 0.0122225 0.0182923 -0.0235 0.0103707 0.0194023 -0.0235 0.008419 0.0203253 -0.0235 0.0063863 0.0210527 -0.0235 0.004292 0.0215773 -0.0235 0.0021564 0.0218941 -0.0235 0.0 0.022 -0.0235 -0.0021564 0.0218941 -0.0235 -0.004292 0.0215773 -0.0235 -0.0063863 0.0210527 -0.0235 -0.008419 0.0203253 -0.0235 -0.0103707 0.0194023 -0.0235 -0.0122225 0.0182923 -0.0235 -0.0139567 0.0170062 -0.0235 -0.0155563 0.0155563 -0.0235 -0.0170062 0.0139567 -0.0235 -0.0182923 0.0122225 -0.0235 -0.0194023 0.0103707 -0.0235 -0.0203253 0.008419 -0.0235 -0.0210527 0.0063863 -0.0235 -0.0215773 0.004292 -0.0235 -0.0218941 0.0021564 -0.0235 -0.022 0.0 -0.0235 -0.0218941 -0.0021564 -0.0235 -0.0215773 -0.004292 -0.0235 -0.0210527 -0.0063863 -0.0235 -0.0203253 -0.008419 -0.0235 -0.0194023 -0.0103707 -0.0235 -0.0182923 -0.0122225 -0.0235 -0.0170062 -0.0139567 -0.0235 -0.0155563 -0.0155563 -0.0235 -0.0139567 -0.0170062 -0.0235 -0.0122225 -0.0182923 -0.0235 -0.0103707 -0.0194023 -0.0235 -0.008419 -0.0203253 -0.0235 -0.0063863 -0.0210527 -0.0235 -0.004292 -0.0215773 -0.0235 -0.0021564 -0.0218941 -0.0235 -0.0 -0.022 -0.0235 0.0021564 -0.0218941 -0.0235 0.004292 -0.0215773 -0.0235 0.0063863 -0.0210527 -0.0235 0.008419 -0.0203253 -0.0235 0.0103707 -0.0194023 -0.0235 0.0122225 -0.0182923 -0.0235 0.0139567 -0.0170062 -0.0235 0.0155563 -0.0155563 -0.0235 0.0170062 -0.0139567 -0.0235 0.0182923 -0.0122225 -0.0235 0.0194023 -0.0103707 -0.0235 0.0203253 -0.008419 -0.0235 0.0210527 -0.0063863 -0.0235 0.0215773 -0.004292 -0.0235 0.0218941 -0.0021564 -0.0235 0.019 0.0 -0.0205 0.0189085 0.0018623 -0.0205 0.0186349 0.0037067 -0.0205 0.0181819 0.0055154 -0.0205 0.0175537 0.007271 -0.0205 0.0167565 0.0089565 -0.0205 0.0157979 0.0105558 -0.0205 0.0146872 0.0120535 -0.0205 0.013435 0.013435 -0.0205 0.0120535 0.0146872 -0.0205 0.0105558 0.0157979 -0.0205 0.0089565 0.0167565 -0.0205 0.007271 0.0175537 -0.0205 0.0055154 0.0181819 -0.0205 0.0037067 0.0186349 -0.0205 0.0018623 0.0189085 -0.0205 0.0 0.019 -0.0205 -0.0018623 0.0189085 -0.0205 -0.0037067 0.0186349 -0.0205 -0.0055154 0.0181819 -0.0205 -0.007271 0.0175537 -0.0205 -0.0089565 0.0167565 -0.0205 -0.0105558 0.0157979 -0.0205 -0.0120535 0.0146872 -0.0205 -0.013435 0.013435 -0.0205 -0.0146872 0.0120535 -0.0205 -0.0157979 0.0105558 -0.0205 -0.0167565 0.0089565 -0.0205 -0.0175537 0.007271 -0.0205 -0.0181819 0.0055154 -0.0205 -0.0186349 0.0037067 -0.0205 -0.0189085 0.0018623 -0.0205 -0.019 0.0 -0.0205 -0.0189085 -0.0018623 -0.0205 -0.0186349 -0.0037067 -0.0205 -0.0181819 -0.0055154 -0.0205 -0.0175537 -0.007271 -0.0205 -0.0167565 -0.0089565 -0.0205 -0.0157979 -0.0105558 -0.0205 -0.0146872 -0.0120535 -0.0205 -0.013435 -0.013435 -0.0205 -0.0120535 -0.0146872 -0.0205 -0.0105558 -0.0157979 -0.0205 -0.0089565 -0.0167565 -0.0205 -0.007271 -0.0175537 -0.0205 -0.0055154 -0.0181819 -0.0205 -0.0037067 -0.0186349 -0.0205 -0.0018623 -0.0189085 -0.0205 -0.0 -0.019 -0.0205 0.0018623 -0.0189085 -0.0205 0.0037067 -0.0186349 -0.0205 0.0055154 -0.0181819 -0.0205 0.007271 -0.0175537 -0.0205 0.0089565 -0.0167565 -0.0205 0.0105558 -0.0157979 -0.0205 0.0120535 -0.0146872 -0.0205 0.013435 -0.013435 -0.0205 0.0146872 -0.0120535 -0.0205 0.0157979 -0.0105558 -0.0205 0.0167565 -0.0089565 -0.0205 0.0175537 -0.007271 -0.0205 0.0181819 -0.0055154 -0.0205 0.0186349 -0.0037067 -0.0205 0.0189085 -0.0018623 -0.0205 -0.0 -0.0 -0.0315 -0.0 -0.0 -0.0205</float_array>
          <technique_common>
            <accessor source="#mesh8-positions-array" count="258" stride="3">
              <param name="X" type="float" />
              <param name="Y" type="float" />
              <param name="Z" type="float" />
            </accessor>
          </technique_common>
        </source>
        <source id="mesh8-normals">
          <float_array id="mesh8-normals-array" count="774">0.1956967 0.0035251 -0.9806581 0.1944089 0.0226898 -0.9806581 0.1912488 0.0416359 -0.9806581 0.1862468 0.0601811 -0.9806581 0.1794512 0.0781467 -0.9806581 0.1709274 0.0953597 -0.9806581 0.1607574 0.1116543 -0.9806581 0.1490393 0.1268737 -0.9806581 0.1358859 0.1408711 -0.9806581 0.1214237 0.1535119 -0.9806581 0.1057923 0.1646743 -0.9806581 0.0891419 0.1742508 -0.9806581 0.0716331 0.1821492 -0.9806581 0.0534344 0.1882934 -0.9806581 0.0347212 0.1926242 -0.9806581 0.0156735 0.1950999 -0.9806581 -0.0035251 0.1956967 -0.9806581 -0.0226898 0.1944089 -0.9806581 -0.0416359 0.1912488 -0.9806581 -0.0601811 0.1862468 -0.9806581 -0.0781467 0.1794512 -0.9806581 -0.0953597 0.1709274 -0.9806581 -0.1116543 0.1607574 -0.9806581 -0.1268737 0.1490393 -0.9806581 -0.1408711 0.1358859 -0.9806581 -0.1535119 0.1214237 -0.9806581 -0.1646743 0.1057923 -0.9806581 -0.1742508 0.0891419 -0.9806581 -0.1821492 0.0716331 -0.9806581 -0.1882934 0.0534344 -0.9806581 -0.1926242 0.0347212 -0.9806581 -0.1950999 0.0156735 -0.9806581 -0.1956967 -0.0035251 -0.9806581 -0.1944089 -0.0226898 -0.9806581 -0.1912488 -0.0416359 -0.9806581 -0.1862468 -0.0601811 -0.9806581 -0.1794512 -0.0781467 -0.9806581 -0.1709274 -0.0953597 -0.9806581 -0.1607574 -0.1116543 -0.9806581 -0.1490393 -0.1268737 -0.9806581 -0.1358859 -0.1408711 -0.9806581 -0.1214237 -0.1535119 -0.9806581 -0.1057923 -0.1646743 -0.9806581 -0.0891419 -0.1742508 -0.9806581 -0.0716331 -0.1821492 -0.9806581 -0.0534344 -0.1882934 -0.9806581 -0.0347212 -0.1926242 -0.9806581 -0.0156735 -0.1950999 -0.9806581 0.0035251 -0.1956967 -0.9806581 0.0226898 -0.1944089 -0.9806581 0.0416359 -0.1912488 -0.9806581 0.0601811 -0.1862468 -0.9806581 0.0781467 -0.1794512 -0.9806581 0.0953597 -0.1709274 -0.9806581 0.1116543 -0.1607574 -0.9806581 0.1268737 -0.1490393 -0.9806581 0.1408711 -0.1358859 -0.9806581 0.1535119 -0.1214237 -0.9806581 0.1646743 -0.1057923 -0.9806581 0.1742508 -0.0891419 -0.9806581 0.1821492 -0.0716331 -0.9806581 0.1882934 -0.0534344 -0.9806581 0.1926242 -0.0347212 -0.9806581 0.1950999 -0.0156735 -0.9806581 0.9396243 0.0047139 -0.3421753 0.9346377 0.0967905 -0.3421753 0.92065 0.1879349 -0.3421753 0.897796 0.2772695 -0.3421753 0.8662957 0.3639337 -0.3421753 0.8264525 0.4470931 -0.3421753 0.7786501 0.5259468 -0.3421753 0.7233489 0.5997353 -0.3421753 0.6610815 0.667748 -0.3421753 0.5924474 0.7293299 -0.3421753 0.5181078 0.783888 -0.3421753 0.4387785 0.8308968 -0.3421753 0.3552236 0.8699036 -0.3421753 0.2682476 0.9005328 -0.3421753 0.1786883 0.9224893 -0.3421753 0.0874081 0.9355618 -0.3421753 -0.0047139 0.9396243 -0.3421753 -0.0967905 0.9346377 -0.3421753 -0.1879349 0.92065 -0.3421753 -0.2772695 0.897796 -0.3421753 -0.3639337 0.8662957 -0.3421753 -0.4470931 0.8264525 -0.3421753 -0.5259468 0.7786501 -0.3421753 -0.5997353 0.7233489 -0.3421753 -0.667748 0.6610815 -0.3421753 -0.7293299 0.5924474 -0.3421753 -0.783888 0.5181078 -0.3421753 -0.8308968 0.4387785 -0.3421753 -0.8699036 0.3552236 -0.3421753 -0.9005328 0.2682476 -0.3421753 -0.9224893 0.1786883 -0.3421753 -0.9355618 0.0874081 -0.3421753 -0.9396243 -0.0047139 -0.3421753 -0.9346377 -0.0967905 -0.3421753 -0.92065 -0.1879349 -0.3421753 -0.897796 -0.2772695 -0.3421753 -0.8662957 -0.3639337 -0.3421753 -0.8264525 -0.4470931 -0.3421753 -0.7786501 -0.5259468 -0.3421753 -0.7233489 -0.5997353 -0.3421753 -0.6610815 -0.667748 -0.3421753 -0.5924474 -0.7293299 -0.3421753 -0.5181078 -0.783888 -0.3421753 -0.4387785 -0.8308968 -0.3421753 -0.3552236 -0.8699036 -0.3421753 -0.2682476 -0.9005328 -0.3421753 -0.1786883 -0.9224893 -0.3421753 -0.0874081 -0.9355618 -0.3421753 0.0047139 -0.9396243 -0.3421753 0.0967905 -0.9346377 -0.3421753 0.1879349 -0.92065 -0.3421753 0.2772695 -0.897796 -0.3421753 0.3639337 -0.8662957 -0.3421753 0.4470931 -0.8264525 -0.3421753 0.5259468 -0.7786501 -0.3421753 0.5997353 -0.7233489 -0.3421753 0.667748 -0.6610815 -0.3421753 0.7293299 -0.5924474 -0.3421753 0.783888 -0.5181078 -0.3421753 0.8308968 -0.4387785 -0.3421753 0.8699036 -0.3552236 -0.3421753 0.9005328 -0.2682476 -0.3421753 0.9224893 -0.1786883 -0.3421753 0.9355618 -0.0874081 -0.3421753 0.9396243 -0.0047139 0.3421753 0.9355618 0.0874081 0.3421753 0.9224893 0.1786883 0.3421753 0.9005328 0.2682476 0.3421753 0.8699036 0.3552236 0.3421753 0.8308968 0.4387785 0.3421753 0.783888 0.5181078 0.3421753 0.7293299 0.5924474 0.3421753 0.667748 0.6610815 0.3421753 0.5997353 0.7233489 0.3421753 0.5259468 0.7786501 0.3421753 0.4470931 0.8264525 0.3421753 0.3639337 0.8662957 0.3421753 0.2772695 0.897796 0.3421753 0.1879349 0.92065 0.3421753 0.0967905 0.9346377 0.3421753 0.0047139 0.9396243 0.3421753 -0.0874081 0.9355618 0.3421753 -0.1786883 0.9224893 0.3421753 -0.2682476 0.9005328 0.3421753 -0.3552236 0.8699036 0.3421753 -0.4387785 0.8308968 0.3421753 -0.5181078 0.783888 0.3421753 -0.5924474 0.7293299 0.3421753 -0.6610815 0.667748 0.3421753 -0.7233489 0.5997353 0.3421753 -0.7786501 0.5259468 0.3421753 -0.8264525 0.4470931 0.3421753 -0.8662957 0.3639337 0.3421753 -0.897796 0.2772695 0.3421753 -0.92065 0.1879349 0.3421753 -0.9346377 0.0967905 0.3421753 -0.9396243 0.0047139 0.3421753 -0.9355618 -0.0874081 0.3421753 -0.9224893 -0.1786883 0.3421753 -0.9005328 -0.2682476 0.3421753 -0.8699036 -0.3552236 0.3421753 -0.8308968 -0.4387785 0.3421753 -0.783888 -0.5181078 0.3421753 -0.7293299 -0.5924474 0.3421753 -0.667748 -0.6610815 0.3421753 -0.5997353 -0.7233489 0.3421753 -0.5259468 -0.7786501 0.3421753 -0.4470931 -0.8264525 0.3421753 -0.3639337 -0.8662957 0.3421753 -0.2772695 -0.897796 0.3421753 -0.1879349 -0.92065 0.3421753 -0.0967905 -0.9346377 0.3421753 -0.0047139 -0.9396243 0.3421753 0.0874081 -0.9355618 0.3421753 0.1786883 -0.9224893 0.3421753 0.2682476 -0.9005328 0.3421753 0.3552236 -0.8699036 0.3421753 0.4387785 -0.8308968 0.3421753 0.5181078 -0.783888 0.3421753 0.5924474 -0.7293299 0.3421753 0.6610815 -0.667748 0.3421753 0.7233489 -0.5997353 0.3421753 0.7786501 -0.5259468 0.3421753 0.8264525 -0.4470931 0.3421753 0.8662957 -0.3639337 0.3421753 0.897796 -0.2772695 0.3421753 0.92065 -0.1879349 0.3421753 0.9346377 -0.0967905 0.3421753 0.1956967 -0.0035251 0.9806581 0.1950999 0.0156735 0.9806581 0.1926242 0.0347212 0.9806581 0.1882934 0.0534344 0.9806581 0.1821492 0.0716331 0.9806581 0.1742508 0.0891419 0.9806581 0.1646743 0.1057923 0.9806581 0.1535119 0.1214237 0.9806581 0.1408711 0.1358859 0.9806581 0.1268737 0.1490393 0.9806581 0.1116543 0.1607574 0.9806581 0.0953597 0.1709274 0.9806581 0.0781467 0.1794512 0.9806581 0.0601811 0.1862468 0.9806581 0.0416359 0.1912488 0.9806581 0.0226898 0.1944089 0.9806581 0.0035251 0.1956967 0.9806581 -0.0156735 0.1950999 0.9806581 -0.0347212 0.1926242 0.9806581 -0.0534344 0.1882934 0.9806581 -0.0716331 0.1821492 0.9806581 -0.0891419 0.1742508 0.9806581 -0.1057923 0.1646743 0.9806581 -0.1214237 0.1535119 0.9806581 -0.1358859 0.1408711 0.9806581 -0.1490393 0.1268737 0.9806581 -0.1607574 0.1116543 0.9806581 -0.1709274 0.0953597 0.9806581 -0.1794512 0.0781467 0.9806581 -0.1862468 0.0601811 0.9806581 -0.1912488 0.0416359 0.9806581 -0.1944089 0.0226898 0.9806581 -0.1956967 0.0035251 0.9806581 -0.1950999 -0.0156735 0.9806581 -0.1926242 -0.0347212 0.9806581 -0.1882934 -0.0534344 0.9806581 -0.1821492 -0.0716331 0.9806581 -0.1742508 -0.0891419 0.9806581 -0.1646743 -0.1057923 0.9806581 -0.1535119 -0.1214237 0.9806581 -0.1408711 -0.1358859 0.9806581 -0.1268737 -0.1490393 0.9806581 -0.1116543 -0.1607574 0.9806581 -0.0953597 -0.1709274 0.9806581 -0.0781467 -0.1794512 0.9806581 -0.0601811 -0.1862468 0.9806581 -0.0416359 -0.1912488 0.9806581 -0.0226898 -0.1944089 0.9806581 -0.0035251 -0.1956967 0.9806581 0.0156735 -0.1950999 0.9806581 0.0347212 -0.1926242 0.9806581 0.0534344 -0.1882934 0.9806581 0.0716331 -0.1821492 0.9806581 0.0891419 -0.1742508 0.9806581 0.1057923 -0.1646743 0.9806581 0.1214237 -0.1535119 0.9806581 0.1358859 -0.1408711 0.9806581 0.1490393 -0.1268737 0.9806581 0.1607574 -0.1116543 0.9806581 0.1709274 -0.0953597 0.9806581 0.1794512 -0.0781467 0.9806581 0.1862468 -0.0601811 0.9806581 0.1912488 -0.0416359 0.9806581 0.1944089 -0.0226898 0.9806581 0.0 0.0 -1.0 0.0 0.0 1.0</float_array>
          <technique_common>
            <accessor source="#mesh8-normals-array" count="258" stride="3">
              <param name="X" type="float" />
              <param name="Y" type="float" />
              <param name="Z" type="float" />
            </accessor>
          </technique_common>
        </source>
        <vertices id="mesh8-vertices">
          <input semantic="POSITION" source="#mesh8-positions" />
        </vertices>
        <triangles count="512" material="graphite">
          <input semantic="VERTEX" source="#mesh8-vertices" offset="0" />
          <input semantic="NORMAL" source="#mesh8-normals" offset="1" />
          <p>0 0 1 1 65 65 0 0 65 65 64 64 1 1 2 2 66 66 1 1 66 66 65 65 2 2 3 3 67 67 2 2 67 67 66 66 3 3 4 4 68 68 3 3 68 68 67 67 4 4 5 5 69 69 4 4 69 69 68 68 5 5 6 6 70 70 5 5 70 70 69 69 6 6 7 7 71 71 6 6 71 71 70 70 7 7 8 8 72 72 7 7 72 72 71 71 8 8 9 9 73 73 8 8 73 73 72 72 9 9 10 10 74 74 9 9 74 74 73 73 10 10 11 11 75 75 10 10 75 75 74 74 11 11 12 12 76 76 11 11 76 76 75 75 12 12 13 13 77 77 12 12 77 77 76 76 13 13 14 14 78 78 13 13 78 78 77 77 14 14 15 15 79 79 14 14 79 79 78 78 15 15 16 16 80 80 15 15 80 80 79 79 16 16 17 17 81 81 16 16 81 81 80 80 17 17 18 18 82 82 17 17 82 82 81 81 18 18 19 19 83 83 18 18 83 83 82 82 19 19 20 20 84 84 19 19 84 84 83 83 20 20 21 21 85 85 20 20 85 85 84 84 21 21 22 22 86 86 21 21 86 86 85 85 22 22 23 23 87 87 22 22 87 87 86 86 23 23 24 24 88 88 23 23 88 88 87 87 24 24 25 25 89 89 24 24 89 89 88 88 25 25 26 26 90 90 25 25 90 90 89 89 26 26 27 27 91 91 26 26 91 91 90 90 27 27 28 28 92 92 27 27 92 92 91 91 28 28 29 29 93 93 28 28 93 93 92 92 29 29 30 30 94 94 29 29 94 94 93 93 30 30 31 31 95 95 30 30 95 95 94 94 31 31 32 32 96 96 31 31 96 96 95 95 32 32 33 33 97 97 32 32 97 97 96 96 33 33 34 34 98 98 33 33 98 98 97 97 34 34 35 35 99 99 34 34 99 99 98 98 35 35 36 36 100 100 35 35 100 100 99 99 36 36 37 37 101 101 36 36 101 101 100 100 37 37 38 38 102 102 37 37 102 102 101 101 38 38 39 39 103 103 38 38 103 103 102 102 39 39 40 40 104 104 39 39 104 104 103 103 40 40 41 41 105 105 40 40 105 105 104 104 41 41 42 42 106 106 41 41 106 106 105 105 42 42 43 43 107 107 42 42 107 107 106 106 43 43 44 44 108 108 43 43 108 108 107 107 44 44 45 45 109 109 44 44 109 109 108 108 45 45 46 46 110 110 45 45 110 110 109 109 46 46 47 47 111 111 46 46 111 111 110 110 47 47 48 48 112 112 47 47 112 112 111 111 48 48 49 49 113 113 48 48 113 113 112 112 49 49 50 50 114 114 49 49 114 114 113 113 50 50 51 51 115 115 50 50 115 115 114 114 51 51 52 52 116 116 51 51 116 116 115 115 52 52 53 53 117 117 52 52 117 117 116 116 53 53 54 54 118 118 53 53 118 118 117 117 54 54 55 55 119 119 54 54 119 119 118 118 55 55 56 56 120 120 55 55 120 120 119 119 56 56 57 57 121 121 56 56 121 121 120 120 57 57 58 58 122 122 57 57 122 122 121 121 58 58 59 59 123 123 58 58 123 123 122 122 59 59 60 60 124 124 59 59 124 124 123 123 60 60 61 61 125 125 60 60 125 125 124 124 61 61 62 62 126 126 61 61 126 126 125 125 62 62 63 63 127 127 62 62 127 127 126 126 63 63 0 0 64 64 63 63 64 64 127 127 64 64 65 65 129 129 64 64 129 129 128 128 65 65 66 66 130 130 65 65 130 130 129 129 66 66 67 67 131 131 66 66 131 131 130 130 67 67 68 68 132 132 67 67 132 132 131 131 68 68 69 69 133 133 68 68 133 133 132 132 69 69 70 70 134 134 69 69 134 134 133 133 70 70 71 71 135 135 70 70 135 135 134 134 71 71 72 72 136 136 71 71 136 136 135 135 72 72 73 73 137 137 72 72 137 137 136 136 73 73 74 74 138 138 73 73 138 138 137 137 74 74 75 75 139 139 74 74 139 139 138 138 75 75 76 76 140 140 75 75 140 140 139 139 76 76 77 77 141 141 76 76 141 141 140 140 77 77 78 78 142 142 77 77 142 142 141 141 78 78 79 79 143 143 78 78 143 143 142 142 79 79 80 80 144 144 79 79 144 144 143 143 80 80 81 81 145 145 80 80 145 145 144 144 81 81 82 82 146 146 81 81 146 146 145 145 82 82 83 83 147 147 82 82 147 147 146 146 83 83 84 84 148 148 83 83 148 148 147 147 84 84 85 85 149 149 84 84 149 149 148 148 85 85 86 86 150 150 85 85 150 150 149 149 86 86 87 87 151 151 86 86 151 151 150 150 87 87 88 88 152 152 87 87 152 152 151 151 88 88 89 89 153 153 88 88 153 153 152 152 89 89 90 90 154 154 89 89 154 154 153 153 90 90 91 91 155 155 90 90 155 155 154 154 91 91 92 92 156 156 91 91 156 156 155 155 92 92 93 93 157 157 92 92 157 157 156 156 93 93 94 94 158 158 93 93 158 158 157 157 94 94 95 95 159 159 94 94 159 159 158 158 95 95 96 96 160 160 95 95 160 160 159 159 96 96 97 97 161 161 96 96 161 161 160 160 97 97 98 98 162 162 97 97 162 162 161 161 98 98 99 99 163 163 98 98 163 163 162 162 99 99 100 100 164 164 99 99 164 164 163 163 100 100 101 101 165 165 100 100 165 165 164 164 101 101 102 102 166 166 101 101 166 166 165 165 102 102 103 103 167 167 102 102 167 167 166 166 103 103 104 104 168 168 103 103 168 168 167 167 104 104 105 105 169 169 104 104 169 169 168 168 105 105 106 106 170 170 105 105 170 170 169 169 106 106 107 107 171 171 106 106 171 171 170 170 107 107 108 108 172 172 107 107 172 172 171 171 108 108 109 109 173 173 108 108 173 173 172 172 109 109 110 110 174 174 109 109 174 174 173 173 110 110 111 111 175 175 110 110 175 175 174 174 111 111 112 112 176 176 111 111 176 176 175 175 112 112 113 113 177 177 112 112 177 177 176 176 113 113 114 114 178 178 113 113 178 178 177 177 114 114 115 115 179 179 114 114 179 179 178 178 115 115 116 116 180 180 115 115 180 180 179 179 116 116 117 117 181 181 116 116 181 181 180 180 117 117 118 118 182 182 117 117 182 182 181 181 118 118 119 119 183 183 118 118 183 183 182 182 119 119 120 120 184 184 119 119 184 184 183 183 120 120 121 121 185 185 120 120 185 185 184 184 121 121 122 122 186 186 121 121 186 186 185 185 122 122 123 123 187 187 122 122 187 187 186 186 123 123 124 124 188 188 123 123 188 188 187 187 124 124 125 125 189 189 124 124 189 189 188 188 125 125 126 126 190 190 125 125 190 190 189 189 126 126 127 127 191 191 126 126 191 191 190 190 127 127 64 64 128 128 127 127 128 128 191 191 128 128 129 129 193 193 128 128 193 193 192 192 129 129 130 130 194 194 129 129 194 194 193 193 130 130 131 131 195 195 130 130 195 195 194 194 131 131 132 132 196 196 131 131 196 196 195 195 132 132 133 133 197 197 132 132 197 197 196 196 133 133 134 134 198 198 133 133 198 198 197 197 134 134 135 135 199 199 134 134 199 199 198 198 135 135 136 136 200 200 135 135 200 200 199 199 136 136 137 137 201 201 136 136 201 201 200 200 137 137 138 138 202 202 137 137 202 202 201 201 138 138 139 139 203 203 138 138 203 203 202 202 139 139 140 140 204 204 139 139 204 204 203 203 140 140 141 141 205 205 140 140 205 205 204 204 141 141 142 142 206 206 141 141 206 206 205 205 142 142 143 143 207 207 142 142 207 207 206 206 143 143 144 144 208 208 143 143 208 208 207 207 144 144 145 145 209 209 144 144 209 209 208 208 145 145 146 146 210 210 145 145 210 210 209 209 146 146 147 147 211 211 146 146 211 211 210 210 147 147 148 148 212 212 147 147 212 212 211 211 148 148 149 149 213 213 148 148 213 213 212 212 149 149 150 150 214 214 149 149 214 214 213 213 150 150 151 151 215 215 150 150 215 215 214 214 151 151 152 152 216 216 151 151 216 216 215 215 152 152 153 153 217 217 152 152 217 217 216 216 153 153 154 154 218 218 153 153 218 218 217 217 154 154 155 155 219 219 154 154 219 219 218 218 155 155 156 156 220 220 155 155 220 220 219 219 156 156 157 157 221 221 156 156 221 221 220 220 157 157 158 158 222 222 157 157 222 222 221 221 158 158 159 159 223 223 158 158 223 223 222 222 159 159 160 160 224 224 159 159 224 224 223 223 160 160 161 161 225 225 160 160 225 225 224 224 161 161 162 162 226 226 161 161 226 226 225 225 162 162 163 163 227 227 162 162 227 227 226 226 163 163 164 164 228 228 163 163 228 228 227 227 164 164 165 165 229 229 164 164 229 229 228 228 165 165 166 166 230 230 165 165 230 230 229 229 166 166 167 167 231 231 166 166 231 231 230 230 167 167 168 168 232 232 167 167 232 232 231 231 168 168 169 169 233 233 168 168 233 233 232 232 169 169 170 170 234 234 169 169 234 234 233 233 170 170 171 171 235 235 170 170 235 235 234 234 171 171 172 172 236 236 171 171 236 236 235 235 172 172 173 173 237 237 172 172 237 237 236 236 173 173 174 174 238 238 173 173 238 238 237 237 174 174 175 175 239 239 174 174 239 239 238 238 175 175 176 176 240 240 175 175 240 240 239 239 176 176 177 177 241 241 176 176 241 241 240 240 177 177 178 178 242 242 177 177 242 242 241 241 178 178 179 179 243 243 178 178 243 243 242 242 179 179 180 180 244 244 179 179 244 244 243 243 180 180 181 181 245 245 180 180 245 245 244 244 181 181 182 182 246 246 181 181 246 246 245 245 182 182 183 183 247 247 182 182 247 247 246 246 183 183 184 184 248 248 183 183 248 248 247 247 184 184 185 185 249 249 184 184 249 249 248 248 185 185 186 186 250 250 185 185 250 250 249 249 186 186 187 187 251 251 186 186 251 251 250 250 187 187 188 188 252 252 187 187 252 252 251 251 188 188 189 189 253 253 188 188 253 253 252 252 189 189 190 190 254 254 189 189 254 254 253 253 190 190 191 191 255 255 190 190 255 255 254 254 191 191 128 128 192 192 191 191 192 192 255 255 256 256 1 1 0 0 256 256 2 2 1 1 256 256 3 3 2 2 256 256 4 4 3 3 256 256 5 5 4 4 256 256 6 6 5 5 256 256 7 7 6 6 256 256 8 8 7 7 256 256 9 9 8 8 256 256 10 10 9 9 256 256 11 11 10 10 256 256 12 12 11 11 256 256 13 13 12 12 256 256 14 14 13 13 256 256 15 15 14 14 256 256 16 16 15 15 256 256 17 17 16 16 256 256 18 18 17 17 256 256 19 19 18 18 256 256 20 20 19 19 256 256 21 21 20 20 256 256 22 22 21 21 256 256 23 23 22 22 256 256 24 24 23 23 256 256 25 25 24 24 256 256 26 26 25 25 256 256 27 27 26 26 256 256 28 28 27 27 256 256 29 29 28 28 256 256 30 30 29 29 256 256 31 31 30 30 256 256 32 32 31 31 256 256 33 33 32 32 256 256 34 34 33 33 256 256 35 35 34 34 256 256 36 36 35 35 256 256 37 37 36 36 256 256 38 38 37 37 256 256 39 39 38 38 256 256 40 40 39 39 256 256 41 41 40 40 256 256 42 42 41 41 256 256 43 43 42 42 256 256 44 44 43 43 256 256 45 45 44 44 256 256 46 46 45 45 256 256 47 47 46 46 256 256 48 48 47 47 256 256 49 49 48 48 256 256 50 50 49 49 256 256 51 51 50 50 256 256 52 52 51 51 256 256 53 53 52 52 256 256 54 54 53 53 256 256 55 55 54 54 256 256 56 56 55 55 256 256 57 57 56 56 256 256 58 58 57 57 256 256 59 59 58 58 256 256 60 60 59 59 256 256 61 61 60 60 256 256 62 62 61 61 256 256 63 63 62 62 256 256 0 0 63 63 257 257 192 192 193 193 257 257 193 193 194 194 257 257 194 194 195 195 257 257 195 195 196 196 257 257 196 196 197 197 257 257 197 197 198 198 257 257 198 198 199 199 257 257 199 199 200 200 257 257 200 200 201 201 257 257 201 201 202 202 257 257 202 202 203 203 257 257 203 203 204 204 257 257 204 204 205 205 257 257 205 205 206 206 257 257 206 206 207 207 257 257 207 207 208 208 257 257 208 208 209 209 257 257 209 209 210 210 257 257 210 210 211 211 257 257 211 211 212 212 257 257 212 212 213 213 257 257 213 213 214 214 257 257 214 214 215 215 257 257 215 215 216 216 257 257 216 216 217 217 257 257 217 217 218 218 257 257 218 218 219 219 257 257 219 219 220 220 257 257 220 220 221 221 257 257 221 221 222 222 257 257 222 222 223 223 257 257 223 223 224 224 257 257 224 224 225 225 257 257 225 225 226 226 257 257 226 226 227 227 257 257 227 227 228 228 257 257 228 228 229 229 257 257 229 229 230 230 257 257 230 230 231 231 257 257 231 231 232 232 257 257 232 232 233 233 257 257 233 233 234 234 257 257 234 234 235 235 257 257 235 235 236 236 257 257 236 236 237 237 257 257 237 237 238 238 257 257 238 238 239 239 257 257 239 239 240 240 257 257 240 240 241 241 257 257 241 241 242 242 257 257 242 242 243 243 257 257 243 243 244 244 257 257 244 244 245 245 257 257 245 245 246 246 257 257 246 246 247 247 257 257 247 247 248 248 257 257 248 248 249 249 257 257 249 249 250 250 257 257 250 250 251 251 257 257 251 251 252 252 257 257 252 252 253 253 257 257 253 253 254 254 257 257 254 254 255 255 257 257 255 255 192 192</p>
        </triangles>
      </mesh>
    </geometry>
    <geometry id="mesh9">
      <mesh>
        <source id="mesh9-positions">
          <float_array id="mesh9-positions-array" count="1536">0.071 0.0 0.015 0.0706581 0.0069592 0.015 0.0696358 0.0138514 0.015 0.0679428 0.0206102 0.015 0.0655954 0.0271705 0.015 0.0626164 0.0334692 0.015 0.0590343 0.0394455 0.015 0.0548837 0.0450419 0.015 0.0502046 0.0502046 0.015 0.0450419 0.0548837 0.015 0.0394455 0.0590343 0.015 0.0334692 0.0626164 0.015 0.0271705 0.0655954 0.015 0.0206102 0.0679428 0.015 0.0138514 0.0696358 0.015 0.0069592 0.0706581 0.015 0.0 0.071 0.015 -0.0069592 0.0706581 0.015 -0.0138514 0.0696358 0.015 -0.0206102 0.0679428 0.015 -0.0271705 0.0655954 0.015 -0.0334692 0.0626164 0.015 -0.0394455 0.0590343 0.015 -0.0450419 0.0548837 0.015 -0.0502046 0.0502046 0.015 -0.0548837 0.0450419 0.015 -0.0590343 0.0394455 0.015 -0.0626164 0.0334692 0.015 -0.0655954 0.0271705 0.015 -0.0679428 0.0206102 0.015 -0.0696358 0.0138514 0.015 -0.0706581 0.0069592 0.015 -0.071 0.0 0.015 -0.0706581 -0.0069592 0.015 -0.0696358 -0.0138514 0.015 -0.0679428 -0.0206102 0.015 -0.0655954 -0.0271705 0.015 -0.0626164 -0.0334692 0.015 -0.0590343 -0.0394455 0.015 -0.0548837 -0.0450419 0.015 -0.0502046 -0.0502046 0.015 -0.0450419 -0.0548837 0.015 -0.0394455 -0.0590343 0.015 -0.0334692 -0.0626164 0.015 -0.0271705 -0.0655954 0.015 -0.0206102 -0.0679428 0.015 -0.0138514 -0.0696358 0.015 -0.0069592 -0.0706581 0.015 -0.0 -0.071 0.015 0.0069592 -0.0706581 0.015 0.0138514 -0.0696358 0.015 0.0206102 -0.0679428 0.015 0.0271705 -0.0655954 0.015 0.0334692 -0.0626164 0.015 0.0394455 -0.0590343 0.015 0.0450419 -0.0548837 0.015 0.0502046 -0.0502046 0.015 0.0548837 -0.0450419 0.015 0.0590343 -0.0394455 0.015 0.0626164 -0.0334692 0.015 0.0655954 -0.0271705 0.015 0.0679428 -0.0206102 0.015 0.0696358 -0.0138514 0.015 0.0706581 -0.0069592 0.015 0.072 0.0 0.016 0.0716533 0.0070572 0.016 0.0706165 0.0140465 0.016 0.0688997 0.0209005 0.016 0.0665193 0.0275532 0.016 0.0634983 0.0339406 0.016 0.0598658 0.0400011 0.016 0.0556568 0.0456763 0.016 0.0509117 0.0509117 0.016 0.0456763 0.0556568 0.016 0.0400011 0.0598658 0.016 0.0339406 0.0634983 0.016 0.0275532 0.0665193 0.016 0.0209005 0.0688997 0.016 0.0140465 0.0706165 0.016 0.0070572 0.0716533 0.016 0.0 0.072 0.016 -0.0070572 0.0716533 0.016 -0.0140465 0.0706165 0.016 -0.0209005 0.0688997 0.016 -0.0275532 0.0665193 0.016 -0.0339406 0.0634983 0.016 -0.0400011 0.0598658 0.016 -0.0456763 0.0556568 0.016 -0.0509117 0.0509117 0.016 -0.0556568 0.0456763 0.016 -0.0598658 0.0400011 0.016 -0.0634983 0.0339406 0.016 -0.0665193 0.0275532 0.016 -0.0688997 0.0209005 0.016 -0.0706165 0.0140465 0.016 -0.0716533 0.0070572 0.016 -0.072 0.0 0.016 -0.0716533 -0.0070572 0.016 -0.0706165 -0.0140465 0.016 -0.0688997 -0.0209005 0.016 -0.0665193 -0.0275532 0.016 -0.0634983 -0.0339406 0.016 -0.0598658 -0.0400011 0.016 -0.0556568 -0.0456763 0.016 -0.0509117 -0.0509117 0.016 -0.0456763 -0.0556568 0.016 -0.0400011 -0.0598658 0.016 -0.0339406 -0.0634983 0.016 -0.0275532 -0.0665193 0.016 -0.0209005 -0.0688997 0.016 -0.0140465 -0.0706165 0.016 -0.0070572 -0.0716533 0.016 -0.0 -0.072 0.016 0.0070572 -0.0716533 0.016 0.0140465 -0.0706165 0.016 0.0209005 -0.0688997 0.016 0.0275532 -0.0665193 0.016 0.0339406 -0.0634983 0.016 0.0400011 -0.0598658 0.016 0.0456763 -0.0556568 0.016 0.0509117 -0.0509117 0.016 0.0556568 -0.0456763 0.016 0.0598658 -0.0400011 0.016 0.0634983 -0.0339406 0.016 0.0665193 -0.0275532 0.016 0.0688997 -0.0209005 0.016 0.0706165 -0.0140465 0.016 0.0716533 -0.0070572 0.016 0.072 0.0 0.03 0.0716533 0.0070572 0.03 0.0706165 0.0140465 0.03 0.0688997 0.0209005 0.03 0.0665193 0.0275532 0.03 0.0634983 0.0339406 0.03 0.0598658 0.0400011 0.03 0.0556568 0.0456763 0.03 0.0509117 0.0509117 0.03 0.0456763 0.0556568 0.03 0.0400011 0.0598658 0.03 0.0339406 0.0634983 0.03 0.0275532 0.0665193 0.03 0.0209005 0.0688997 0.03 0.0140465 0.0706165 0.03 0.0070572 0.0716533 0.03 0.0 0.072 0.03 -0.0070572 0.0716533 0.03 -0.0140465 0.0706165 0.03 -0.0209005 0.0688997 0.03 -0.0275532 0.0665193 0.03 -0.0339406 0.0634983 0.03 -0.0400011 0.0598658 0.03 -0.0456763 0.0556568 0.03 -0.0509117 0.0509117 0.03 -0.0556568 0.0456763 0.03 -0.0598658 0.0400011 0.03 -0.0634983 0.0339406 0.03 -0.0665193 0.0275532 0.03 -0.0688997 0.0209005 0.03 -0.0706165 0.0140465 0.03 -0.0716533 0.0070572 0.03 -0.072 0.0 0.03 -0.0716533 -0.0070572 0.03 -0.0706165 -0.0140465 0.03 -0.0688997 -0.0209005 0.03 -0.0665193 -0.0275532 0.03 -0.0634983 -0.0339406 0.03 -0.0598658 -0.0400011 0.03 -0.0556568 -0.0456763 0.03 -0.0509117 -0.0509117 0.03 -0.0456763 -0.0556568 0.03 -0.0400011 -0.0598658 0.03 -0.0339406 -0.0634983 0.03 -0.0275532 -0.0665193 0.03 -0.0209005 -0.0688997 0.03 -0.0140465 -0.0706165 0.03 -0.0070572 -0.0716533 0.03 -0.0 -0.072 0.03 0.0070572 -0.0716533 0.03 0.0140465 -0.0706165 0.03 0.0209005 -0.0688997 0.03 0.0275532 -0.0665193 0.03 0.0339406 -0.0634983 0.03 0.0400011 -0.0598658 0.03 0.0456763 -0.0556568 0.03 0.0509117 -0.0509117 0.03 0.0556568 -0.0456763 0.03 0.0598658 -0.0400011 0.03 0.0634983 -0.0339406 0.03 0.0665193 -0.0275532 0.03 0.0688997 -0.0209005 0.03 0.0706165 -0.0140465 0.03 0.0716533 -0.0070572 0.03 0.071 0.0 0.031 0.0706581 0.0069592 0.031 0.0696358 0.0138514 0.031 0.0679428 0.0206102 0.031 0.0655954 0.0271705 0.031 0.0626164 0.0334692 0.031 0.0590343 0.0394455 0.031 0.0548837 0.0450419 0.031 0.0502046 0.0502046 0.031 0.0450419 0.0548837 0.031 0.0394455 0.0590343 0.031 0.0334692 0.0626164 0.031 0.0271705 0.0655954 0.031 0.0206102 0.0679428 0.031 0.0138514 0.0696358 0.031 0.0069592 0.0706581 0.031 0.0 0.071 0.031 -0.0069592 0.0706581 0.031 -0.0138514 0.0696358 0.031 -0.0206102 0.0679428 0.031 -0.0271705 0.0655954 0.031 -0.0334692 0.0626164 0.031 -0.0394455 0.0590343 0.031 -0.0450419 0.0548837 0.031 -0.0502046 0.0502046 0.031 -0.0548837 0.0450419 0.031 -0.0590343 0.0394455 0.031 -0.0626164 0.0334692 0.031 -0.0655954 0.0271705 0.031 -0.0679428 0.0206102 0.031 -0.0696358 0.0138514 0.031 -0.0706581 0.0069592 0.031 -0.071 0.0 0.031 -0.0706581 -0.0069592 0.031 -0.0696358 -0.0138514 0.031 -0.0679428 -0.0206102 0.031 -0.0655954 -0.0271705 0.031 -0.0626164 -0.0334692 0.031 -0.0590343 -0.0394455 0.031 -0.0548837 -0.0450419 0.031 -0.0502046 -0.0502046 0.031 -0.0450419 -0.0548837 0.031 -0.0394455 -0.0590343 0.031 -0.0334692 -0.0626164 0.031 -0.0271705 -0.0655954 0.031 -0.0206102 -0.0679428 0.031 -0.0138514 -0.0696358 0.031 -0.0069592 -0.0706581 0.031 -0.0 -0.071 0.031 0.0069592 -0.0706581 0.031 0.0138514 -0.0696358 0.031 0.0206102 -0.0679428 0.031 0.0271705 -0.0655954 0.031 0.0334692 -0.0626164 0.031 0.0394455 -0.0590343 0.031 0.0450419 -0.0548837 0.031 0.0502046 -0.0502046 0.031 0.0548837 -0.0450419 0.031 0.0590343 -0.0394455 0.031 0.0626164 -0.0334692 0.031 0.0655954 -0.0271705 0.031 0.0679428 -0.0206102 0.031 0.0696358 -0.0138514 0.031 0.0706581 -0.0069592 0.031 0.059 0.0 0.031 0.0587159 0.005783 0.031 0.0578663 0.0115103 0.031 0.0564595 0.0171268 0.031 0.0545089 0.0225783 0.031 0.0520334 0.0278124 0.031 0.0490567 0.0327786 0.031 0.0456076 0.0374292 0.031 0.0417193 0.0417193 0.031 0.0374292 0.0456076 0.031 0.0327786 0.0490567 0.031 0.0278124 0.0520334 0.031 0.0225783 0.0545089 0.031 0.0171268 0.0564595 0.031 0.0115103 0.0578663 0.031 0.005783 0.0587159 0.031 0.0 0.059 0.031 -0.005783 0.0587159 0.031 -0.0115103 0.0578663 0.031 -0.0171268 0.0564595 0.031 -0.0225783 0.0545089 0.031 -0.0278124 0.0520334 0.031 -0.0327786 0.0490567 0.031 -0.0374292 0.0456076 0.031 -0.0417193 0.0417193 0.031 -0.0456076 0.0374292 0.031 -0.0490567 0.0327786 0.031 -0.0520334 0.0278124 0.031 -0.0545089 0.0225783 0.031 -0.0564595 0.0171268 0.031 -0.0578663 0.0115103 0.031 -0.0587159 0.005783 0.031 -0.059 0.0 0.031 -0.0587159 -0.005783 0.031 -0.0578663 -0.0115103 0.031 -0.0564595 -0.0171268 0.031 -0.0545089 -0.0225783 0.031 -0.0520334 -0.0278124 0.031 -0.0490567 -0.0327786 0.031 -0.0456076 -0.0374292 0.031 -0.0417193 -0.0417193 0.031 -0.0374292 -0.0456076 0.031 -0.0327786 -0.0490567 0.031 -0.0278124 -0.0520334 0.031 -0.0225783 -0.0545089 0.031 -0.0171268 -0.0564595 0.031 -0.0115103 -0.0578663 0.031 -0.005783 -0.0587159 0.031 -0.0 -0.059 0.031 0.005783 -0.0587159 0.031 0.0115103 -0.0578663 0.031 0.0171268 -0.0564595 0.031 0.0225783 -0.0545089 0.031 0.0278124 -0.0520334 0.031 0.0327786 -0.0490567 0.031 0.0374292 -0.0456076 0.031 0.0417193 -0.0417193 0.031 0.0456076 -0.0374292 0.031 0.0490567 -0.0327786 0.031 0.0520334 -0.0278124 0.031 0.0545089 -0.0225783 0.031 0.0564595 -0.0171268 0.031 0.0578663 -0.0115103 0.031 0.0587159 -0.005783 0.031 0.058 0.0 0.03 0.0577207 0.005685 0.03 0.0568855 0.0113152 0.03 0.0555025 0.0168365 0.03 0.053585 0.0221956 0.03 0.0511514 0.027341 0.03 0.0482252 0.0322231 0.03 0.0448346 0.0367948 0.03 0.0410122 0.0410122 0.03 0.0367948 0.0448346 0.03 0.0322231 0.0482252 0.03 0.027341 0.0511514 0.03 0.0221956 0.053585 0.03 0.0168365 0.0555025 0.03 0.0113152 0.0568855 0.03 0.005685 0.0577207 0.03 0.0 0.058 0.03 -0.005685 0.0577207 0.03 -0.0113152 0.0568855 0.03 -0.0168365 0.0555025 0.03 -0.0221956 0.053585 0.03 -0.027341 0.0511514 0.03 -0.0322231 0.0482252 0.03 -0.0367948 0.0448346 0.03 -0.0410122 0.0410122 0.03 -0.0448346 0.0367948 0.03 -0.0482252 0.0322231 0.03 -0.0511514 0.027341 0.03 -0.053585 0.0221956 0.03 -0.0555025 0.0168365 0.03 -0.0568855 0.0113152 0.03 -0.0577207 0.005685 0.03 -0.058 0.0 0.03 -0.0577207 -0.005685 0.03 -0.0568855 -0.0113152 0.03 -0.0555025 -0.0168365 0.03 -0.053585 -0.0221956 0.03 -0.0511514 -0.027341 0.03 -0.0482252 -0.0322231 0.03 -0.0448346 -0.0367948 0.03 -0.0410122 -0.0410122 0.03 -0.0367948 -0.0448346 0.03 -0.0322231 -0.0482252 0.03 -0.027341 -0.0511514 0.03 -0.0221956 -0.053585 0.03 -0.0168365 -0.0555025 0.03 -0.0113152 -0.0568855 0.03 -0.005685 -0.0577207 0.03 -0.0 -0.058 0.03 0.005685 -0.0577207 0.03 0.0113152 -0.0568855 0.03 0.0168365 -0.0555025 0.03 0.0221956 -0.053585 0.03 0.027341 -0.0511514 0.03 0.0322231 -0.0482252 0.03 0.0367948 -0.0448346 0.03 0.0410122 -0.0410122 0.03 0.0448346 -0.0367948 0.03 0.0482252 -0.0322231 0.03 0.0511514 -0.027341 0.03 0.053585 -0.0221956 0.03 0.0555025 -0.0168365 0.03 0.0568855 -0.0113152 0.03 0.0577207 -0.005685 0.03 0.058 0.0 0.016 0.0577207 0.005685 0.016 0.0568855 0.0113152 0.016 0.0555025 0.0168365 0.016 0.053585 0.0221956 0.016 0.0511514 0.027341 0.016 0.0482252 0.0322231 0.016 0.0448346 0.0367948 0.016 0.0410122 0.0410122 0.016 0.0367948 0.0448346 0.016 0.0322231 0.0482252 0.016 0.027341 0.0511514 0.016 0.0221956 0.053585 0.016 0.0168365 0.0555025 0.016 0.0113152 0.0568855 0.016 0.005685 0.0577207 0.016 0.0 0.058 0.016 -0.005685 0.0577207 0.016 -0.0113152 0.0568855 0.016 -0.0168365 0.0555025 0.016 -0.0221956 0.053585 0.016 -0.027341 0.0511514 0.016 -0.0322231 0.0482252 0.016 -0.0367948 0.0448346 0.016 -0.0410122 0.0410122 0.016 -0.0448346 0.0367948 0.016 -0.0482252 0.0322231 0.016 -0.0511514 0.027341 0.016 -0.053585 0.0221956 0.016 -0.0555025 0.0168365 0.016 -0.0568855 0.0113152 0.016 -0.0577207 0.005685 0.016 -0.058 0.0 0.016 -0.0577207 -0.005685 0.016 -0.0568855 -0.0113152 0.016 -0.0555025 -0.0168365 0.016 -0.053585 -0.0221956 0.016 -0.0511514 -0.027341 0.016 -0.0482252 -0.0322231 0.016 -0.0448346 -0.0367948 0.016 -0.0410122 -0.0410122 0.016 -0.0367948 -0.0448346 0.016 -0.0322231 -0.0482252 0.016 -0.027341 -0.0511514 0.016 -0.0221956 -0.053585 0.016 -0.0168365 -0.0555025 0.016 -0.0113152 -0.0568855 0.016 -0.005685 -0.0577207 0.016 -0.0 -0.058 0.016 0.005685 -0.0577207 0.016 0.0113152 -0.0568855 0.016 0.0168365 -0.0555025 0.016 0.0221956 -0.053585 0.016 0.027341 -0.0511514 0.016 0.0322231 -0.0482252 0.016 0.0367948 -0.0448346 0.016 0.0410122 -0.0410122 0.016 0.0448346 -0.0367948 0.016 0.0482252 -0.0322231 0.016 0.0511514 -0.027341 0.016 0.053585 -0.0221956 0.016 0.0555025 -0.0168365 0.016 0.0568855 -0.0113152 0.016 0.0577207 -0.005685 0.016 0.059 0.0 0.015 0.0587159 0.005783 0.015 0.0578663 0.0115103 0.015 0.0564595 0.0171268 0.015 0.0545089 0.0225783 0.015 0.0520334 0.0278124 0.015 0.0490567 0.0327786 0.015 0.0456076 0.0374292 0.015 0.0417193 0.0417193 0.015 0.0374292 0.0456076 0.015 0.0327786 0.0490567 0.015 0.0278124 0.0520334 0.015 0.0225783 0.0545089 0.015 0.0171268 0.0564595 0.015 0.0115103 0.0578663 0.015 0.005783 0.0587159 0.015 0.0 0.059 0.015 -0.005783 0.0587159 0.015 -0.0115103 0.0578663 0.015 -0.0171268 0.0564595 0.015 -0.0225783 0.0545089 0.015 -0.0278124 0.0520334 0.015 -0.0327786 0.0490567 0.015 -0.0374292 0.0456076 0.015 -0.0417193 0.0417193 0.015 -0.0456076 0.0374292 0.015 -0.0490567 0.0327786 0.015 -0.0520334 0.0278124 0.015 -0.0545089 0.0225783 0.015 -0.0564595 0.0171268 0.015 -0.0578663 0.0115103 0.015 -0.0587159 0.005783 0.015 -0.059 0.0 0.015 -0.0587159 -0.005783 0.015 -0.0578663 -0.0115103 0.015 -0.0564595 -0.0171268 0.015 -0.0545089 -0.0225783 0.015 -0.0520334 -0.0278124 0.015 -0.0490567 -0.0327786 0.015 -0.0456076 -0.0374292 0.015 -0.0417193 -0.0417193 0.015 -0.0374292 -0.0456076 0.015 -0.0327786 -0.0490567 0.015 -0.0278124 -0.0520334 0.015 -0.0225783 -0.0545089 0.015 -0.0171268 -0.0564595 0.015 -0.0115103 -0.0578663 0.015 -0.005783 -0.0587159 0.015 -0.0 -0.059 0.015 0.005783 -0.0587159 0.015 0.0115103 -0.0578663 0.015 0.0171268 -0.0564595 0.015 0.0225783 -0.0545089 0.015 0.0278124 -0.0520334 0.015 0.0327786 -0.0490567 0.015 0.0374292 -0.0456076 0.015 0.0417193 -0.0417193 0.015 0.0456076 -0.0374292 0.015 0.0490567 -0.0327786 0.015 0.0520334 -0.0278124 0.015 0.0545089 -0.0225783 0.015 0.0564595 -0.0171268 0.015 0.0578663 -0.0115103 0.015 0.0587159 -0.005783 0.015</float_array>
          <technique_common>
            <accessor source="#mesh9-positions-array" count="512" stride="3">
              <param name="X" type="float" />
              <param name="Y" type="float" />
              <param name="Z" type="float" />
            </accessor>
          </technique_common>
        </source>
        <source id="mesh9-normals">
          <float_array id="mesh9-normals-array" count="1536">0.0812234 0.0013425 -0.996695 0.0807007 0.0092973 -0.996695 0.0794008 0.0171626 -0.996695 0.0773363 0.0248626 -0.996695 0.0745269 0.0323232 -0.996695 0.0709998 0.0394725 -0.996695 0.066789 0.0462416 -0.996695 0.0619349 0.0525654 -0.996695 0.0564843 0.0583829 -0.996695 0.0504898 0.0636382 -0.996695 0.0440091 0.0682807 -0.996695 0.0371045 0.0722655 -0.996695 0.0298425 0.0755544 -0.996695 0.0222932 0.0781157 -0.996695 0.0145292 0.0799247 -0.996695 0.0066252 0.0809639 -0.996695 -0.0013425 0.0812234 -0.996695 -0.0092973 0.0807007 -0.996695 -0.0171626 0.0794008 -0.996695 -0.0248626 0.0773363 -0.996695 -0.0323232 0.0745269 -0.996695 -0.0394725 0.0709998 -0.996695 -0.0462416 0.066789 -0.996695 -0.0525654 0.0619349 -0.996695 -0.0583829 0.0564843 -0.996695 -0.0636382 0.0504898 -0.996695 -0.0682807 0.0440091 -0.996695 -0.0722655 0.0371045 -0.996695 -0.0755544 0.0298425 -0.996695 -0.0781157 0.0222932 -0.996695 -0.0799247 0.0145292 -0.996695 -0.0809639 0.0066252 -0.996695 -0.0812234 -0.0013425 -0.996695 -0.0807007 -0.0092973 -0.996695 -0.0794008 -0.0171626 -0.996695 -0.0773363 -0.0248626 -0.996695 -0.0745269 -0.0323232 -0.996695 -0.0709998 -0.0394725 -0.996695 -0.066789 -0.0462416 -0.996695 -0.0619349 -0.0525654 -0.996695 -0.0564843 -0.0583829 -0.996695 -0.0504898 -0.0636382 -0.996695 -0.0440091 -0.0682807 -0.996695 -0.0371045 -0.0722655 -0.996695 -0.0298425 -0.0755544 -0.996695 -0.0222932 -0.0781157 -0.996695 -0.0145292 -0.0799247 -0.996695 -0.0066252 -0.0809639 -0.996695 0.0013425 -0.0812234 -0.996695 0.0092973 -0.0807007 -0.996695 0.0171626 -0.0794008 -0.996695 0.0248626 -0.0773363 -0.996695 0.0323232 -0.0745269 -0.996695 0.0394725 -0.0709998 -0.996695 0.0462416 -0.066789 -0.996695 0.0525654 -0.0619349 -0.996695 0.0583829 -0.0564843 -0.996695 0.0636382 -0.0504898 -0.996695 0.0682807 -0.0440091 -0.996695 0.0722655 -0.0371045 -0.996695 0.0755544 -0.0298425 -0.996695 0.0781157 -0.0222932 -0.996695 0.0799247 -0.0145292 -0.996695 0.0809639 -0.0066252 -0.996695 0.9977039 0.0141791 -0.0662261 0.9915099 0.1119029 -0.0662261 0.9757671 0.208549 -0.0662261 0.9506271 0.3031867 -0.0662261 0.9163321 0.3949045 -0.0662261 0.8732123 0.4828192 -0.0662261 0.821683 0.5660841 -0.0662261 0.7622404 0.6438973 -0.0662261 0.695457 0.7155093 -0.0662261 0.621976 0.7802307 -0.0662261 0.5425051 0.837438 -0.0662261 0.4578095 0.8865803 -0.0662261 0.368705 0.9271843 -0.0662261 0.2760496 0.9588591 -0.0662261 0.1807357 0.9812995 -0.0662261 0.0836812 0.9942895 -0.0662261 -0.0141791 0.9977039 -0.0662261 -0.1119029 0.9915099 -0.0662261 -0.208549 0.9757671 -0.0662261 -0.3031867 0.9506271 -0.0662261 -0.3949045 0.9163321 -0.0662261 -0.4828192 0.8732123 -0.0662261 -0.5660841 0.821683 -0.0662261 -0.6438973 0.7622404 -0.0662261 -0.7155093 0.695457 -0.0662261 -0.7802307 0.621976 -0.0662261 -0.837438 0.5425051 -0.0662261 -0.8865803 0.4578095 -0.0662261 -0.9271843 0.368705 -0.0662261 -0.9588591 0.2760496 -0.0662261 -0.9812995 0.1807357 -0.0662261 -0.9942895 0.0836812 -0.0662261 -0.9977039 -0.0141791 -0.0662261 -0.9915099 -0.1119029 -0.0662261 -0.9757671 -0.208549 -0.0662261 -0.9506271 -0.3031867 -0.0662261 -0.9163321 -0.3949045 -0.0662261 -0.8732123 -0.4828192 -0.0662261 -0.821683 -0.5660841 -0.0662261 -0.7622404 -0.6438973 -0.0662261 -0.695457 -0.7155093 -0.0662261 -0.621976 -0.7802307 -0.0662261 -0.5425051 -0.837438 -0.0662261 -0.4578095 -0.8865803 -0.0662261 -0.368705 -0.9271843 -0.0662261 -0.2760496 -0.9588591 -0.0662261 -0.1807357 -0.9812995 -0.0662261 -0.0836812 -0.9942895 -0.0662261 0.0141791 -0.9977039 -0.0662261 0.1119029 -0.9915099 -0.0662261 0.208549 -0.9757671 -0.0662261 0.3031867 -0.9506271 -0.0662261 0.3949045 -0.9163321 -0.0662261 0.4828192 -0.8732123 -0.0662261 0.5660841 -0.821683 -0.0662261 0.6438973 -0.7622404 -0.0662261 0.7155093 -0.695457 -0.0662261 0.7802307 -0.621976 -0.0662261 0.837438 -0.5425051 -0.0662261 0.8865803 -0.4578095 -0.0662261 0.9271843 -0.368705 -0.0662261 0.9588591 -0.2760496 -0.0662261 0.9812995 -0.1807357 -0.0662261 0.9942895 -0.0836812 -0.0662261 0.9977039 -0.0141791 0.0662261 0.9942895 0.0836812 0.0662261 0.9812995 0.1807357 0.0662261 0.9588591 0.2760496 0.0662261 0.9271843 0.368705 0.0662261 0.8865803 0.4578095 0.0662261 0.837438 0.5425051 0.0662261 0.7802307 0.621976 0.0662261 0.7155093 0.695457 0.0662261 0.6438973 0.7622404 0.0662261 0.5660841 0.821683 0.0662261 0.4828192 0.8732123 0.0662261 0.3949045 0.9163321 0.0662261 0.3031867 0.9506271 0.0662261 0.208549 0.9757671 0.0662261 0.1119029 0.9915099 0.0662261 0.0141791 0.9977039 0.0662261 -0.0836812 0.9942895 0.0662261 -0.1807357 0.9812995 0.0662261 -0.2760496 0.9588591 0.0662261 -0.368705 0.9271843 0.0662261 -0.4578095 0.8865803 0.0662261 -0.5425051 0.837438 0.0662261 -0.621976 0.7802307 0.0662261 -0.695457 0.7155093 0.0662261 -0.7622404 0.6438973 0.0662261 -0.821683 0.5660841 0.0662261 -0.8732123 0.4828192 0.0662261 -0.9163321 0.3949045 0.0662261 -0.9506271 0.3031867 0.0662261 -0.9757671 0.208549 0.0662261 -0.9915099 0.1119029 0.0662261 -0.9977039 0.0141791 0.0662261 -0.9942895 -0.0836812 0.0662261 -0.9812995 -0.1807357 0.0662261 -0.9588591 -0.2760496 0.0662261 -0.9271843 -0.368705 0.0662261 -0.8865803 -0.4578095 0.0662261 -0.837438 -0.5425051 0.0662261 -0.7802307 -0.621976 0.0662261 -0.7155093 -0.695457 0.0662261 -0.6438973 -0.7622404 0.0662261 -0.5660841 -0.821683 0.0662261 -0.4828192 -0.8732123 0.0662261 -0.3949045 -0.9163321 0.0662261 -0.3031867 -0.9506271 0.0662261 -0.208549 -0.9757671 0.0662261 -0.1119029 -0.9915099 0.0662261 -0.0141791 -0.9977039 0.0662261 0.0836812 -0.9942895 0.0662261 0.1807357 -0.9812995 0.0662261 0.2760496 -0.9588591 0.0662261 0.368705 -0.9271843 0.0662261 0.4578095 -0.8865803 0.0662261 0.5425051 -0.837438 0.0662261 0.621976 -0.7802307 0.0662261 0.695457 -0.7155093 0.0662261 0.7622404 -0.6438973 0.0662261 0.821683 -0.5660841 0.0662261 0.8732123 -0.4828192 0.0662261 0.9163321 -0.3949045 0.0662261 0.9506271 -0.3031867 0.0662261 0.9757671 -0.208549 0.0662261 0.9915099 -0.1119029 0.0662261 0.0812234 -0.0013425 0.996695 0.0809639 0.0066252 0.996695 0.0799247 0.0145292 0.996695 0.0781157 0.0222932 0.996695 0.0755544 0.0298425 0.996695 0.0722655 0.0371045 0.996695 0.0682807 0.0440091 0.996695 0.0636382 0.0504898 0.996695 0.0583829 0.0564843 0.996695 0.0525654 0.0619349 0.996695 0.0462416 0.066789 0.996695 0.0394725 0.0709998 0.996695 0.0323232 0.0745269 0.996695 0.0248626 0.0773363 0.996695 0.0171626 0.0794008 0.996695 0.0092973 0.0807007 0.996695 0.0013425 0.0812234 0.996695 -0.0066252 0.0809639 0.996695 -0.0145292 0.0799247 0.996695 -0.0222932 0.0781157 0.996695 -0.0298425 0.0755544 0.996695 -0.0371045 0.0722655 0.996695 -0.0440091 0.0682807 0.996695 -0.0504898 0.0636382 0.996695 -0.0564843 0.0583829 0.996695 -0.0619349 0.0525654 0.996695 -0.066789 0.0462416 0.996695 -0.0709998 0.0394725 0.996695 -0.0745269 0.0323232 0.996695 -0.0773363 0.0248626 0.996695 -0.0794008 0.0171626 0.996695 -0.0807007 0.0092973 0.996695 -0.0812234 0.0013425 0.996695 -0.0809639 -0.0066252 0.996695 -0.0799247 -0.0145292 0.996695 -0.0781157 -0.0222932 0.996695 -0.0755544 -0.0298425 0.996695 -0.0722655 -0.0371045 0.996695 -0.0682807 -0.0440091 0.996695 -0.0636382 -0.0504898 0.996695 -0.0583829 -0.0564843 0.996695 -0.0525654 -0.0619349 0.996695 -0.0462416 -0.066789 0.996695 -0.0394725 -0.0709998 0.996695 -0.0323232 -0.0745269 0.996695 -0.0248626 -0.0773363 0.996695 -0.0171626 -0.0794008 0.996695 -0.0092973 -0.0807007 0.996695 -0.0013425 -0.0812234 0.996695 0.0066252 -0.0809639 0.996695 0.0145292 -0.0799247 0.996695 0.0222932 -0.0781157 0.996695 0.0298425 -0.0755544 0.996695 0.0371045 -0.0722655 0.996695 0.0440091 -0.0682807 0.996695 0.0504898 -0.0636382 0.996695 0.0564843 -0.0583829 0.996695 0.0619349 -0.0525654 0.996695 0.066789 -0.0462416 0.996695 0.0709998 -0.0394725 0.996695 0.0745269 -0.0323232 0.996695 0.0773363 -0.0248626 0.996695 0.0794008 -0.0171626 0.996695 0.0807007 -0.0092973 0.996695 -0.071827 -0.0011628 0.9974164 -0.0713672 -0.0081975 0.9974164 -0.07022 -0.0151533 0.9974164 -0.0683966 -0.0219631 0.9974164 -0.0659145 -0.0285613 0.9974164 -0.0627976 -0.0348846 0.9974164 -0.059076 -0.0408718 0.9974164 -0.0547854 -0.0464655 0.9974164 -0.0499671 -0.0516116 0.9974164 -0.0446677 -0.0562608 0.9974164 -0.0389381 -0.060368 0.9974164 -0.0328335 -0.063894 0.9974164 -0.0264127 -0.0668045 0.9974164 -0.0197375 -0.0690718 0.9974164 -0.0128723 -0.0706738 0.9974164 -0.005883 -0.0715952 0.9974164 0.0011628 -0.071827 0.9974164 0.0081975 -0.0713672 0.9974164 0.0151533 -0.07022 0.9974164 0.0219631 -0.0683966 0.9974164 0.0285613 -0.0659145 0.9974164 0.0348846 -0.0627976 0.9974164 0.0408718 -0.059076 0.9974164 0.0464655 -0.0547854 0.9974164 0.0516116 -0.0499671 0.9974164 0.0562608 -0.0446677 0.9974164 0.060368 -0.0389381 0.9974164 0.063894 -0.0328335 0.9974164 0.0668045 -0.0264127 0.9974164 0.0690718 -0.0197375 0.9974164 0.0706738 -0.0128723 0.9974164 0.0715952 -0.005883 0.9974164 0.071827 0.0011628 0.9974164 0.0713672 0.0081975 0.9974164 0.07022 0.0151533 0.9974164 0.0683966 0.0219631 0.9974164 0.0659145 0.0285613 0.9974164 0.0627976 0.0348846 0.9974164 0.059076 0.0408718 0.9974164 0.0547854 0.0464655 0.9974164 0.0499671 0.0516116 0.9974164 0.0446677 0.0562608 0.9974164 0.0389381 0.060368 0.9974164 0.0328335 0.063894 0.9974164 0.0264127 0.0668045 0.9974164 0.0197375 0.0690718 0.9974164 0.0128723 0.0706738 0.9974164 0.005883 0.0715952 0.9974164 -0.0011628 0.071827 0.9974164 -0.0081975 0.0713672 0.9974164 -0.0151533 0.07022 0.9974164 -0.0219631 0.0683966 0.9974164 -0.0285613 0.0659145 0.9974164 -0.0348846 0.0627976 0.9974164 -0.0408718 0.059076 0.9974164 -0.0464655 0.0547854 0.9974164 -0.0516116 0.0499671 0.9974164 -0.0562608 0.0446677 0.9974164 -0.060368 0.0389381 0.9974164 -0.063894 0.0328335 0.9974164 -0.0668045 0.0264127 0.9974164 -0.0690718 0.0197375 0.9974164 -0.0706738 0.0128723 0.9974164 -0.0715952 0.005883 0.9974164 -0.9976617 -0.0141348 0.0668674 -0.9914723 -0.1118547 0.0668674 -0.9757344 -0.2084974 0.0668674 -0.9505996 -0.3031321 0.0668674 -0.9163101 -0.3948475 0.0668674 -0.873196 -0.4827603 0.0668674 -0.8216725 -0.5660238 0.0668674 -0.7622359 -0.6438363 0.0668674 -0.6954586 -0.7154482 0.0668674 -0.6219835 -0.78017 0.0668674 -0.5425185 -0.8373783 0.0668674 -0.4578287 -0.8865222 0.0668674 -0.3687297 -0.9271284 0.0668674 -0.2760797 -0.9588059 0.0668674 -0.1807709 -0.9812495 0.0668674 -0.0837212 -0.9942432 0.0668674 0.0141348 -0.9976617 0.0668674 0.1118547 -0.9914723 0.0668674 0.2084974 -0.9757344 0.0668674 0.3031321 -0.9505996 0.0668674 0.3948475 -0.9163101 0.0668674 0.4827603 -0.873196 0.0668674 0.5660238 -0.8216725 0.0668674 0.6438363 -0.7622359 0.0668674 0.7154482 -0.6954586 0.0668674 0.78017 -0.6219835 0.0668674 0.8373783 -0.5425185 0.0668674 0.8865222 -0.4578287 0.0668674 0.9271284 -0.3687297 0.0668674 0.9588059 -0.2760797 0.0668674 0.9812495 -0.1807709 0.0668674 0.9942432 -0.0837212 0.0668674 0.9976617 0.0141348 0.0668674 0.9914723 0.1118547 0.0668674 0.9757344 0.2084974 0.0668674 0.9505996 0.3031321 0.0668674 0.9163101 0.3948475 0.0668674 0.873196 0.4827603 0.0668674 0.8216725 0.5660238 0.0668674 0.7622359 0.6438363 0.0668674 0.6954586 0.7154482 0.0668674 0.6219835 0.78017 0.0668674 0.5425185 0.8373783 0.0668674 0.4578287 0.8865222 0.0668674 0.3687297 0.9271284 0.0668674 0.2760797 0.9588059 0.0668674 0.1807709 0.9812495 0.0668674 0.0837212 0.9942432 0.0668674 -0.0141348 0.9976617 0.0668674 -0.1118547 0.9914723 0.0668674 -0.2084974 0.9757344 0.0668674 -0.3031321 0.9505996 0.0668674 -0.3948475 0.9163101 0.0668674 -0.4827603 0.873196 0.0668674 -0.5660238 0.8216725 0.0668674 -0.6438363 0.7622359 0.0668674 -0.7154482 0.6954586 0.0668674 -0.78017 0.6219835 0.0668674 -0.8373783 0.5425185 0.0668674 -0.8865222 0.4578287 0.0668674 -0.9271284 0.3687297 0.0668674 -0.9588059 0.2760797 0.0668674 -0.9812495 0.1807709 0.0668674 -0.9942432 0.0837212 0.0668674 -0.9976617 0.0141348 -0.0668674 -0.9942432 -0.0837212 -0.0668674 -0.9812495 -0.1807709 -0.0668674 -0.9588059 -0.2760797 -0.0668674 -0.9271284 -0.3687297 -0.0668674 -0.8865222 -0.4578287 -0.0668674 -0.8373783 -0.5425185 -0.0668674 -0.78017 -0.6219835 -0.0668674 -0.7154482 -0.6954586 -0.0668674 -0.6438363 -0.7622359 -0.0668674 -0.5660238 -0.8216725 -0.0668674 -0.4827603 -0.873196 -0.0668674 -0.3948475 -0.9163101 -0.0668674 -0.3031321 -0.9505996 -0.0668674 -0.2084974 -0.9757344 -0.0668674 -0.1118547 -0.9914723 -0.0668674 -0.0141348 -0.9976617 -0.0668674 0.0837212 -0.9942432 -0.0668674 0.1807709 -0.9812495 -0.0668674 0.2760797 -0.9588059 -0.0668674 0.3687297 -0.9271284 -0.0668674 0.4578287 -0.8865222 -0.0668674 0.5425185 -0.8373783 -0.0668674 0.6219835 -0.78017 -0.0668674 0.6954586 -0.7154482 -0.0668674 0.7622359 -0.6438363 -0.0668674 0.8216725 -0.5660238 -0.0668674 0.873196 -0.4827603 -0.0668674 0.9163101 -0.3948475 -0.0668674 0.9505996 -0.3031321 -0.0668674 0.9757344 -0.2084974 -0.0668674 0.9914723 -0.1118547 -0.0668674 0.9976617 -0.0141348 -0.0668674 0.9942432 0.0837212 -0.0668674 0.9812495 0.1807709 -0.0668674 0.9588059 0.2760797 -0.0668674 0.9271284 0.3687297 -0.0668674 0.8865222 0.4578287 -0.0668674 0.8373783 0.5425185 -0.0668674 0.78017 0.6219835 -0.0668674 0.7154482 0.6954586 -0.0668674 0.6438363 0.7622359 -0.0668674 0.5660238 0.8216725 -0.0668674 0.4827603 0.873196 -0.0668674 0.3948475 0.9163101 -0.0668674 0.3031321 0.9505996 -0.0668674 0.2084974 0.9757344 -0.0668674 0.1118547 0.9914723 -0.0668674 0.0141348 0.9976617 -0.0668674 -0.0837212 0.9942432 -0.0668674 -0.1807709 0.9812495 -0.0668674 -0.2760797 0.9588059 -0.0668674 -0.3687297 0.9271284 -0.0668674 -0.4578287 0.8865222 -0.0668674 -0.5425185 0.8373783 -0.0668674 -0.6219835 0.78017 -0.0668674 -0.6954586 0.7154482 -0.0668674 -0.7622359 0.6438363 -0.0668674 -0.8216725 0.5660238 -0.0668674 -0.873196 0.4827603 -0.0668674 -0.9163101 0.3948475 -0.0668674 -0.9505996 0.3031321 -0.0668674 -0.9757344 0.2084974 -0.0668674 -0.9914723 0.1118547 -0.0668674 -0.071827 0.0011628 -0.9974164 -0.0715952 -0.005883 -0.9974164 -0.0706738 -0.0128723 -0.9974164 -0.0690718 -0.0197375 -0.9974164 -0.0668045 -0.0264127 -0.9974164 -0.063894 -0.0328335 -0.9974164 -0.060368 -0.0389381 -0.9974164 -0.0562608 -0.0446677 -0.9974164 -0.0516116 -0.0499671 -0.9974164 -0.0464655 -0.0547854 -0.9974164 -0.0408718 -0.059076 -0.9974164 -0.0348846 -0.0627976 -0.9974164 -0.0285613 -0.0659145 -0.9974164 -0.0219631 -0.0683966 -0.9974164 -0.0151533 -0.07022 -0.9974164 -0.0081975 -0.0713672 -0.9974164 -0.0011628 -0.071827 -0.9974164 0.005883 -0.0715952 -0.9974164 0.0128723 -0.0706738 -0.9974164 0.0197375 -0.0690718 -0.9974164 0.0264127 -0.0668045 -0.9974164 0.0328335 -0.063894 -0.9974164 0.0389381 -0.060368 -0.9974164 0.0446677 -0.0562608 -0.9974164 0.0499671 -0.0516116 -0.9974164 0.0547854 -0.0464655 -0.9974164 0.059076 -0.0408718 -0.9974164 0.0627976 -0.0348846 -0.9974164 0.0659145 -0.0285613 -0.9974164 0.0683966 -0.0219631 -0.9974164 0.07022 -0.0151533 -0.9974164 0.0713672 -0.0081975 -0.9974164 0.071827 -0.0011628 -0.9974164 0.0715952 0.005883 -0.9974164 0.0706738 0.0128723 -0.9974164 0.0690718 0.0197375 -0.9974164 0.0668045 0.0264127 -0.9974164 0.063894 0.0328335 -0.9974164 0.060368 0.0389381 -0.9974164 0.0562608 0.0446677 -0.9974164 0.0516116 0.0499671 -0.9974164 0.0464655 0.0547854 -0.9974164 0.0408718 0.059076 -0.9974164 0.0348846 0.0627976 -0.9974164 0.0285613 0.0659145 -0.9974164 0.0219631 0.0683966 -0.9974164 0.0151533 0.07022 -0.9974164 0.0081975 0.0713672 -0.9974164 0.0011628 0.071827 -0.9974164 -0.005883 0.0715952 -0.9974164 -0.0128723 0.0706738 -0.9974164 -0.0197375 0.0690718 -0.9974164 -0.0264127 0.0668045 -0.9974164 -0.0328335 0.063894 -0.9974164 -0.0389381 0.060368 -0.9974164 -0.0446677 0.0562608 -0.9974164 -0.0499671 0.0516116 -0.9974164 -0.0547854 0.0464655 -0.9974164 -0.059076 0.0408718 -0.9974164 -0.0627976 0.0348846 -0.9974164 -0.0659145 0.0285613 -0.9974164 -0.0683966 0.0219631 -0.9974164 -0.07022 0.0151533 -0.9974164 -0.0713672 0.0081975 -0.9974164</float_array>
          <technique_common>
            <accessor source="#mesh9-normals-array" count="512" stride="3">
              <param name="X" type="float" />
              <param name="Y" type="float" />
              <param name="Z" type="float" />
            </accessor>
          </technique_common>
        </source>
        <vertices id="mesh9-vertices">
          <input semantic="POSITION" source="#mesh9-positions" />
        </vertices>
        <triangles count="1024" material="alloy">
          <input semantic="VERTEX" source="#mesh9-vertices" offset="0" />
          <input semantic="NORMAL" source="#mesh9-normals" offset="1" />
          <p>0 0 1 1 65 65 0 0 65 65 64 64 1 1 2 2 66 66 1 1 66 66 65 65 2 2 3 3 67 67 2 2 67 67 66 66 3 3 4 4 68 68 3 3 68 68 67 67 4 4 5 5 69 69 4 4 69 69 68 68 5 5 6 6 70 70 5 5 70 70 69 69 6 6 7 7 71 71 6 6 71 71 70 70 7 7 8 8 72 72 7 7 72 72 71 71 8 8 9 9 73 73 8 8 73 73 72 72 9 9 10 10 74 74 9 9 74 74 73 73 10 10 11 11 75 75 10 10 75 75 74 74 11 11 12 12 76 76 11 11 76 76 75 75 12 12 13 13 77 77 12 12 77 77 76 76 13 13 14 14 78 78 13 13 78 78 77 77 14 14 15 15 79 79 14 14 79 79 78 78 15 15 16 16 80 80 15 15 80 80 79 79 16 16 17 17 81 81 16 16 81 81 80 80 17 17 18 18 82 82 17 17 82 82 81 81 18 18 19 19 83 83 18 18 83 83 82 82 19 19 20 20 84 84 19 19 84 84 83 83 20 20 21 21 85 85 20 20 85 85 84 84 21 21 22 22 86 86 21 21 86 86 85 85 22 22 23 23 87 87 22 22 87 87 86 86 23 23 24 24 88 88 23 23 88 88 87 87 24 24 25 25 89 89 24 24 89 89 88 88 25 25 26 26 90 90 25 25 90 90 89 89 26 26 27 27 91 91 26 26 91 91 90 90 27 27 28 28 92 92 27 27 92 92 91 91 28 28 29 29 93 93 28 28 93 93 92 92 29 29 30 30 94 94 29 29 94 94 93 93 30 30 31 31 95 95 30 30 95 95 94 94 31 31 32 32 96 96 31 31 96 96 95 95 32 32 33 33 97 97 32 32 97 97 96 96 33 33 34 34 98 98 33 33 98 98 97 97 34 34 35 35 99 99 34 34 99 99 98 98 35 35 36 36 100 100 35 35 100 100 99 99 36 36 37 37 101 101 36 36 101 101 100 100 37 37 38 38 102 102 37 37 102 102 101 101 38 38 39 39 103 103 38 38 103 103 102 102 39 39 40 40 104 104 39 39 104 104 103 103 40 40 41 41 105 105 40 40 105 105 104 104 41 41 42 42 106 106 41 41 106 106 105 105 42 42 43 43 107 107 42 42 107 107 106 106 43 43 44 44 108 108 43 43 108 108 107 107 44 44 45 45 109 109 44 44 109 109 108 108 45 45 46 46 110 110 45 45 110 110 109 109 46 46 47 47 111 111 46 46 111 111 110 110 47 47 48 48 112 112 47 47 112 112 111 111 48 48 49 49 113 113 48 48 113 113 112 112 49 49 50 50 114 114 49 49 114 114 113 113 50 50 51 51 115 115 50 50 115 115 114 114 51 51 52 52 116 116 51 51 116 116 115 115 52 52 53 53 117 117 52 52 117 117 116 116 53 53 54 54 118 118 53 53 118 118 117 117 54 54 55 55 119 119 54 54 119 119 118 118 55 55 56 56 120 120 55 55 120 120 119 119 56 56 57 57 121 121 56 56 121 121 120 120 57 57 58 58 122 122 57 57 122 122 121 121 58 58 59 59 123 123 58 58 123 123 122 122 59 59 60 60 124 124 59 59 124 124 123 123 60 60 61 61 125 125 60 60 125 125 124 124 61 61 62 62 126 126 61 61 126 126 125 125 62 62 63 63 127 127 62 62 127 127 126 126 63 63 0 0 64 64 63 63 64 64 127 127 64 64 65 65 129 129 64 64 129 129 128 128 65 65 66 66 130 130 65 65 130 130 129 129 66 66 67 67 131 131 66 66 131 131 130 130 67 67 68 68 132 132 67 67 132 132 131 131 68 68 69 69 133 133 68 68 133 133 132 132 69 69 70 70 134 134 69 69 134 134 133 133 70 70 71 71 135 135 70 70 135 135 134 134 71 71 72 72 136 136 71 71 136 136 135 135 72 72 73 73 137 137 72 72 137 137 136 136 73 73 74 74 138 138 73 73 138 138 137 137 74 74 75 75 139 139 74 74 139 139 138 138 75 75 76 76 140 140 75 75 140 140 139 139 76 76 77 77 141 141 76 76 141 141 140 140 77 77 78 78 142 142 77 77 142 142 141 141 78 78 79 79 143 143 78 78 143 143 142 142 79 79 80 80 144 144 79 79 144 144 143 143 80 80 81 81 145 145 80 80 145 145 144 144 81 81 82 82 146 146 81 81 146 146 145 145 82 82 83 83 147 147 82 82 147 147 146 146 83 83 84 84 148 148 83 83 148 148 147 147 84 84 85 85 149 149 84 84 149 149 148 148 85 85 86 86 150 150 85 85 150 150 149 149 86 86 87 87 151 151 86 86 151 151 150 150 87 87 88 88 152 152 87 87 152 152 151 151 88 88 89 89 153 153 88 88 153 153 152 152 89 89 90 90 154 154 89 89 154 154 153 153 90 90 91 91 155 155 90 90 155 155 154 154 91 91 92 92 156 156 91 91 156 156 155 155 92 92 93 93 157 157 92 92 157 157 156 156 93 93 94 94 158 158 93 93 158 158 157 157 94 94 95 95 159 159 94 94 159 159 158 158 95 95 96 96 160 160 95 95 160 160 159 159 96 96 97 97 161 161 96 96 161 161 160 160 97 97 98 98 162 162 97 97 162 162 161 161 98 98 99 99 163 163 98 98 163 163 162 162 99 99 100 100 164 164 99 99 164 164 163 163 100 100 101 101 165 165 100 100 165 165 164 164 101 101 102 102 166 166 101 101 166 166 165 165 102 102 103 103 167 167 102 102 167 167 166 166 103 103 104 104 168 168 103 103 168 168 167 167 104 104 105 105 169 169 104 104 169 169 168 168 105 105 106 106 170 170 105 105 170 170 169 169 106 106 107 107 171 171 106 106 171 171 170 170 107 107 108 108 172 172 107 107 172 172 171 171 108 108 109 109 173 173 108 108 173 173 172 172 109 109 110 110 174 174 109 109 174 174 173 173 110 110 111 111 175 175 110 110 175 175 174 174 111 111 112 112 176 176 111 111 176 176 175 175 112 112 113 113 177 177 112 112 177 177 176 176 113 113 114 114 178 178 113 113 178 178 177 177 114 114 115 115 179 179 114 114 179 179 178 178 115 115 116 116 180 180 115 115 180 180 179 179 116 116 117 117 181 181 116 116 181 181 180 180 117 117 118 118 182 182 117 117 182 182 181 181 118 118 119 119 183 183 118 118 183 183 182 182 119 119 120 120 184 184 119 119 184 184 183 183 120 120 121 121 185 185 120 120 185 185 184 184 121 121 122 122 186 186 121 121 186 186 185 185 122 122 123 123 187 187 122 122 187 187 186 186 123 123 124 124 188 188 123 123 188 188 187 187 124 124 125 125 189 189 124 124 189 189 188 188 125 125 126 126 190 190 125 125 190 190 189 189 126 126 127 127 191 191 126 126 191 191 190 190 127 127 64 64 128 128 127 127 128 128 191 191 128 128 129 129 193 193 128 128 193 193 192 192 129 129 130 130 194 194 129 129 194 194 193 193 130 130 131 131 195 195 130 130 195 195 194 194 131 131 132 132 196 196 131 131 196 196 195 195 132 132 133 133 197 197 132 132 197 197 196 196 133 133 134 134 198 198 133 133 198 198 197 197 134 134 135 135 199 199 134 134 199 199 198 198 135 135 136 136 200 200 135 135 200 200 199 199 136 136 137 137 201 201 136 136 201 201 200 200 137 137 138 138 202 202 137 137 202 202 201 201 138 138 139 139 203 203 138 138 203 203 202 202 139 139 140 140 204 204 139 139 204 204 203 203 140 140 141 141 205 205 140 140 205 205 204 204 141 141 142 142 206 206 141 141 206 206 205 205 142 142 143 143 207 207 142 142 207 207 206 206 143 143 144 144 208 208 143 143 208 208 207 207 144 144 145 145 209 209 144 144 209 209 208 208 145 145 146 146 210 210 145 145 210 210 209 209 146 146 147 147 211 211 146 146 211 211 210 210 147 147 148 148 212 212 147 147 212 212 211 211 148 148 149 149 213 213 148 148 213 213 212 212 149 149 150 150 214 214 149 149 214 214 213 213 150 150 151 151 215 215 150 150 215 215 214 214 151 151 152 152 216 216 151 151 216 216 215 215 152 152 153 153 217 217 152 152 217 217 216 216 153 153 154 154 218 218 153 153 218 218 217 217 154 154 155 155 219 219 154 154 219 219 218 218 155 155 156 156 220 220 155 155 220 220 219 219 156 156 157 157 221 221 156 156 221 221 220 220 157 157 158 158 222 222 157 157 222 222 221 221 158 158 159 159 223 223 158 158 223 223 222 222 159 159 160 160 224 224 159 159 224 224 223 223 160 160 161 161 225 225 160 160 225 225 224 224 161 161 162 162 226 226 161 161 226 226 225 225 162 162 163 163 227 227 162 162 227 227 226 226 163 163 164 164 228 228 163 163 228 228 227 227 164 164 165 165 229 229 164 164 229 229 228 228 165 165 166 166 230 230 165 165 230 230 229 229 166 166 167 167 231 231 166 166 231 231 230 230 167 167 168 168 232 232 167 167 232 232 231 231 168 168 169 169 233 233 168 168 233 233 232 232 169 169 170 170 234 234 169 169 234 234 233 233 170 170 171 171 235 235 170 170 235 235 234 234 171 171 172 172 236 236 171 171 236 236 235 235 172 172 173 173 237 237 172 172 237 237 236 236 173 173 174 174 238 238 173 173 238 238 237 237 174 174 175 175 239 239 174 174 239 239 238 238 175 175 176 176 240 240 175 175 240 240 239 239 176 176 177 177 241 241 176 176 241 241 240 240 177 177 178 178 242 242 177 177 242 242 241 241 178 178 179 179 243 243 178 178 243 243 242 242 179 179 180 180 244 244 179 179 244 244 243 243 180 180 181 181 245 245 180 180 245 245 244 244 181 181 182 182 246 246 181 181 246 246 245 245 182 182 183 183 247 247 182 182 247 247 246 246 183 183 184 184 248 248 183 183 248 248 247 247 184 184 185 185 249 249 184 184 249 249 248 248 185 185 186 186 250 250 185 185 250 250 249 249 186 186 187 187 251 251 186 186 251 251 250 250 187 187 188 188 252 252 187 187 252 252 251 251 188 188 189 189 253 253 188 188 253 253 252 252 189 189 190 190 254 254 189 189 254 254 253 253 190 190 191 191 255 255 190 190 255 255 254 254 191 191 128 128 192 192 191 191 192 192 255 255 192 192 193 193 257 257 192 192 257 257 256 256 193 193 194 194 258 258 193 193 258 258 257 257 194 194 195 195 259 259 194 194 259 259 258 258 195 195 196 196 260 260 195 195 260 260 259 259 196 196 197 197 261 261 196 196 261 261 260 260 197 197 198 198 262 262 197 197 262 262 261 261 198 198 199 199 263 263 198 198 263 263 262 262 199 199 200 200 264 264 199 199 264 264 263 263 200 200 201 201 265 265 200 200 265 265 264 264 201 201 202 202 266 266 201 201 266 266 265 265 202 202 203 203 267 267 202 202 267 267 266 266 203 203 204 204 268 268 203 203 268 268 267 267 204 204 205 205 269 269 204 204 269 269 268 268 205 205 206 206 270 270 205 205 270 270 269 269 206 206 207 207 271 271 206 206 271 271 270 270 207 207 208 208 272 272 207 207 272 272 271 271 208 208 209 209 273 273 208 208 273 273 272 272 209 209 210 210 274 274 209 209 274 274 273 273 210 210 211 211 275 275 210 210 275 275 274 274 211 211 212 212 276 276 211 211 276 276 275 275 212 212 213 213 277 277 212 212 277 277 276 276 213 213 214 214 278 278 213 213 278 278 277 277 214 214 215 215 279 279 214 214 279 279 278 278 215 215 216 216 280 280 215 215 280 280 279 279 216 216 217 217 281 281 216 216 281 281 280 280 217 217 218 218 282 282 217 217 282 282 281 281 218 218 219 219 283 283 218 218 283 283 282 282 219 219 220 220 284 284 219 219 284 284 283 283 220 220 221 221 285 285 220 220 285 285 284 284 221 221 222 222 286 286 221 221 286 286 285 285 222 222 223 223 287 287 222 222 287 287 286 286 223 223 224 224 288 288 223 223 288 288 287 287 224 224 225 225 289 289 224 224 289 289 288 288 225 225 226 226 290 290 225 225 290 290 289 289 226 226 227 227 291 291 226 226 291 291 290 290 227 227 228 228 292 292 227 227 292 292 291 291 228 228 229 229 293 293 228 228 293 293 292 292 229 229 230 230 294 294 229 229 294 294 293 293 230 230 231 231 295 295 230 230 295 295 294 294 231 231 232 232 296 296 231 231 296 296 295 295 232 232 233 233 297 297 232 232 297 297 296 296 233 233 234 234 298 298 233 233 298 298 297 297 234 234 235 235 299 299 234 234 299 299 298 298 235 235 236 236 300 300 235 235 300 300 299 299 236 236 237 237 301 301 236 236 301 301 300 300 237 237 238 238 302 302 237 237 302 302 301 301 238 238 239 239 303 303 238 238 303 303 302 302 239 239 240 240 304 304 239 239 304 304 303 303 240 240 241 241 305 305 240 240 305 305 304 304 241 241 242 242 306 306 241 241 306 306 305 305 242 242 243 243 307 307 242 242 307 307 306 306 243 243 244 244 308 308 243 243 308 308 307 307 244 244 245 245 309 309 244 244 309 309 308 308 245 245 246 246 310 310 245 245 310 310 309 309 246 246 247 247 311 311 246 246 311 311 310 310 247 247 248 248 312 312 247 247 312 312 311 311 248 248 249 249 313 313 248 248 313 313 312 312 249 249 250 250 314 314 249 249 314 314 313 313 250 250 251 251 315 315 250 250 315 315 314 314 251 251 252 252 316 316 251 251 316 316 315 315 252 252 253 253 317 317 252 252 317 317 316 316 253 253 254 254 318 318 253 253 318 318 317 317 254 254 255 255 319 319 254 254 319 319 318 318 255 255 192 192 256 256 255 255 256 256 319 319 256 256 257 257 321 321 256 256 321 321 320 320 257 257 258 258 322 322 257 257 322 322 321 321 258 258 259 259 323 323 258 258 323 323 322 322 259 259 260 260 324 324 259 259 324 324 323 323 260 260 261 261 325 325 260 260 325 325 324 324 261 261 262 262 326 326 261 261 326 326 325 325 262 262 263 263 327 327 262 262 327 327 326 326 263 263 264 264 328 328 263 263 328 328 327 327 264 264 265 265 329 329 264 264 329 329 328 328 265 265 266 266 330 330 265 265 330 330 329 329 266 266 267 267 331 331 266 266 331 331 330 330 267 267 268 268 332 332 267 267 332 332 331 331 268 268 269 269 333 333 268 268 333 333 332 332 269 269 270 270 334 334 269 269 334 334 333 333 270 270 271 271 335 335 270 270 335 335 334 334 271 271 272 272 336 336 271 271 336 336 335 335 272 272 273 273 337 337 272 272 337 337 336 336 273 273 274 274 338 338 273 273 338 338 337 337 274 274 275 275 339 339 274 274 339 339 338 338 275 275 276 276 340 340 275 275 340 340 339 339 276 276 277 277 341 341 276 276 341 341 340 340 277 277 278 278 342 342 277 277 342 342 341 341 278 278 279 279 343 343 278 278 343 343 342 342 279 279 280 280 344 344 279 279 344 344 343 343 280 280 281 281 345 345 280 280 345 345 344 344 281 281 282 282 346 346 281 281 346 346 345 345 282 282 283 283 347 347 282 282 347 347 346 346 283 283 284 284 348 348 283 283 348 348 347 347 284 284 285 285 349 349 284 284 349 349 348 348 285 285 286 286 350 350 285 285 350 350 349 349 286 286 287 287 351 351 286 286 351 351 350 350 287 287 288 288 352 352 287 287 352 352 351 351 288 288 289 289 353 353 288 288 353 353 352 352 289 289 290 290 354 354 289 289 354 354 353 353 290 290 291 291 355 355 290 290 355 355 354 354 291 291 292 292 356 356 291 291 356 356 355 355 292 292 293 293 357 357 292 292 357 357 356 356 293 293 294 294 358 358 293 293 358 358 357 357 294 294 295 295 359 359 294 294 359 359 358 358 295 295 296 296 360 360 295 295 360 360 359 359 296 296 297 297 361 361 296 296 361 361 360 360 297 297 298 298 362 362 297 297 362 362 361 361 298 298 299 299 363 363 298 298 363 363 362 362 299 299 300 300 364 364 299 299 364 364 363 363 300 300 301 301 365 365 300 300 365 365 364 364 301 301 302 302 366 366 301 301 366 366 365 365 302 302 303 303 367 367 302 302 367 367 366 366 303 303 304 304 368 368 303 303 368 368 367 367 304 304 305 305 369 369 304 304 369 369 368 368 305 305 306 306 370 370 305 305 370 370 369 369 306 306 307 307 371 371 306 306 371 371 370 370 307 307 308 308 372 372 307 307 372 372 371 371 308 308 309 309 373 373 308 308 373 373 372 372 309 309 310 310 374 374 309 309 374 374 373 373 310 310 311 311 375 375 310 310 375 375 374 374 311 311 312 312 376 376 311 311 376 376 375 375 312 312 313 313 377 377 312 312 377 377 376 376 313 313 314 314 378 378 313 313 378 378 377 377 314 314 315 315 379 379 314 314 379 379 378 378 315 315 316 316 380 380 315 315 380 380 379 379 316 316 317 317 381 381 316 316 381 381 380 380 317 317 318 318 382 382 317 317 382 382 381 381 318 318 319 319 383 383 318 318 383 383 382 382 319 319 256 256 320 320 319 319 320 320 383 383 320 320 321 321 385 385 320 320 385 385 384 384 321 321 322 322 386 386 321 321 386 386 385 385 322 322 323 323 387 387 322 322 387 387 386 386 323 323 324 324 388 388 323 323 388 388 387 387 324 324 325 325 389 389 324 324 389 389 388 388 325 325 326 326 390 390 325 325 390 390 389 389 326 326 327 327 391 391 326 326 391 391 390 390 327 327 328 328 392 392 327 327 392 392 391 391 328 328 329 329 393 393 328 328 393 393 392 392 329 329 330 330 394 394 329 329 394 394 393 393 330 330 331 331 395 395 330 330 395 395 394 394 331 331 332 332 396 396 331 331 396 396 395 395 332 332 333 333 397 397 332 332 397 397 396 396 333 333 334 334 398 398 333 333 398 398 397 397 334 334 335 335 399 399 334 334 399 399 398 398 335 335 336 336 400 400 335 335 400 400 399 399 336 336 337 337 401 401 336 336 401 401 400 400 337 337 338 338 402 402 337 337 402 402 401 401 338 338 339 339 403 403 338 338 403 403 402 402 339 339 340 340 404 404 339 339 404 404 403 403 340 340 341 341 405 405 340 340 405 405 404 404 341 341 342 342 406 406 341 341 406 406 405 405 342 342 343 343 407 407 342 342 407 407 406 406 343 343 344 344 408 408 343 343 408 408 407 407 344 344 345 345 409 409 344 344 409 409 408 408 345 345 346 346 410 410 345 345 410 410 409 409 346 346 347 347 411 411 346 346 411 411 410 410 347 347 348 348 412 412 347 347 412 412 411 411 348 348 349 349 413 413 348 348 413 413 412 412 349 349 350 350 414 414 349 349 414 414 413 413 350 350 351 351 415 415 350 350 415 415 414 414 351 351 352 352 416 416 351 351 416 416 415 415 352 352 353 353 417 417 352 352 417 417 416 416 353 353 354 354 418 418 353 353 418 418 417 417 354 354 355 355 419 419 354 354 419 419 418 418 355 355 356 356 420 420 355 355 420 420 419 419 356 356 357 357 421 421 356 356 421 421 420 420 357 357 358 358 422 422 357 357 422 422 421 421 358 358 359 359 423 423 358 358 423 423 422 422 359 359 360 360 424 424 359 359 424 424 423 423 360 360 361 361 425 425 360 360 425 425 424 424 361 361 362 362 426 426 361 361 426 426 425 425 362 362 363 363 427 427 362 362 427 427 426 426 363 363 364 364 428 428 363 363 428 428 427 427 364 364 365 365 429 429 364 364 429 429 428 428 365 365 366 366 430 430 365 365 430 430 429 429 366 366 367 367 431 431 366 366 431 431 430 430 367 367 368 368 432 432 367 367 432 432 431 431 368 368 369 369 433 433 368 368 433 433 432 432 369 369 370 370 434 434 369 369 434 434 433 433 370 370 371 371 435 435 370 370 435 435 434 434 371 371 372 372 436 436 371 371 436 436 435 435 372 372 373 373 437 437 372 372 437 437 436 436 373 373 374 374 438 438 373 373 438 438 437 437 374 374 375 375 439 439 374 374 439 439 438 438 375 375 376 376 440 440 375 375 440 440 439 439 376 376 377 377 441 441 376 376 441 441 440 440 377 377 378 378 442 442 377 377 442 442 441 441 378 378 379 379 443 443 378 378 443 443 442 442 379 379 380 380 444 444 379 379 444 444 443 443 380 380 381 381 445 445 380 380 445 445 444 444 381 381 382 382 446 446 381 381 446 446 445 445 382 382 383 383 447 447 382 382 447 447 446 446 383 383 320 320 384 384 383 383 384 384 447 447 384 384 385 385 449 449 384 384 449 449 448 448 385 385 386 386 450 450 385 385 450 450 449 449 386 386 387 387 451 451 386 386 451 451 450 450 387 387 388 388 452 452 387 387 452 452 451 451 388 388 389 389 453 453 388 388 453 453 452 452 389 389 390 390 454 454 389 389 454 454 453 453 390 390 391 391 455 455 390 390 455 455 454 454 391 391 392 392 456 456 391 391 456 456 455 455 392 392 393 393 457 457 392 392 457 457 456 456 393 393 394 394 458 458 393 393 458 458 457 457 394 394 395 395 459 459 394 394 459 459 458 458 395 395 396 396 460 460 395 395 460 460 459 459 396 396 397 397 461 461 396 396 461 461 460 460 397 397 398 398 462 462 397 397 462 462 461 461 398 398 399 399 463 463 398 398 463 463 462 462 399 399 400 400 464 464 399 399 464 464 463 463 400 400 401 401 465 465 400 400 465 465 464 464 401 401 402 402 466 466 401 401 466 466 465 465 402 402 403 403 467 467 402 402 467 467 466 466 403 403 404 404 468 468 403 403 468 468 467 467 404 404 405 405 469 469 404 404 469 469 468 468 405 405 406 406 470 470 405 405 470 470 469 469 406 406 407 407 471 471 406 406 471 471 470 470 407 407 408 408 472 472 407 407 472 472 471 471 408 408 409 409 473 473 408 408 473 473 472 472 409 409 410 410 474 474 409 409 474 474 473 473 410 410 411 411 475 475 410 410 475 475 474 474 411 411 412 412 476 476 411 411 476 476 475 475 412 412 413 413 477 477 412 412 477 477 476 476 413 413 414 414 478 478 413 413 478 478 477 477 414 414 415 415 479 479 414 414 479 479 478 478 415 415 416 416 480 480 415 415 480 480 479 479 416 416 417 417 481 481 416 416 481 481 480 480 417 417 418 418 482 482 417 417 482 482 481 481 418 418 419 419 483 483 418 418 483 483 482 482 419 419 420 420 484 484 419 419 484 484 483 483 420 420 421 421 485 485 420 420 485 485 484 484 421 421 422 422 486 486 421 421 486 486 485 485 422 422 423 423 487 487 422 422 487 487 486 486 423 423 424 424 488 488 423 423 488 488 487 487 424 424 425 425 489 489 424 424 489 489 488 488 425 425 426 426 490 490 425 425 490 490 489 489 426 426 427 427 491 491 426 426 491 491 490 490 427 427 428 428 492 492 427 427 492 492 491 491 428 428 429 429 493 493 428 428 493 493 492 492 429 429 430 430 494 494 429 429 494 494 493 493 430 430 431 431 495 495 430 430 495 495 494 494 431 431 432 432 496 496 431 431 496 496 495 495 432 432 433 433 497 497 432 432 497 497 496 496 433 433 434 434 498 498 433 433 498 498 497 497 434 434 435 435 499 499 434 434 499 499 498 498 435 435 436 436 500 500 435 435 500 500 499 499 436 436 437 437 501 501 436 436 501 501 500 500 437 437 438 438 502 502 437 437 502 502 501 501 438 438 439 439 503 503 438 438 503 503 502 502 439 439 440 440 504 504 439 439 504 504 503 503 440 440 441 441 505 505 440 440 505 505 504 504 441 441 442 442 506 506 441 441 506 506 505 505 442 442 443 443 507 507 442 442 507 507 506 506 443 443 444 444 508 508 443 443 508 508 507 507 444 444 445 445 509 509 444 444 509 509 508 508 445 445 446 446 510 510 445 445 510 510 509 509 446 446 447 447 511 511 446 446 511 511 510 510 447 447 384 384 448 448 447 447 448 448 511 511 448 448 449 449 1 1 448 448 1 1 0 0 449 449 450 450 2 2 449 449 2 2 1 1 450 450 451 451 3 3 450 450 3 3 2 2 451 451 452 452 4 4 451 451 4 4 3 3 452 452 453 453 5 5 452 452 5 5 4 4 453 453 454 454 6 6 453 453 6 6 5 5 454 454 455 455 7 7 454 454 7 7 6 6 455 455 456 456 8 8 455 455 8 8 7 7 456 456 457 457 9 9 456 456 9 9 8 8 457 457 458 458 10 10 457 457 10 10 9 9 458 458 459 459 11 11 458 458 11 11 10 10 459 459 460 460 12 12 459 459 12 12 11 11 460 460 461 461 13 13 460 460 13 13 12 12 461 461 462 462 14 14 461 461 14 14 13 13 462 462 463 463 15 15 462 462 15 15 14 14 463 463 464 464 16 16 463 463 16 16 15 15 464 464 465 465 17 17 464 464 17 17 16 16 465 465 466 466 18 18 465 465 18 18 17 17 466 466 467 467 19 19 466 466 19 19 18 18 467 467 468 468 20 20 467 467 20 20 19 19 468 468 469 469 21 21 468 468 21 21 20 20 469 469 470 470 22 22 469 469 22 22 21 21 470 470 471 471 23 23 470 470 23 23 22 22 471 471 472 472 24 24 471 471 24 24 23 23 472 472 473 473 25 25 472 472 25 25 24 24 473 473 474 474 26 26 473 473 26 26 25 25 474 474 475 475 27 27 474 474 27 27 26 26 475 475 476 476 28 28 475 475 28 28 27 27 476 476 477 477 29 29 476 476 29 29 28 28 477 477 478 478 30 30 477 477 30 30 29 29 478 478 479 479 31 31 478 478 31 31 30 30 479 479 480 480 32 32 479 479 32 32 31 31 480 480 481 481 33 33 480 480 33 33 32 32 481 481 482 482 34 34 481 481 34 34 33 33 482 482 483 483 35 35 482 482 35 35 34 34 483 483 484 484 36 36 483 483 36 36 35 35 484 484 485 485 37 37 484 484 37 37 36 36 485 485 486 486 38 38 485 485 38 38 37 37 486 486 487 487 39 39 486 486 39 39 38 38 487 487 488 488 40 40 487 487 40 40 39 39 488 488 489 489 41 41 488 488 41 41 40 40 489 489 490 490 42 42 489 489 42 42 41 41 490 490 491 491 43 43 490 490 43 43 42 42 491 491 492 492 44 44 491 491 44 44 43 43 492 492 493 493 45 45 492 492 45 45 44 44 493 493 494 494 46 46 493 493 46 46 45 45 494 494 495 495 47 47 494 494 47 47 46 46 495 495 496 496 48 48 495 495 48 48 47 47 496 496 497 497 49 49 496 496 49 49 48 48 497 497 498 498 50 50 497 497 50 50 49 49 498 498 499 499 51 51 498 498 51 51 50 50 499 499 500 500 52 52 499 499 52 52 51 51 500 500 501 501 53 53 500 500 53 53 52 52 501 501 502 502 54 54 501 501 54 54 53 53 502 502 503 503 55 55 502 502 55 55 54 54 503 503 504 504 56 56 503 503 56 56 55 55 504 504 505 505 57 57 504 504 57 57 56 56 505 505 506 506 58 58 505 505 58 58 57 57 506 506 507 507 59 59 506 506 59 59 58 58 507 507 508 508 60 60 507 507 60 60 59 59 508 508 509 509 61 61 508 508 61 61 60 60 509 509 510 510 62 62 509 509 62 62 61 61 510 510 511 511 63 63 510 510 63 63 62 62 511 511 448 448 0 0 511 511 0 0 63 63</p>
        </triangles>
      </mesh>
    </geometry>
    <geometry id="mesh10">
      <mesh>
        <source id="mesh10-positions">
          <float_array id="mesh10-positions-array" count="774">0.061 0.0 0.021 0.0607063 0.005979 0.021 0.0598279 0.0119005 0.021 0.0583734 0.0177074 0.021 0.0563567 0.0233437 0.021 0.0537972 0.0287552 0.021 0.0507196 0.0338898 0.021 0.0471536 0.038698 0.021 0.0431335 0.0431335 0.021 0.038698 0.0471536 0.021 0.0338898 0.0507196 0.021 0.0287552 0.0537972 0.021 0.0233437 0.0563567 0.021 0.0177074 0.0583734 0.021 0.0119005 0.0598279 0.021 0.005979 0.0607063 0.021 0.0 0.061 0.021 -0.005979 0.0607063 0.021 -0.0119005 0.0598279 0.021 -0.0177074 0.0583734 0.021 -0.0233437 0.0563567 0.021 -0.0287552 0.0537972 0.021 -0.0338898 0.0507196 0.021 -0.038698 0.0471536 0.021 -0.0431335 0.0431335 0.021 -0.0471536 0.038698 0.021 -0.0507196 0.0338898 0.021 -0.0537972 0.0287552 0.021 -0.0563567 0.0233437 0.021 -0.0583734 0.0177074 0.021 -0.0598279 0.0119005 0.021 -0.0607063 0.005979 0.021 -0.061 0.0 0.021 -0.0607063 -0.005979 0.021 -0.0598279 -0.0119005 0.021 -0.0583734 -0.0177074 0.021 -0.0563567 -0.0233437 0.021 -0.0537972 -0.0287552 0.021 -0.0507196 -0.0338898 0.021 -0.0471536 -0.038698 0.021 -0.0431335 -0.0431335 0.021 -0.038698 -0.0471536 0.021 -0.0338898 -0.0507196 0.021 -0.0287552 -0.0537972 0.021 -0.0233437 -0.0563567 0.021 -0.0177074 -0.0583734 0.021 -0.0119005 -0.0598279 0.021 -0.005979 -0.0607063 0.021 -0.0 -0.061 0.021 0.005979 -0.0607063 0.021 0.0119005 -0.0598279 0.021 0.0177074 -0.0583734 0.021 0.0233437 -0.0563567 0.021 0.0287552 -0.0537972 0.021 0.0338898 -0.0507196 0.021 0.038698 -0.0471536 0.021 0.0431335 -0.0431335 0.021 0.0471536 -0.038698 0.021 0.0507196 -0.0338898 0.021 0.0537972 -0.0287552 0.021 0.0563567 -0.0233437 0.021 0.0583734 -0.0177074 0.021 0.0598279 -0.0119005 0.021 0.0607063 -0.005979 0.021 0.062 0.0 0.022 0.0617015 0.0060771 0.022 0.0608087 0.0120956 0.022 0.0593303 0.0179976 0.022 0.0572805 0.0237264 0.022 0.0546791 0.0292266 0.022 0.0515511 0.0344454 0.022 0.0479266 0.0393324 0.022 0.0438406 0.0438406 0.022 0.0393324 0.0479266 0.022 0.0344454 0.0515511 0.022 0.0292266 0.0546791 0.022 0.0237264 0.0572805 0.022 0.0179976 0.0593303 0.022 0.0120956 0.0608087 0.022 0.0060771 0.0617015 0.022 0.0 0.062 0.022 -0.0060771 0.0617015 0.022 -0.0120956 0.0608087 0.022 -0.0179976 0.0593303 0.022 -0.0237264 0.0572805 0.022 -0.0292266 0.0546791 0.022 -0.0344454 0.0515511 0.022 -0.0393324 0.0479266 0.022 -0.0438406 0.0438406 0.022 -0.0479266 0.0393324 0.022 -0.0515511 0.0344454 0.022 -0.0546791 0.0292266 0.022 -0.0572805 0.0237264 0.022 -0.0593303 0.0179976 0.022 -0.0608087 0.0120956 0.022 -0.0617015 0.0060771 0.022 -0.062 0.0 0.022 -0.0617015 -0.0060771 0.022 -0.0608087 -0.0120956 0.022 -0.0593303 -0.0179976 0.022 -0.0572805 -0.0237264 0.022 -0.0546791 -0.0292266 0.022 -0.0515511 -0.0344454 0.022 -0.0479266 -0.0393324 0.022 -0.0438406 -0.0438406 0.022 -0.0393324 -0.0479266 0.022 -0.0344454 -0.0515511 0.022 -0.0292266 -0.0546791 0.022 -0.0237264 -0.0572805 0.022 -0.0179976 -0.0593303 0.022 -0.0120956 -0.0608087 0.022 -0.0060771 -0.0617015 0.022 -0.0 -0.062 0.022 0.0060771 -0.0617015 0.022 0.0120956 -0.0608087 0.022 0.0179976 -0.0593303 0.022 0.0237264 -0.0572805 0.022 0.0292266 -0.0546791 0.022 0.0344454 -0.0515511 0.022 0.0393324 -0.0479266 0.022 0.0438406 -0.0438406 0.022 0.0479266 -0.0393324 0.022 0.0515511 -0.0344454 0.022 0.0546791 -0.0292266 0.022 0.0572805 -0.0237264 0.022 0.0593303 -0.0179976 0.022 0.0608087 -0.0120956 0.022 0.0617015 -0.0060771 0.022 0.062 0.0 0.028 0.0617015 0.0060771 0.028 0.0608087 0.0120956 0.028 0.0593303 0.0179976 0.028 0.0572805 0.0237264 0.028 0.0546791 0.0292266 0.028 0.0515511 0.0344454 0.028 0.0479266 0.0393324 0.028 0.0438406 0.0438406 0.028 0.0393324 0.0479266 0.028 0.0344454 0.0515511 0.028 0.0292266 0.0546791 0.028 0.0237264 0.0572805 0.028 0.0179976 0.0593303 0.028 0.0120956 0.0608087 0.028 0.0060771 0.0617015 0.028 0.0 0.062 0.028 -0.0060771 0.0617015 0.028 -0.0120956 0.0608087 0.028 -0.0179976 0.0593303 0.028 -0.0237264 0.0572805 0.028 -0.0292266 0.0546791 0.028 -0.0344454 0.0515511 0.028 -0.0393324 0.0479266 0.028 -0.0438406 0.0438406 0.028 -0.0479266 0.0393324 0.028 -0.0515511 0.0344454 0.028 -0.0546791 0.0292266 0.028 -0.0572805 0.0237264 0.028 -0.0593303 0.0179976 0.028 -0.0608087 0.0120956 0.028 -0.0617015 0.0060771 0.028 -0.062 0.0 0.028 -0.0617015 -0.0060771 0.028 -0.0608087 -0.0120956 0.028 -0.0593303 -0.0179976 0.028 -0.0572805 -0.0237264 0.028 -0.0546791 -0.0292266 0.028 -0.0515511 -0.0344454 0.028 -0.0479266 -0.0393324 0.028 -0.0438406 -0.0438406 0.028 -0.0393324 -0.0479266 0.028 -0.0344454 -0.0515511 0.028 -0.0292266 -0.0546791 0.028 -0.0237264 -0.0572805 0.028 -0.0179976 -0.0593303 0.028 -0.0120956 -0.0608087 0.028 -0.0060771 -0.0617015 0.028 -0.0 -0.062 0.028 0.0060771 -0.0617015 0.028 0.0120956 -0.0608087 0.028 0.0179976 -0.0593303 0.028 0.0237264 -0.0572805 0.028 0.0292266 -0.0546791 0.028 0.0344454 -0.0515511 0.028 0.0393324 -0.0479266 0.028 0.0438406 -0.0438406 0.028 0.0479266 -0.0393324 0.028 0.0515511 -0.0344454 0.028 0.0546791 -0.0292266 0.028 0.0572805 -0.0237264 0.028 0.0593303 -0.0179976 0.028 0.0608087 -0.0120956 0.028 0.0617015 -0.0060771 0.028 0.061 0.0 0.029 0.0607063 0.005979 0.029 0.0598279 0.0119005 0.029 0.0583734 0.0177074 0.029 0.0563567 0.0233437 0.029 0.0537972 0.0287552 0.029 0.0507196 0.0338898 0.029 0.0471536 0.038698 0.029 0.0431335 0.0431335 0.029 0.038698 0.0471536 0.029 0.0338898 0.0507196 0.029 0.0287552 0.0537972 0.029 0.0233437 0.0563567 0.029 0.0177074 0.0583734 0.029 0.0119005 0.0598279 0.029 0.005979 0.0607063 0.029 0.0 0.061 0.029 -0.005979 0.0607063 0.029 -0.0119005 0.0598279 0.029 -0.0177074 0.0583734 0.029 -0.0233437 0.0563567 0.029 -0.0287552 0.0537972 0.029 -0.0338898 0.0507196 0.029 -0.038698 0.0471536 0.029 -0.0431335 0.0431335 0.029 -0.0471536 0.038698 0.029 -0.0507196 0.0338898 0.029 -0.0537972 0.0287552 0.029 -0.0563567 0.0233437 0.029 -0.0583734 0.0177074 0.029 -0.0598279 0.0119005 0.029 -0.0607063 0.005979 0.029 -0.061 0.0 0.029 -0.0607063 -0.005979 0.029 -0.0598279 -0.0119005 0.029 -0.0583734 -0.0177074 0.029 -0.0563567 -0.0233437 0.029 -0.0537972 -0.0287552 0.029 -0.0507196 -0.0338898 0.029 -0.0471536 -0.038698 0.029 -0.0431335 -0.0431335 0.029 -0.038698 -0.0471536 0.029 -0.0338898 -0.0507196 0.029 -0.0287552 -0.0537972 0.029 -0.0233437 -0.0563567 0.029 -0.0177074 -0.0583734 0.029 -0.0119005 -0.0598279 0.029 -0.005979 -0.0607063 0.029 -0.0 -0.061 0.029 0.005979 -0.0607063 0.029 0.0119005 -0.0598279 0.029 0.0177074 -0.0583734 0.029 0.0233437 -0.0563567 0.029 0.0287552 -0.0537972 0.029 0.0338898 -0.0507196 0.029 0.038698 -0.0471536 0.029 0.0431335 -0.0431335 0.029 0.0471536 -0.038698 0.029 0.0507196 -0.0338898 0.029 0.0537972 -0.0287552 0.029 0.0563567 -0.0233437 0.029 0.0583734 -0.0177074 0.029 0.0598279 -0.0119005 0.029 0.0607063 -0.005979 0.029 -0.0 -0.0 0.021 -0.0 -0.0 0.029</float_array>
          <technique_common>
            <accessor source="#mesh10-positions-array" count="258" stride="3">
              <param name="X" type="float" />
              <param name="Y" type="float" />
              <param name="Z" type="float" />
            </accessor>
          </technique_common>
        </source>
        <source id="mesh10-normals">
          <float_array id="mesh10-normals-array" count="774">0.024121 0.0003993 -0.999709 0.0239657 0.0027616 -0.999709 0.0235796 0.0050974 -0.999709 0.0229664 0.007384 -0.999709 0.0221321 0.0095996 -0.999709 0.0210846 0.0117227 -0.999709 0.019834 0.0137329 -0.999709 0.0183924 0.0156108 -0.999709 0.0167738 0.0173384 -0.999709 0.0149935 0.0188991 -0.999709 0.0130689 0.0202777 -0.999709 0.0110184 0.021461 -0.999709 0.0088618 0.0224377 -0.999709 0.0066198 0.0231982 -0.999709 0.0043141 0.0237354 -0.999709 0.0019669 0.0240439 -0.999709 -0.0003993 0.024121 -0.999709 -0.0027616 0.0239657 -0.999709 -0.0050974 0.0235796 -0.999709 -0.007384 0.0229664 -0.999709 -0.0095996 0.0221321 -0.999709 -0.0117227 0.0210846 -0.999709 -0.0137329 0.019834 -0.999709 -0.0156108 0.0183924 -0.999709 -0.0173384 0.0167738 -0.999709 -0.0188991 0.0149935 -0.999709 -0.0202777 0.0130689 -0.999709 -0.021461 0.0110184 -0.999709 -0.0224377 0.0088618 -0.999709 -0.0231982 0.0066198 -0.999709 -0.0237354 0.0043141 -0.999709 -0.0240439 0.0019669 -0.999709 -0.024121 -0.0003993 -0.999709 -0.0239657 -0.0027616 -0.999709 -0.0235796 -0.0050974 -0.999709 -0.0229664 -0.007384 -0.999709 -0.0221321 -0.0095996 -0.999709 -0.0210846 -0.0117227 -0.999709 -0.019834 -0.0137329 -0.999709 -0.0183924 -0.0156108 -0.999709 -0.0167738 -0.0173384 -0.999709 -0.0149935 -0.0188991 -0.999709 -0.0130689 -0.0202777 -0.999709 -0.0110184 -0.021461 -0.999709 -0.0088618 -0.0224377 -0.999709 -0.0066198 -0.0231982 -0.999709 -0.0043141 -0.0237354 -0.999709 -0.0019669 -0.0240439 -0.999709 0.0003993 -0.024121 -0.999709 0.0027616 -0.0239657 -0.999709 0.0050974 -0.0235796 -0.999709 0.007384 -0.0229664 -0.999709 0.0095996 -0.0221321 -0.999709 0.0117227 -0.0210846 -0.999709 0.0137329 -0.019834 -0.999709 0.0156108 -0.0183924 -0.999709 0.0173384 -0.0167738 -0.999709 0.0188991 -0.0149935 -0.999709 0.0202777 -0.0130689 -0.999709 0.021461 -0.0110184 -0.999709 0.0224377 -0.0088618 -0.999709 0.0231982 -0.0066198 -0.999709 0.0237354 -0.0043141 -0.999709 0.0240439 -0.0019669 -0.999709 0.9899737 0.0116259 -0.1407726 0.9840672 0.1086043 -0.1407726 0.9686835 0.2045368 -0.1407726 0.9439709 0.2984995 -0.1407726 0.9101674 0.3895874 -0.1407726 0.8675985 0.4769235 -0.1407726 0.8166741 0.5596665 -0.1407726 0.7578846 0.6370196 -0.1407726 0.6917964 0.7082378 -0.1407726 0.6190457 0.7726354 -0.1407726 0.5403334 0.829592 -0.1407726 0.4564173 0.8785593 -0.1407726 0.3681056 0.9190655 -0.1407726 0.2762489 0.9507206 -0.1407726 0.1817318 0.9732197 -0.1407726 0.0854645 0.9863462 -0.1407726 -0.0116259 0.9899737 -0.1407726 -0.1086043 0.9840672 -0.1407726 -0.2045368 0.9686835 -0.1407726 -0.2984995 0.9439709 -0.1407726 -0.3895874 0.9101674 -0.1407726 -0.4769235 0.8675985 -0.1407726 -0.5596665 0.8166741 -0.1407726 -0.6370196 0.7578846 -0.1407726 -0.7082378 0.6917964 -0.1407726 -0.7726354 0.6190457 -0.1407726 -0.829592 0.5403334 -0.1407726 -0.8785593 0.4564173 -0.1407726 -0.9190655 0.3681056 -0.1407726 -0.9507206 0.2762489 -0.1407726 -0.9732197 0.1817318 -0.1407726 -0.9863462 0.0854645 -0.1407726 -0.9899737 -0.0116259 -0.1407726 -0.9840672 -0.1086043 -0.1407726 -0.9686835 -0.2045368 -0.1407726 -0.9439709 -0.2984995 -0.1407726 -0.9101674 -0.3895874 -0.1407726 -0.8675985 -0.4769235 -0.1407726 -0.8166741 -0.5596665 -0.1407726 -0.7578846 -0.6370196 -0.1407726 -0.6917964 -0.7082378 -0.1407726 -0.6190457 -0.7726354 -0.1407726 -0.5403334 -0.829592 -0.1407726 -0.4564173 -0.8785593 -0.1407726 -0.3681056 -0.9190655 -0.1407726 -0.2762489 -0.9507206 -0.1407726 -0.1817318 -0.9732197 -0.1407726 -0.0854645 -0.9863462 -0.1407726 0.0116259 -0.9899737 -0.1407726 0.1086043 -0.9840672 -0.1407726 0.2045368 -0.9686835 -0.1407726 0.2984995 -0.9439709 -0.1407726 0.3895874 -0.9101674 -0.1407726 0.4769235 -0.8675985 -0.1407726 0.5596665 -0.8166741 -0.1407726 0.6370196 -0.7578846 -0.1407726 0.7082378 -0.6917964 -0.1407726 0.7726354 -0.6190457 -0.1407726 0.829592 -0.5403334 -0.1407726 0.8785593 -0.4564173 -0.1407726 0.9190655 -0.3681056 -0.1407726 0.9507206 -0.2762489 -0.1407726 0.9732197 -0.1817318 -0.1407726 0.9863462 -0.0854645 -0.1407726 0.9899737 -0.0116259 0.1407726 0.9863462 0.0854645 0.1407726 0.9732197 0.1817318 0.1407726 0.9507206 0.2762489 0.1407726 0.9190655 0.3681056 0.1407726 0.8785593 0.4564173 0.1407726 0.829592 0.5403334 0.1407726 0.7726354 0.6190457 0.1407726 0.7082378 0.6917964 0.1407726 0.6370196 0.7578846 0.1407726 0.5596665 0.8166741 0.1407726 0.4769235 0.8675985 0.1407726 0.3895874 0.9101674 0.1407726 0.2984995 0.9439709 0.1407726 0.2045368 0.9686835 0.1407726 0.1086043 0.9840672 0.1407726 0.0116259 0.9899737 0.1407726 -0.0854645 0.9863462 0.1407726 -0.1817318 0.9732197 0.1407726 -0.2762489 0.9507206 0.1407726 -0.3681056 0.9190655 0.1407726 -0.4564173 0.8785593 0.1407726 -0.5403334 0.829592 0.1407726 -0.6190457 0.7726354 0.1407726 -0.6917964 0.7082378 0.1407726 -0.7578846 0.6370196 0.1407726 -0.8166741 0.5596665 0.1407726 -0.8675985 0.4769235 0.1407726 -0.9101674 0.3895874 0.1407726 -0.9439709 0.2984995 0.1407726 -0.9686835 0.2045368 0.1407726 -0.9840672 0.1086043 0.1407726 -0.9899737 0.0116259 0.1407726 -0.9863462 -0.0854645 0.1407726 -0.9732197 -0.1817318 0.1407726 -0.9507206 -0.2762489 0.1407726 -0.9190655 -0.3681056 0.1407726 -0.8785593 -0.4564173 0.1407726 -0.829592 -0.5403334 0.1407726 -0.7726354 -0.6190457 0.1407726 -0.7082378 -0.6917964 0.1407726 -0.6370196 -0.7578846 0.1407726 -0.5596665 -0.8166741 0.1407726 -0.4769235 -0.8675985 0.1407726 -0.3895874 -0.9101674 0.1407726 -0.2984995 -0.9439709 0.1407726 -0.2045368 -0.9686835 0.1407726 -0.1086043 -0.9840672 0.1407726 -0.0116259 -0.9899737 0.1407726 0.0854645 -0.9863462 0.1407726 0.1817318 -0.9732197 0.1407726 0.2762489 -0.9507206 0.1407726 0.3681056 -0.9190655 0.1407726 0.4564173 -0.8785593 0.1407726 0.5403334 -0.829592 0.1407726 0.6190457 -0.7726354 0.1407726 0.6917964 -0.7082378 0.1407726 0.7578846 -0.6370196 0.1407726 0.8166741 -0.5596665 0.1407726 0.8675985 -0.4769235 0.1407726 0.9101674 -0.3895874 0.1407726 0.9439709 -0.2984995 0.1407726 0.9686835 -0.2045368 0.1407726 0.9840672 -0.1086043 0.1407726 0.024121 -0.0003993 0.999709 0.0240439 0.0019669 0.999709 0.0237354 0.0043141 0.999709 0.0231982 0.0066198 0.999709 0.0224377 0.0088618 0.999709 0.021461 0.0110184 0.999709 0.0202777 0.0130689 0.999709 0.0188991 0.0149935 0.999709 0.0173384 0.0167738 0.999709 0.0156108 0.0183924 0.999709 0.0137329 0.019834 0.999709 0.0117227 0.0210846 0.999709 0.0095996 0.0221321 0.999709 0.007384 0.0229664 0.999709 0.0050974 0.0235796 0.999709 0.0027616 0.0239657 0.999709 0.0003993 0.024121 0.999709 -0.0019669 0.0240439 0.999709 -0.0043141 0.0237354 0.999709 -0.0066198 0.0231982 0.999709 -0.0088618 0.0224377 0.999709 -0.0110184 0.021461 0.999709 -0.0130689 0.0202777 0.999709 -0.0149935 0.0188991 0.999709 -0.0167738 0.0173384 0.999709 -0.0183924 0.0156108 0.999709 -0.019834 0.0137329 0.999709 -0.0210846 0.0117227 0.999709 -0.0221321 0.0095996 0.999709 -0.0229664 0.007384 0.999709 -0.0235796 0.0050974 0.999709 -0.0239657 0.0027616 0.999709 -0.024121 0.0003993 0.999709 -0.0240439 -0.0019669 0.999709 -0.0237354 -0.0043141 0.999709 -0.0231982 -0.0066198 0.999709 -0.0224377 -0.0088618 0.999709 -0.021461 -0.0110184 0.999709 -0.0202777 -0.0130689 0.999709 -0.0188991 -0.0149935 0.999709 -0.0173384 -0.0167738 0.999709 -0.0156108 -0.0183924 0.999709 -0.0137329 -0.019834 0.999709 -0.0117227 -0.0210846 0.999709 -0.0095996 -0.0221321 0.999709 -0.007384 -0.0229664 0.999709 -0.0050974 -0.0235796 0.999709 -0.0027616 -0.0239657 0.999709 -0.0003993 -0.024121 0.999709 0.0019669 -0.0240439 0.999709 0.0043141 -0.0237354 0.999709 0.0066198 -0.0231982 0.999709 0.0088618 -0.0224377 0.999709 0.0110184 -0.021461 0.999709 0.0130689 -0.0202777 0.999709 0.0149935 -0.0188991 0.999709 0.0167738 -0.0173384 0.999709 0.0183924 -0.0156108 0.999709 0.019834 -0.0137329 0.999709 0.0210846 -0.0117227 0.999709 0.0221321 -0.0095996 0.999709 0.0229664 -0.007384 0.999709 0.0235796 -0.0050974 0.999709 0.0239657 -0.0027616 0.999709 -0.0 0.0 -1.0 -0.0 0.0 1.0</float_array>
          <technique_common>
            <accessor source="#mesh10-normals-array" count="258" stride="3">
              <param name="X" type="float" />
              <param name="Y" type="float" />
              <param name="Z" type="float" />
            </accessor>
          </technique_common>
        </source>
        <vertices id="mesh10-vertices">
          <input semantic="POSITION" source="#mesh10-positions" />
        </vertices>
        <triangles count="512" material="graphite">
          <input semantic="VERTEX" source="#mesh10-vertices" offset="0" />
          <input semantic="NORMAL" source="#mesh10-normals" offset="1" />
          <p>0 0 1 1 65 65 0 0 65 65 64 64 1 1 2 2 66 66 1 1 66 66 65 65 2 2 3 3 67 67 2 2 67 67 66 66 3 3 4 4 68 68 3 3 68 68 67 67 4 4 5 5 69 69 4 4 69 69 68 68 5 5 6 6 70 70 5 5 70 70 69 69 6 6 7 7 71 71 6 6 71 71 70 70 7 7 8 8 72 72 7 7 72 72 71 71 8 8 9 9 73 73 8 8 73 73 72 72 9 9 10 10 74 74 9 9 74 74 73 73 10 10 11 11 75 75 10 10 75 75 74 74 11 11 12 12 76 76 11 11 76 76 75 75 12 12 13 13 77 77 12 12 77 77 76 76 13 13 14 14 78 78 13 13 78 78 77 77 14 14 15 15 79 79 14 14 79 79 78 78 15 15 16 16 80 80 15 15 80 80 79 79 16 16 17 17 81 81 16 16 81 81 80 80 17 17 18 18 82 82 17 17 82 82 81 81 18 18 19 19 83 83 18 18 83 83 82 82 19 19 20 20 84 84 19 19 84 84 83 83 20 20 21 21 85 85 20 20 85 85 84 84 21 21 22 22 86 86 21 21 86 86 85 85 22 22 23 23 87 87 22 22 87 87 86 86 23 23 24 24 88 88 23 23 88 88 87 87 24 24 25 25 89 89 24 24 89 89 88 88 25 25 26 26 90 90 25 25 90 90 89 89 26 26 27 27 91 91 26 26 91 91 90 90 27 27 28 28 92 92 27 27 92 92 91 91 28 28 29 29 93 93 28 28 93 93 92 92 29 29 30 30 94 94 29 29 94 94 93 93 30 30 31 31 95 95 30 30 95 95 94 94 31 31 32 32 96 96 31 31 96 96 95 95 32 32 33 33 97 97 32 32 97 97 96 96 33 33 34 34 98 98 33 33 98 98 97 97 34 34 35 35 99 99 34 34 99 99 98 98 35 35 36 36 100 100 35 35 100 100 99 99 36 36 37 37 101 101 36 36 101 101 100 100 37 37 38 38 102 102 37 37 102 102 101 101 38 38 39 39 103 103 38 38 103 103 102 102 39 39 40 40 104 104 39 39 104 104 103 103 40 40 41 41 105 105 40 40 105 105 104 104 41 41 42 42 106 106 41 41 106 106 105 105 42 42 43 43 107 107 42 42 107 107 106 106 43 43 44 44 108 108 43 43 108 108 107 107 44 44 45 45 109 109 44 44 109 109 108 108 45 45 46 46 110 110 45 45 110 110 109 109 46 46 47 47 111 111 46 46 111 111 110 110 47 47 48 48 112 112 47 47 112 112 111 111 48 48 49 49 113 113 48 48 113 113 112 112 49 49 50 50 114 114 49 49 114 114 113 113 50 50 51 51 115 115 50 50 115 115 114 114 51 51 52 52 116 116 51 51 116 116 115 115 52 52 53 53 117 117 52 52 117 117 116 116 53 53 54 54 118 118 53 53 118 118 117 117 54 54 55 55 119 119 54 54 119 119 118 118 55 55 56 56 120 120 55 55 120 120 119 119 56 56 57 57 121 121 56 56 121 121 120 120 57 57 58 58 122 122 57 57 122 122 121 121 58 58 59 59 123 123 58 58 123 123 122 122 59 59 60 60 124 124 59 59 124 124 123 123 60 60 61 61 125 125 60 60 125 125 124 124 61 61 62 62 126 126 61 61 126 126 125 125 62 62 63 63 127 127 62 62 127 127 126 126 63 63 0 0 64 64 63 63 64 64 127 127 64 64 65 65 129 129 64 64 129 129 128 128 65 65 66 66 130 130 65 65 130 130 129 129 66 66 67 67 131 131 66 66 131 131 130 130 67 67 68 68 132 132 67 67 132 132 131 131 68 68 69 69 133 133 68 68 133 133 132 132 69 69 70 70 134 134 69 69 134 134 133 133 70 70 71 71 135 135 70 70 135 135 134 134 71 71 72 72 136 136 71 71 136 136 135 135 72 72 73 73 137 137 72 72 137 137 136 136 73 73 74 74 138 138 73 73 138 138 137 137 74 74 75 75 139 139 74 74 139 139 138 138 75 75 76 76 140 140 75 75 140 140 139 139 76 76 77 77 141 141 76 76 141 141 140 140 77 77 78 78 142 142 77 77 142 142 141 141 78 78 79 79 143 143 78 78 143 143 142 142 79 79 80 80 144 144 79 79 144 144 143 143 80 80 81 81 145 145 80 80 145 145 144 144 81 81 82 82 146 146 81 81 146 146 145 145 82 82 83 83 147 147 82 82 147 147 146 146 83 83 84 84 148 148 83 83 148 148 147 147 84 84 85 85 149 149 84 84 149 149 148 148 85 85 86 86 150 150 85 85 150 150 149 149 86 86 87 87 151 151 86 86 151 151 150 150 87 87 88 88 152 152 87 87 152 152 151 151 88 88 89 89 153 153 88 88 153 153 152 152 89 89 90 90 154 154 89 89 154 154 153 153 90 90 91 91 155 155 90 90 155 155 154 154 91 91 92 92 156 156 91 91 156 156 155 155 92 92 93 93 157 157 92 92 157 157 156 156 93 93 94 94 158 158 93 93 158 158 157 157 94 94 95 95 159 159 94 94 159 159 158 158 95 95 96 96 160 160 95 95 160 160 159 159 96 96 97 97 161 161 96 96 161 161 160 160 97 97 98 98 162 162 97 97 162 162 161 161 98 98 99 99 163 163 98 98 163 163 162 162 99 99 100 100 164 164 99 99 164 164 163 163 100 100 101 101 165 165 100 100 165 165 164 164 101 101 102 102 166 166 101 101 166 166 165 165 102 102 103 103 167 167 102 102 167 167 166 166 103 103 104 104 168 168 103 103 168 168 167 167 104 104 105 105 169 169 104 104 169 169 168 168 105 105 106 106 170 170 105 105 170 170 169 169 106 106 107 107 171 171 106 106 171 171 170 170 107 107 108 108 172 172 107 107 172 172 171 171 108 108 109 109 173 173 108 108 173 173 172 172 109 109 110 110 174 174 109 109 174 174 173 173 110 110 111 111 175 175 110 110 175 175 174 174 111 111 112 112 176 176 111 111 176 176 175 175 112 112 113 113 177 177 112 112 177 177 176 176 113 113 114 114 178 178 113 113 178 178 177 177 114 114 115 115 179 179 114 114 179 179 178 178 115 115 116 116 180 180 115 115 180 180 179 179 116 116 117 117 181 181 116 116 181 181 180 180 117 117 118 118 182 182 117 117 182 182 181 181 118 118 119 119 183 183 118 118 183 183 182 182 119 119 120 120 184 184 119 119 184 184 183 183 120 120 121 121 185 185 120 120 185 185 184 184 121 121 122 122 186 186 121 121 186 186 185 185 122 122 123 123 187 187 122 122 187 187 186 186 123 123 124 124 188 188 123 123 188 188 187 187 124 124 125 125 189 189 124 124 189 189 188 188 125 125 126 126 190 190 125 125 190 190 189 189 126 126 127 127 191 191 126 126 191 191 190 190 127 127 64 64 128 128 127 127 128 128 191 191 128 128 129 129 193 193 128 128 193 193 192 192 129 129 130 130 194 194 129 129 194 194 193 193 130 130 131 131 195 195 130 130 195 195 194 194 131 131 132 132 196 196 131 131 196 196 195 195 132 132 133 133 197 197 132 132 197 197 196 196 133 133 134 134 198 198 133 133 198 198 197 197 134 134 135 135 199 199 134 134 199 199 198 198 135 135 136 136 200 200 135 135 200 200 199 199 136 136 137 137 201 201 136 136 201 201 200 200 137 137 138 138 202 202 137 137 202 202 201 201 138 138 139 139 203 203 138 138 203 203 202 202 139 139 140 140 204 204 139 139 204 204 203 203 140 140 141 141 205 205 140 140 205 205 204 204 141 141 142 142 206 206 141 141 206 206 205 205 142 142 143 143 207 207 142 142 207 207 206 206 143 143 144 144 208 208 143 143 208 208 207 207 144 144 145 145 209 209 144 144 209 209 208 208 145 145 146 146 210 210 145 145 210 210 209 209 146 146 147 147 211 211 146 146 211 211 210 210 147 147 148 148 212 212 147 147 212 212 211 211 148 148 149 149 213 213 148 148 213 213 212 212 149 149 150 150 214 214 149 149 214 214 213 213 150 150 151 151 215 215 150 150 215 215 214 214 151 151 152 152 216 216 151 151 216 216 215 215 152 152 153 153 217 217 152 152 217 217 216 216 153 153 154 154 218 218 153 153 218 218 217 217 154 154 155 155 219 219 154 154 219 219 218 218 155 155 156 156 220 220 155 155 220 220 219 219 156 156 157 157 221 221 156 156 221 221 220 220 157 157 158 158 222 222 157 157 222 222 221 221 158 158 159 159 223 223 158 158 223 223 222 222 159 159 160 160 224 224 159 159 224 224 223 223 160 160 161 161 225 225 160 160 225 225 224 224 161 161 162 162 226 226 161 161 226 226 225 225 162 162 163 163 227 227 162 162 227 227 226 226 163 163 164 164 228 228 163 163 228 228 227 227 164 164 165 165 229 229 164 164 229 229 228 228 165 165 166 166 230 230 165 165 230 230 229 229 166 166 167 167 231 231 166 166 231 231 230 230 167 167 168 168 232 232 167 167 232 232 231 231 168 168 169 169 233 233 168 168 233 233 232 232 169 169 170 170 234 234 169 169 234 234 233 233 170 170 171 171 235 235 170 170 235 235 234 234 171 171 172 172 236 236 171 171 236 236 235 235 172 172 173 173 237 237 172 172 237 237 236 236 173 173 174 174 238 238 173 173 238 238 237 237 174 174 175 175 239 239 174 174 239 239 238 238 175 175 176 176 240 240 175 175 240 240 239 239 176 176 177 177 241 241 176 176 241 241 240 240 177 177 178 178 242 242 177 177 242 242 241 241 178 178 179 179 243 243 178 178 243 243 242 242 179 179 180 180 244 244 179 179 244 244 243 243 180 180 181 181 245 245 180 180 245 245 244 244 181 181 182 182 246 246 181 181 246 246 245 245 182 182 183 183 247 247 182 182 247 247 246 246 183 183 184 184 248 248 183 183 248 248 247 247 184 184 185 185 249 249 184 184 249 249 248 248 185 185 186 186 250 250 185 185 250 250 249 249 186 186 187 187 251 251 186 186 251 251 250 250 187 187 188 188 252 252 187 187 252 252 251 251 188 188 189 189 253 253 188 188 253 253 252 252 189 189 190 190 254 254 189 189 254 254 253 253 190 190 191 191 255 255 190 190 255 255 254 254 191 191 128 128 192 192 191 191 192 192 255 255 256 256 1 1 0 0 256 256 2 2 1 1 256 256 3 3 2 2 256 256 4 4 3 3 256 256 5 5 4 4 256 256 6 6 5 5 256 256 7 7 6 6 256 256 8 8 7 7 256 256 9 9 8 8 256 256 10 10 9 9 256 256 11 11 10 10 256 256 12 12 11 11 256 256 13 13 12 12 256 256 14 14 13 13 256 256 15 15 14 14 256 256 16 16 15 15 256 256 17 17 16 16 256 256 18 18 17 17 256 256 19 19 18 18 256 256 20 20 19 19 256 256 21 21 20 20 256 256 22 22 21 21 256 256 23 23 22 22 256 256 24 24 23 23 256 256 25 25 24 24 256 256 26 26 25 25 256 256 27 27 26 26 256 256 28 28 27 27 256 256 29 29 28 28 256 256 30 30 29 29 256 256 31 31 30 30 256 256 32 32 31 31 256 256 33 33 32 32 256 256 34 34 33 33 256 256 35 35 34 34 256 256 36 36 35 35 256 256 37 37 36 36 256 256 38 38 37 37 256 256 39 39 38 38 256 256 40 40 39 39 256 256 41 41 40 40 256 256 42 42 41 41 256 256 43 43 42 42 256 256 44 44 43 43 256 256 45 45 44 44 256 256 46 46 45 45 256 256 47 47 46 46 256 256 48 48 47 47 256 256 49 49 48 48 256 256 50 50 49 49 256 256 51 51 50 50 256 256 52 52 51 51 256 256 53 53 52 52 256 256 54 54 53 53 256 256 55 55 54 54 256 256 56 56 55 55 256 256 57 57 56 56 256 256 58 58 57 57 256 256 59 59 58 58 256 256 60 60 59 59 256 256 61 61 60 60 256 256 62 62 61 61 256 256 63 63 62 62 256 256 0 0 63 63 257 257 192 192 193 193 257 257 193 193 194 194 257 257 194 194 195 195 257 257 195 195 196 196 257 257 196 196 197 197 257 257 197 197 198 198 257 257 198 198 199 199 257 257 199 199 200 200 257 257 200 200 201 201 257 257 201 201 202 202 257 257 202 202 203 203 257 257 203 203 204 204 257 257 204 204 205 205 257 257 205 205 206 206 257 257 206 206 207 207 257 257 207 207 208 208 257 257 208 208 209 209 257 257 209 209 210 210 257 257 210 210 211 211 257 257 211 211 212 212 257 257 212 212 213 213 257 257 213 213 214 214 257 257 214 214 215 215 257 257 215 215 216 216 257 257 216 216 217 217 257 257 217 217 218 218 257 257 218 218 219 219 257 257 219 219 220 220 257 257 220 220 221 221 257 257 221 221 222 222 257 257 222 222 223 223 257 257 223 223 224 224 257 257 224 224 225 225 257 257 225 225 226 226 257 257 226 226 227 227 257 257 227 227 228 228 257 257 228 228 229 229 257 257 229 229 230 230 257 257 230 230 231 231 257 257 231 231 232 232 257 257 232 232 233 233 257 257 233 233 234 234 257 257 234 234 235 235 257 257 235 235 236 236 257 257 236 236 237 237 257 257 237 237 238 238 257 257 238 238 239 239 257 257 239 239 240 240 257 257 240 240 241 241 257 257 241 241 242 242 257 257 242 242 243 243 257 257 243 243 244 244 257 257 244 244 245 245 257 257 245 245 246 246 257 257 246 246 247 247 257 257 247 247 248 248 257 257 248 248 249 249 257 257 249 249 250 250 257 257 250 250 251 251 257 257 251 251 252 252 257 257 252 252 253 253 257 257 253 253 254 254 257 257 254 254 255 255 257 257 255 255 192 192</p>
        </triangles>
      </mesh>
    </geometry>
    <geometry id="mesh11">
      <mesh>
        <source id="mesh11-positions">
          <float_array id="mesh11-positions-array" count="438">0.052 0.0015 0.026 0.0519231 0.0022804 0.026 0.0516955 0.0030307 0.026 0.0513259 0.0037223 0.026 0.0508284 0.0043284 0.026 0.0502223 0.0048259 0.026 0.0495307 0.0051955 0.026 0.0487804 0.0054231 0.026 0.048 0.0055 0.026 0.014 0.0055 0.026 0.0132196 0.0054231 0.026 0.0124693 0.0051955 0.026 0.0117777 0.0048259 0.026 0.0111716 0.0043284 0.026 0.0106741 0.0037223 0.026 0.0103045 0.0030307 0.026 0.0100769 0.0022804 0.026 0.01 0.0015 0.026 0.01 -0.0015 0.026 0.0100769 -0.0022804 0.026 0.0103045 -0.0030307 0.026 0.0106741 -0.0037223 0.026 0.0111716 -0.0043284 0.026 0.0117777 -0.0048259 0.026 0.0124693 -0.0051955 0.026 0.0132196 -0.0054231 0.026 0.014 -0.0055 0.026 0.048 -0.0055 0.026 0.0487804 -0.0054231 0.026 0.0495307 -0.0051955 0.026 0.0502223 -0.0048259 0.026 0.0508284 -0.0043284 0.026 0.0513259 -0.0037223 0.026 0.0516955 -0.0030307 0.026 0.0519231 -0.0022804 0.026 0.052 -0.0015 0.026 0.053 0.0015 0.027 0.0529039 0.0024755 0.027 0.0526194 0.0034134 0.027 0.0521573 0.0042779 0.027 0.0515355 0.0050355 0.027 0.0507779 0.0056573 0.027 0.0499134 0.0061194 0.027 0.0489755 0.0064039 0.027 0.048 0.0065 0.027 0.014 0.0065 0.027 0.0130245 0.0064039 0.027 0.0120866 0.0061194 0.027 0.0112221 0.0056573 0.027 0.0104645 0.0050355 0.027 0.0098427 0.0042779 0.027 0.0093806 0.0034134 0.027 0.0090961 0.0024755 0.027 0.009 0.0015 0.027 0.009 -0.0015 0.027 0.0090961 -0.0024755 0.027 0.0093806 -0.0034134 0.027 0.0098427 -0.0042779 0.027 0.0104645 -0.0050355 0.027 0.0112221 -0.0056573 0.027 0.0120866 -0.0061194 0.027 0.0130245 -0.0064039 0.027 0.014 -0.0065 0.027 0.048 -0.0065 0.027 0.0489755 -0.0064039 0.027 0.0499134 -0.0061194 0.027 0.0507779 -0.0056573 0.027 0.0515355 -0.0050355 0.027 0.0521573 -0.0042779 0.027 0.0526194 -0.0034134 0.027 0.0529039 -0.0024755 0.027 0.053 -0.0015 0.027 0.053 0.0015 0.031 0.0529039 0.0024755 0.031 0.0526194 0.0034134 0.031 0.0521573 0.0042779 0.031 0.0515355 0.0050355 0.031 0.0507779 0.0056573 0.031 0.0499134 0.0061194 0.031 0.0489755 0.0064039 0.031 0.048 0.0065 0.031 0.014 0.0065 0.031 0.0130245 0.0064039 0.031 0.0120866 0.0061194 0.031 0.0112221 0.0056573 0.031 0.0104645 0.0050355 0.031 0.0098427 0.0042779 0.031 0.0093806 0.0034134 0.031 0.0090961 0.0024755 0.031 0.009 0.0015 0.031 0.009 -0.0015 0.031 0.0090961 -0.0024755 0.031 0.0093806 -0.0034134 0.031 0.0098427 -0.0042779 0.031 0.0104645 -0.0050355 0.031 0.0112221 -0.0056573 0.031 0.0120866 -0.0061194 0.031 0.0130245 -0.0064039 0.031 0.014 -0.0065 0.031 0.048 -0.0065 0.031 0.0489755 -0.0064039 0.031 0.0499134 -0.0061194 0.031 0.0507779 -0.0056573 0.031 0.0515355 -0.0050355 0.031 0.0521573 -0.0042779 0.031 0.0526194 -0.0034134 0.031 0.0529039 -0.0024755 0.031 0.053 -0.0015 0.031 0.052 0.0015 0.032 0.0519231 0.0022804 0.032 0.0516955 0.0030307 0.032 0.0513259 0.0037223 0.032 0.0508284 0.0043284 0.032 0.0502223 0.0048259 0.032 0.0495307 0.0051955 0.032 0.0487804 0.0054231 0.032 0.048 0.0055 0.032 0.014 0.0055 0.032 0.0132196 0.0054231 0.032 0.0124693 0.0051955 0.032 0.0117777 0.0048259 0.032 0.0111716 0.0043284 0.032 0.0106741 0.0037223 0.032 0.0103045 0.0030307 0.032 0.0100769 0.0022804 0.032 0.01 0.0015 0.032 0.01 -0.0015 0.032 0.0100769 -0.0022804 0.032 0.0103045 -0.0030307 0.032 0.0106741 -0.0037223 0.032 0.0111716 -0.0043284 0.032 0.0117777 -0.0048259 0.032 0.0124693 -0.0051955 0.032 0.0132196 -0.0054231 0.032 0.014 -0.0055 0.032 0.048 -0.0055 0.032 0.0487804 -0.0054231 0.032 0.0495307 -0.0051955 0.032 0.0502223 -0.0048259 0.032 0.0508284 -0.0043284 0.032 0.0513259 -0.0037223 0.032 0.0516955 -0.0030307 0.032 0.0519231 -0.0022804 0.032 0.052 -0.0015 0.032 0.031 -0.0 0.026 0.031 -0.0 0.032</float_array>
          <technique_common>
            <accessor source="#mesh11-positions-array" count="146" stride="3">
              <param name="X" type="float" />
              <param name="Y" type="float" />
              <param name="Z" type="float" />
            </accessor>
          </technique_common>
        </source>
        <source id="mesh11-normals">
          <float_array id="mesh11-normals-array" count="438">0.0563532 0.0020491 -0.9984088 0.0698369 0.0166625 -0.9974193 0.0672766 0.0309003 -0.9972558 0.0637513 0.0461811 -0.9968967 0.0588763 0.0635125 -0.9962428 0.0519352 0.0844835 -0.9950705 0.0415009 0.1120076 -0.9928404 0.0243523 0.152367 -0.9880239 0.0002844 0.2544809 -0.9670778 -0.0007482 0.1546954 -0.9879619 -0.0358097 0.150088 -0.9880239 -0.0498558 0.1085469 -0.9928404 -0.0581778 0.0803123 -0.9950705 -0.0635125 0.0588763 -0.9962428 -0.0670624 0.0412258 -0.9968967 -0.0694215 0.025722 -0.9972558 -0.0708974 0.0113313 -0.9974193 -0.0783411 0.000888 -0.9969262 -0.0563532 -0.0020491 -0.9984088 -0.0698369 -0.0166625 -0.9974193 -0.0672766 -0.0309003 -0.9972558 -0.0637513 -0.0461811 -0.9968967 -0.0588763 -0.0635125 -0.9962428 -0.0519352 -0.0844835 -0.9950705 -0.0415009 -0.1120076 -0.9928404 -0.0243523 -0.152367 -0.9880239 -0.0002844 -0.2544809 -0.9670778 0.0007482 -0.1546954 -0.9879619 0.0358097 -0.150088 -0.9880239 0.0498558 -0.1085469 -0.9928404 0.0581778 -0.0803123 -0.9950705 0.0635125 -0.0588763 -0.9962428 0.0670624 -0.0412258 -0.9968967 0.0694215 -0.025722 -0.9972558 0.0708974 -0.0113313 -0.9974193 0.0783411 -0.000888 -0.9969262 0.9672369 0.0312309 -0.2519473 0.9593983 0.2121657 -0.185851 0.8995723 0.3952583 -0.185851 0.8051762 0.5631614 -0.185851 0.6798376 0.7094225 -0.185851 0.5283732 0.8284209 -0.185851 0.3566038 0.9155835 -0.185851 0.1711303 0.9675608 -0.185851 0.0017763 0.9934815 -0.11398 -0.0038656 0.9512603 -0.308365 -0.2121657 0.9593983 -0.185851 -0.3952583 0.8995723 -0.185851 -0.5631614 0.8051762 -0.185851 -0.7094225 0.6798376 -0.185851 -0.8284209 0.5283732 -0.185851 -0.9155835 0.3566038 -0.185851 -0.9675608 0.1711303 -0.185851 -0.9894212 0.0168822 -0.1440859 -0.9672369 -0.0312309 -0.2519473 -0.9593983 -0.2121657 -0.185851 -0.8995723 -0.3952583 -0.185851 -0.8051762 -0.5631614 -0.185851 -0.6798376 -0.7094225 -0.185851 -0.5283732 -0.8284209 -0.185851 -0.3566038 -0.9155835 -0.185851 -0.1711303 -0.9675608 -0.185851 -0.0017763 -0.9934815 -0.11398 0.0038656 -0.9512603 -0.308365 0.2121657 -0.9593983 -0.185851 0.3952583 -0.8995723 -0.185851 0.5631614 -0.8051762 -0.185851 0.7094225 -0.6798376 -0.185851 0.8284209 -0.5283732 -0.185851 0.9155835 -0.3566038 -0.185851 0.9675608 -0.1711303 -0.185851 0.9894212 -0.0168822 -0.1440859 0.9894212 0.0168822 0.1440859 0.9675608 0.1711303 0.185851 0.9155835 0.3566038 0.185851 0.8284209 0.5283732 0.185851 0.7094225 0.6798376 0.185851 0.5631614 0.8051762 0.185851 0.3952583 0.8995723 0.185851 0.2121657 0.9593983 0.185851 0.0038656 0.9512603 0.308365 -0.0017763 0.9934815 0.11398 -0.1711303 0.9675608 0.185851 -0.3566038 0.9155835 0.185851 -0.5283732 0.8284209 0.185851 -0.6798376 0.7094225 0.185851 -0.8051762 0.5631614 0.185851 -0.8995723 0.3952583 0.185851 -0.9593983 0.2121657 0.185851 -0.9672369 0.0312309 0.2519473 -0.9894212 -0.0168822 0.1440859 -0.9675608 -0.1711303 0.185851 -0.9155835 -0.3566038 0.185851 -0.8284209 -0.5283732 0.185851 -0.7094225 -0.6798376 0.185851 -0.5631614 -0.8051762 0.185851 -0.3952583 -0.8995723 0.185851 -0.2121657 -0.9593983 0.185851 -0.0038656 -0.9512603 0.308365 0.0017763 -0.9934815 0.11398 0.1711303 -0.9675608 0.185851 0.3566038 -0.9155835 0.185851 0.5283732 -0.8284209 0.185851 0.6798376 -0.7094225 0.185851 0.8051762 -0.5631614 0.185851 0.8995723 -0.3952583 0.185851 0.9593983 -0.2121657 0.185851 0.9672369 -0.0312309 0.2519473 0.0783411 0.000888 0.9969262 0.0708974 0.0113313 0.9974193 0.0694215 0.025722 0.9972558 0.0670624 0.0412258 0.9968967 0.0635125 0.0588763 0.9962428 0.0581778 0.0803123 0.9950705 0.0498558 0.1085469 0.9928404 0.0358097 0.150088 0.9880239 0.0007482 0.1546954 0.9879619 -0.0002844 0.2544809 0.9670778 -0.0243523 0.152367 0.9880239 -0.0415009 0.1120076 0.9928404 -0.0519352 0.0844835 0.9950705 -0.0588763 0.0635125 0.9962428 -0.0637513 0.0461811 0.9968967 -0.0672766 0.0309003 0.9972558 -0.0698369 0.0166625 0.9974193 -0.0563532 0.0020491 0.9984088 -0.0783411 -0.000888 0.9969262 -0.0708974 -0.0113313 0.9974193 -0.0694215 -0.025722 0.9972558 -0.0670624 -0.0412258 0.9968967 -0.0635125 -0.0588763 0.9962428 -0.0581778 -0.0803123 0.9950705 -0.0498558 -0.1085469 0.9928404 -0.0358097 -0.150088 0.9880239 -0.0007482 -0.1546954 0.9879619 0.0002844 -0.2544809 0.9670778 0.0243523 -0.152367 0.9880239 0.0415009 -0.1120076 0.9928404 0.0519352 -0.0844835 0.9950705 0.0588763 -0.0635125 0.9962428 0.0637513 -0.0461811 0.9968967 0.0672766 -0.0309003 0.9972558 0.0698369 -0.0166625 0.9974193 0.0563532 -0.0020491 0.9984088 -0.0 0.0 -1.0 0.0 0.0 1.0</float_array>
          <technique_common>
            <accessor source="#mesh11-normals-array" count="146" stride="3">
              <param name="X" type="float" />
              <param name="Y" type="float" />
              <param name="Z" type="float" />
            </accessor>
          </technique_common>
        </source>
        <vertices id="mesh11-vertices">
          <input semantic="POSITION" source="#mesh11-positions" />
        </vertices>
        <triangles count="288" material="alloy">
          <input semantic="VERTEX" source="#mesh11-vertices" offset="0" />
          <input semantic="NORMAL" source="#mesh11-normals" offset="1" />
          <p>0 0 1 1 37 37 0 0 37 37 36 36 1 1 2 2 38 38 1 1 38 38 37 37 2 2 3 3 39 39 2 2 39 39 38 38 3 3 4 4 40 40 3 3 40 40 39 39 4 4 5 5 41 41 4 4 41 41 40 40 5 5 6 6 42 42 5 5 42 42 41 41 6 6 7 7 43 43 6 6 43 43 42 42 7 7 8 8 44 44 7 7 44 44 43 43 8 8 9 9 45 45 8 8 45 45 44 44 9 9 10 10 46 46 9 9 46 46 45 45 10 10 11 11 47 47 10 10 47 47 46 46 11 11 12 12 48 48 11 11 48 48 47 47 12 12 13 13 49 49 12 12 49 49 48 48 13 13 14 14 50 50 13 13 50 50 49 49 14 14 15 15 51 51 14 14 51 51 50 50 15 15 16 16 52 52 15 15 52 52 51 51 16 16 17 17 53 53 16 16 53 53 52 52 17 17 18 18 54 54 17 17 54 54 53 53 18 18 19 19 55 55 18 18 55 55 54 54 19 19 20 20 56 56 19 19 56 56 55 55 20 20 21 21 57 57 20 20 57 57 56 56 21 21 22 22 58 58 21 21 58 58 57 57 22 22 23 23 59 59 22 22 59 59 58 58 23 23 24 24 60 60 23 23 60 60 59 59 24 24 25 25 61 61 24 24 61 61 60 60 25 25 26 26 62 62 25 25 62 62 61 61 26 26 27 27 63 63 26 26 63 63 62 62 27 27 28 28 64 64 27 27 64 64 63 63 28 28 29 29 65 65 28 28 65 65 64 64 29 29 30 30 66 66 29 29 66 66 65 65 30 30 31 31 67 67 30 30 67 67 66 66 31 31 32 32 68 68 31 31 68 68 67 67 32 32 33 33 69 69 32 32 69 69 68 68 33 33 34 34 70 70 33 33 70 70 69 69 34 34 35 35 71 71 34 34 71 71 70 70 35 35 0 0 36 36 35 35 36 36 71 71 36 36 37 37 73 73 36 36 73 73 72 72 37 37 38 38 74 74 37 37 74 74 73 73 38 38 39 39 75 75 38 38 75 75 74 74 39 39 40 40 76 76 39 39 76 76 75 75 40 40 41 41 77 77 40 40 77 77 76 76 41 41 42 42 78 78 41 41 78 78 77 77 42 42 43 43 79 79 42 42 79 79 78 78 43 43 44 44 80 80 43 43 80 80 79 79 44 44 45 45 81 81 44 44 81 81 80 80 45 45 46 46 82 82 45 45 82 82 81 81 46 46 47 47 83 83 46 46 83 83 82 82 47 47 48 48 84 84 47 47 84 84 83 83 48 48 49 49 85 85 48 48 85 85 84 84 49 49 50 50 86 86 49 49 86 86 85 85 50 50 51 51 87 87 50 50 87 87 86 86 51 51 52 52 88 88 51 51 88 88 87 87 52 52 53 53 89 89 52 52 89 89 88 88 53 53 54 54 90 90 53 53 90 90 89 89 54 54 55 55 91 91 54 54 91 91 90 90 55 55 56 56 92 92 55 55 92 92 91 91 56 56 57 57 93 93 56 56 93 93 92 92 57 57 58 58 94 94 57 57 94 94 93 93 58 58 59 59 95 95 58 58 95 95 94 94 59 59 60 60 96 96 59 59 96 96 95 95 60 60 61 61 97 97 60 60 97 97 96 96 61 61 62 62 98 98 61 61 98 98 97 97 62 62 63 63 99 99 62 62 99 99 98 98 63 63 64 64 100 100 63 63 100 100 99 99 64 64 65 65 101 101 64 64 101 101 100 100 65 65 66 66 102 102 65 65 102 102 101 101 66 66 67 67 103 103 66 66 103 103 102 102 67 67 68 68 104 104 67 67 104 104 103 103 68 68 69 69 105 105 68 68 105 105 104 104 69 69 70 70 106 106 69 69 106 106 105 105 70 70 71 71 107 107 70 70 107 107 106 106 71 71 36 36 72 72 71 71 72 72 107 107 72 72 73 73 109 109 72 72 109 109 108 108 73 73 74 74 110 110 73 73 110 110 109 109 74 74 75 75 111 111 74 74 111 111 110 110 75 75 76 76 112 112 75 75 112 112 111 111 76 76 77 77 113 113 76 76 113 113 112 112 77 77 78 78 114 114 77 77 114 114 113 113 78 78 79 79 115 115 78 78 115 115 114 114 79 79 80 80 116 116 79 79 116 116 115 115 80 80 81 81 117 117 80 80 117 117 116 116 81 81 82 82 118 118 81 81 118 118 117 117 82 82 83 83 119 119 82 82 119 119 118 118 83 83 84 84 120 120 83 83 120 120 119 119 84 84 85 85 121 121 84 84 121 121 120 120 85 85 86 86 122 122 85 85 122 122 121 121 86 86 87 87 123 123 86 86 123 123 122 122 87 87 88 88 124 124 87 87 124 124 123 123 88 88 89 89 125 125 88 88 125 125 124 124 89 89 90 90 126 126 89 89 126 126 125 125 90 90 91 91 127 127 90 90 127 127 126 126 91 91 92 92 128 128 91 91 128 128 127 127 92 92 93 93 129 129 92 92 129 129 128 128 93 93 94 94 130 130 93 93 130 130 129 129 94 94 95 95 131 131 94 94 131 131 130 130 95 95 96 96 132 132 95 95 132 132 131 131 96 96 97 97 133 133 96 96 133 133 132 132 97 97 98 98 134 134 97 97 134 134 133 133 98 98 99 99 135 135 98 98 135 135 134 134 99 99 100 100 136 136 99 99 136 136 135 135 100 100 101 101 137 137 100 100 137 137 136 136 101 101 102 102 138 138 101 101 138 138 137 137 102 102 103 103 139 139 102 102 139 139 138 138 103 103 104 104 140 140 103 103 140 140 139 139 104 104 105 105 141 141 104 104 141 141 140 140 105 105 106 106 142 142 105 105 142 142 141 141 106 106 107 107 143 143 106 106 143 143 142 142 107 107 72 72 108 108 107 107 108 108 143 143 144 144 1 1 0 0 144 144 2 2 1 1 144 144 3 3 2 2 144 144 4 4 3 3 144 144 5 5 4 4 144 144 6 6 5 5 144 144 7 7 6 6 144 144 8 8 7 7 144 144 9 9 8 8 144 144 10 10 9 9 144 144 11 11 10 10 144 144 12 12 11 11 144 144 13 13 12 12 144 144 14 14 13 13 144 144 15 15 14 14 144 144 16 16 15 15 144 144 17 17 16 16 144 144 18 18 17 17 144 144 19 19 18 18 144 144 20 20 19 19 144 144 21 21 20 20 144 144 22 22 21 21 144 144 23 23 22 22 144 144 24 24 23 23 144 144 25 25 24 24 144 144 26 26 25 25 144 144 27 27 26 26 144 144 28 28 27 27 144 144 29 29 28 28 144 144 30 30 29 29 144 144 31 31 30 30 144 144 32 32 31 31 144 144 33 33 32 32 144 144 34 34 33 33 144 144 35 35 34 34 144 144 0 0 35 35 145 145 108 108 109 109 145 145 109 109 110 110 145 145 110 110 111 111 145 145 111 111 112 112 145 145 112 112 113 113 145 145 113 113 114 114 145 145 114 114 115 115 145 145 115 115 116 116 145 145 116 116 117 117 145 145 117 117 118 118 145 145 118 118 119 119 145 145 119 119 120 120 145 145 120 120 121 121 145 145 121 121 122 122 145 145 122 122 123 123 145 145 123 123 124 124 145 145 124 124 125 125 145 145 125 125 126 126 145 145 126 126 127 127 145 145 127 127 128 128 145 145 128 128 129 129 145 145 129 129 130 130 145 145 130 130 131 131 145 145 131 131 132 132 145 145 132 132 133 133 145 145 133 133 134 134 145 145 134 134 135 135 145 145 135 135 136 136 145 145 136 136 137 137 145 145 137 137 138 138 145 145 138 138 139 139 145 145 139 139 140 140 145 145 140 140 141 141 145 145 141 141 142 142 145 145 142 142 143 143 145 145 143 143 108 108</p>
        </triangles>
      </mesh>
    </geometry>
    <geometry id="mesh12">
      <mesh>
        <source id="mesh12-positions">
          <float_array id="mesh12-positions-array" count="438">0.0146423 0.0499185 0.026 0.0138764 0.0500865 0.026 0.0130924 0.0501019 0.026 0.0123205 0.0499641 0.026 0.0115903 0.0496783 0.026 0.0109299 0.0492555 0.026 0.0103646 0.048712 0.026 0.0099162 0.0480687 0.026 0.009602 0.0473503 0.026 -0.0009046 0.0150144 0.026 -0.0010726 0.0142485 0.026 -0.001088 0.0134645 0.026 -0.0009502 0.0126926 0.026 -0.0006644 0.0119624 0.026 -0.0002416 0.0113019 0.026 0.0003019 0.0107367 0.026 0.0009452 0.0102883 0.026 0.0016636 0.0099741 0.026 0.0045168 0.009047 0.026 0.0052827 0.008879 0.026 0.0060667 0.0088636 0.026 0.0068386 0.0090014 0.026 0.0075688 0.0092872 0.026 0.0082292 0.00971 0.026 0.0087944 0.0102535 0.026 0.0092428 0.0108968 0.026 0.009557 0.0116152 0.026 0.0200636 0.0439511 0.026 0.0202317 0.044717 0.026 0.0202471 0.045501 0.026 0.0201092 0.0462729 0.026 0.0198234 0.0470031 0.026 0.0194007 0.0476636 0.026 0.0188572 0.0482288 0.026 0.0182139 0.0486772 0.026 0.0174955 0.0489914 0.026 0.0149513 0.0508695 0.027 0.0139939 0.0510796 0.027 0.0130139 0.0510988 0.027 0.012049 0.0509265 0.027 0.0111363 0.0505693 0.027 0.0103108 0.0500408 0.027 0.0096042 0.0493615 0.027 0.0090438 0.0485573 0.027 0.0086509 0.0476593 0.027 -0.0018556 0.0153234 0.027 -0.0020657 0.014366 0.027 -0.0020849 0.013386 0.027 -0.0019126 0.0124211 0.027 -0.0015554 0.0115084 0.027 -0.0010269 0.0106828 0.027 -0.0003476 0.0099763 0.027 0.0004565 0.0094158 0.027 0.0013546 0.009023 0.027 0.0042077 0.008096 0.027 0.0051651 0.0078859 0.027 0.0061451 0.0078667 0.027 0.00711 0.008039 0.027 0.0080228 0.0083962 0.027 0.0088483 0.0089247 0.027 0.0095549 0.009604 0.027 0.0101153 0.0104082 0.027 0.0105081 0.0113062 0.027 0.0210147 0.0436421 0.027 0.0212247 0.0445995 0.027 0.021244 0.0455795 0.027 0.0210717 0.0465444 0.027 0.0207144 0.0474571 0.027 0.020186 0.0482827 0.027 0.0195066 0.0489892 0.027 0.0187025 0.0495497 0.027 0.0178045 0.0499425 0.027 0.0149513 0.0508695 0.031 0.0139939 0.0510796 0.031 0.0130139 0.0510988 0.031 0.012049 0.0509265 0.031 0.0111363 0.0505693 0.031 0.0103108 0.0500408 0.031 0.0096042 0.0493615 0.031 0.0090438 0.0485573 0.031 0.0086509 0.0476593 0.031 -0.0018556 0.0153234 0.031 -0.0020657 0.014366 0.031 -0.0020849 0.013386 0.031 -0.0019126 0.0124211 0.031 -0.0015554 0.0115084 0.031 -0.0010269 0.0106828 0.031 -0.0003476 0.0099763 0.031 0.0004565 0.0094158 0.031 0.0013546 0.009023 0.031 0.0042077 0.008096 0.031 0.0051651 0.0078859 0.031 0.0061451 0.0078667 0.031 0.00711 0.008039 0.031 0.0080228 0.0083962 0.031 0.0088483 0.0089247 0.031 0.0095549 0.009604 0.031 0.0101153 0.0104082 0.031 0.0105081 0.0113062 0.031 0.0210147 0.0436421 0.031 0.0212247 0.0445995 0.031 0.021244 0.0455795 0.031 0.0210717 0.0465444 0.031 0.0207144 0.0474571 0.031 0.020186 0.0482827 0.031 0.0195066 0.0489892 0.031 0.0187025 0.0495497 0.031 0.0178045 0.0499425 0.031 0.0146423 0.0499185 0.032 0.0138764 0.0500865 0.032 0.0130924 0.0501019 0.032 0.0123205 0.0499641 0.032 0.0115903 0.0496783 0.032 0.0109299 0.0492555 0.032 0.0103646 0.048712 0.032 0.0099162 0.0480687 0.032 0.009602 0.0473503 0.032 -0.0009046 0.0150144 0.032 -0.0010726 0.0142485 0.032 -0.001088 0.0134645 0.032 -0.0009502 0.0126926 0.032 -0.0006644 0.0119624 0.032 -0.0002416 0.0113019 0.032 0.0003019 0.0107367 0.032 0.0009452 0.0102883 0.032 0.0016636 0.0099741 0.032 0.0045168 0.009047 0.032 0.0052827 0.008879 0.032 0.0060667 0.0088636 0.032 0.0068386 0.0090014 0.032 0.0075688 0.0092872 0.032 0.0082292 0.00971 0.032 0.0087944 0.0102535 0.032 0.0092428 0.0108968 0.032 0.009557 0.0116152 0.032 0.0200636 0.0439511 0.032 0.0202317 0.044717 0.032 0.0202471 0.045501 0.032 0.0201092 0.0462729 0.032 0.0198234 0.0470031 0.032 0.0194007 0.0476636 0.032 0.0188572 0.0482288 0.032 0.0182139 0.0486772 0.032 0.0174955 0.0489914 0.032 0.0095795 0.0294828 0.026 0.0095795 0.0294828 0.032</float_array>
          <technique_common>
            <accessor source="#mesh12-positions-array" count="146" stride="3">
              <param name="X" type="float" />
              <param name="Y" type="float" />
              <param name="Z" type="float" />
            </accessor>
          </technique_common>
        </source>
        <source id="mesh12-normals">
          <float_array id="mesh12-normals-array" count="438">0.0154652 0.0542283 -0.9984088 0.0057338 0.0715678 -0.9974193 -0.0085983 0.0735325 -0.9972558 -0.0242206 0.0749018 -0.9968967 -0.0422102 0.0756211 -0.9962428 -0.0642997 0.0755001 -0.9950705 -0.0937011 0.0740819 -0.9928404 -0.1373844 0.0702444 -0.9880239 -0.2419379 0.0789094 -0.9670778 -0.1473553 0.047092 -0.9879619 -0.153808 0.0123227 -0.9880239 -0.1186405 -0.0138728 -0.9928404 -0.0943594 -0.0305126 -0.9950705 -0.0756211 -0.0422102 -0.9962428 -0.0599314 -0.0510407 -0.9968967 -0.0459155 -0.0580753 -0.9972558 -0.0326852 -0.0639258 -0.9974193 -0.0250533 -0.0742324 -0.9969262 -0.0154652 -0.0542283 -0.9984088 -0.0057338 -0.0715678 -0.9974193 0.0085983 -0.0735325 -0.9972558 0.0242206 -0.0749018 -0.9968967 0.0422102 -0.0756211 -0.9962428 0.0642997 -0.0755001 -0.9950705 0.0937011 -0.0740819 -0.9928404 0.1373844 -0.0702444 -0.9880239 0.2419379 -0.0789094 -0.9670778 0.1473553 -0.047092 -0.9879619 0.153808 -0.0123227 -0.9880239 0.1186405 0.0138728 -0.9928404 0.0943594 0.0305126 -0.9950705 0.0756211 0.0422102 -0.9962428 0.0599314 0.0510407 -0.9968967 0.0459155 0.0580753 -0.9972558 0.0326852 0.0639258 -0.9974193 0.0250533 0.0742324 -0.9969262 0.2691903 0.9295478 -0.2519473 0.0946888 0.9780048 -0.185851 -0.0979299 0.9776856 -0.185851 -0.2867852 0.9397945 -0.185851 -0.4646195 0.8657876 -0.185851 -0.6245988 0.7585089 -0.185851 -0.760575 0.6220812 -0.185851 -0.8673228 0.4617473 -0.185851 -0.9443081 0.308692 -0.11398 -0.9058968 0.2902792 -0.308365 -0.9780048 0.0946888 -0.185851 -0.9776856 -0.0979299 -0.185851 -0.9397945 -0.2867852 -0.185851 -0.8657876 -0.4646195 -0.185851 -0.7585089 -0.6245988 -0.185851 -0.6220812 -0.760575 -0.185851 -0.4617473 -0.8673228 -0.185851 -0.3218039 -0.9357786 -0.1440859 -0.2691903 -0.9295478 -0.2519473 -0.0946888 -0.9780048 -0.185851 0.0979299 -0.9776856 -0.185851 0.2867852 -0.9397945 -0.185851 0.4646195 -0.8657876 -0.185851 0.6245988 -0.7585089 -0.185851 0.760575 -0.6220812 -0.185851 0.8673228 -0.4617473 -0.185851 0.9443081 -0.308692 -0.11398 0.9058968 -0.2902792 -0.308365 0.9780048 -0.0946888 -0.185851 0.9776856 0.0979299 -0.185851 0.9397945 0.2867852 -0.185851 0.8657876 0.4646195 -0.185851 0.7585089 0.6245988 -0.185851 0.6220812 0.760575 -0.185851 0.4617473 0.8673228 -0.185851 0.3218039 0.9357786 -0.1440859 0.289692 0.9462123 0.1440859 0.1362382 0.9730871 0.185851 -0.0562195 0.9809683 0.185851 -0.2465167 0.9511514 0.185851 -0.4273404 0.8847822 0.185851 -0.5917416 0.7844114 0.185851 -0.7334025 0.6538961 0.185851 -0.8468792 0.498252 0.185851 -0.9035077 0.297632 0.308365 -0.9454059 0.3053133 0.11398 -0.9730871 0.1362382 0.185851 -0.9809683 -0.0562195 0.185851 -0.9511514 -0.2465167 0.185851 -0.8847822 -0.4273404 0.185851 -0.7844114 -0.5917416 0.185851 -0.6538961 -0.7334025 0.185851 -0.498252 -0.8468792 0.185851 -0.3285949 -0.9102461 0.2519473 -0.289692 -0.9462123 0.1440859 -0.1362382 -0.9730871 0.185851 0.0562195 -0.9809683 0.185851 0.2465167 -0.9511514 0.185851 0.4273404 -0.8847822 0.185851 0.5917416 -0.7844114 0.185851 0.7334025 -0.6538961 0.185851 0.8468792 -0.498252 0.185851 0.9035077 -0.297632 0.308365 0.9454059 -0.3053133 0.11398 0.9730871 -0.1362382 0.185851 0.9809683 0.0562195 0.185851 0.9511514 0.2465167 0.185851 0.8847822 0.4273404 0.185851 0.7844114 0.5917416 0.185851 0.6538961 0.7334025 0.185851 0.498252 0.8468792 0.185851 0.3285949 0.9102461 0.2519473 0.0233641 0.0747812 0.9969262 0.0111318 0.070929 0.9974193 -0.0030106 0.0739723 0.9972558 -0.0184846 0.0765196 0.9968967 -0.0363682 0.0785978 0.9962428 -0.0584036 0.0801483 0.9950705 -0.0878279 0.0809585 0.9928404 -0.1316764 0.0804368 0.9880239 -0.1468929 0.0485151 0.9879619 -0.2421136 0.0783685 0.9670778 -0.1524349 0.0239236 0.9880239 -0.11935 -0.0048574 0.9928404 -0.0963974 -0.0232864 0.9950705 -0.0785978 -0.0363682 0.9962428 -0.0636211 -0.0463603 0.9968967 -0.0501775 -0.0544351 0.9972558 -0.0374278 -0.0612699 0.9974193 -0.0193629 -0.0529618 0.9984088 -0.0233641 -0.0747812 0.9969262 -0.0111318 -0.070929 0.9974193 0.0030106 -0.0739723 0.9972558 0.0184846 -0.0765196 0.9968967 0.0363682 -0.0785978 0.9962428 0.0584036 -0.0801483 0.9950705 0.0878279 -0.0809585 0.9928404 0.1316764 -0.0804368 0.9880239 0.1468929 -0.0485151 0.9879619 0.2421136 -0.0783685 0.9670778 0.1524349 -0.0239236 0.9880239 0.11935 0.0048574 0.9928404 0.0963974 0.0232864 0.9950705 0.0785978 0.0363682 0.9962428 0.0636211 0.0463603 0.9968967 0.0501775 0.0544351 0.9972558 0.0374278 0.0612699 0.9974193 0.0193629 0.0529618 0.9984088 0.0 -0.0 -1.0 0.0 0.0 1.0</float_array>
          <technique_common>
            <accessor source="#mesh12-normals-array" count="146" stride="3">
              <param name="X" type="float" />
              <param name="Y" type="float" />
              <param name="Z" type="float" />
            </accessor>
          </technique_common>
        </source>
        <vertices id="mesh12-vertices">
          <input semantic="POSITION" source="#mesh12-positions" />
        </vertices>
        <triangles count="288" material="alloy">
          <input semantic="VERTEX" source="#mesh12-vertices" offset="0" />
          <input semantic="NORMAL" source="#mesh12-normals" offset="1" />
          <p>0 0 1 1 37 37 0 0 37 37 36 36 1 1 2 2 38 38 1 1 38 38 37 37 2 2 3 3 39 39 2 2 39 39 38 38 3 3 4 4 40 40 3 3 40 40 39 39 4 4 5 5 41 41 4 4 41 41 40 40 5 5 6 6 42 42 5 5 42 42 41 41 6 6 7 7 43 43 6 6 43 43 42 42 7 7 8 8 44 44 7 7 44 44 43 43 8 8 9 9 45 45 8 8 45 45 44 44 9 9 10 10 46 46 9 9 46 46 45 45 10 10 11 11 47 47 10 10 47 47 46 46 11 11 12 12 48 48 11 11 48 48 47 47 12 12 13 13 49 49 12 12 49 49 48 48 13 13 14 14 50 50 13 13 50 50 49 49 14 14 15 15 51 51 14 14 51 51 50 50 15 15 16 16 52 52 15 15 52 52 51 51 16 16 17 17 53 53 16 16 53 53 52 52 17 17 18 18 54 54 17 17 54 54 53 53 18 18 19 19 55 55 18 18 55 55 54 54 19 19 20 20 56 56 19 19 56 56 55 55 20 20 21 21 57 57 20 20 57 57 56 56 21 21 22 22 58 58 21 21 58 58 57 57 22 22 23 23 59 59 22 22 59 59 58 58 23 23 24 24 60 60 23 23 60 60 59 59 24 24 25 25 61 61 24 24 61 61 60 60 25 25 26 26 62 62 25 25 62 62 61 61 26 26 27 27 63 63 26 26 63 63 62 62 27 27 28 28 64 64 27 27 64 64 63 63 28 28 29 29 65 65 28 28 65 65 64 64 29 29 30 30 66 66 29 29 66 66 65 65 30 30 31 31 67 67 30 30 67 67 66 66 31 31 32 32 68 68 31 31 68 68 67 67 32 32 33 33 69 69 32 32 69 69 68 68 33 33 34 34 70 70 33 33 70 70 69 69 34 34 35 35 71 71 34 34 71 71 70 70 35 35 0 0 36 36 35 35 36 36 71 71 36 36 37 37 73 73 36 36 73 73 72 72 37 37 38 38 74 74 37 37 74 74 73 73 38 38 39 39 75 75 38 38 75 75 74 74 39 39 40 40 76 76 39 39 76 76 75 75 40 40 41 41 77 77 40 40 77 77 76 76 41 41 42 42 78 78 41 41 78 78 77 77 42 42 43 43 79 79 42 42 79 79 78 78 43 43 44 44 80 80 43 43 80 80 79 79 44 44 45 45 81 81 44 44 81 81 80 80 45 45 46 46 82 82 45 45 82 82 81 81 46 46 47 47 83 83 46 46 83 83 82 82 47 47 48 48 84 84 47 47 84 84 83 83 48 48 49 49 85 85 48 48 85 85 84 84 49 49 50 50 86 86 49 49 86 86 85 85 50 50 51 51 87 87 50 50 87 87 86 86 51 51 52 52 88 88 51 51 88 88 87 87 52 52 53 53 89 89 52 52 89 89 88 88 53 53 54 54 90 90 53 53 90 90 89 89 54 54 55 55 91 91 54 54 91 91 90 90 55 55 56 56 92 92 55 55 92 92 91 91 56 56 57 57 93 93 56 56 93 93 92 92 57 57 58 58 94 94 57 57 94 94 93 93 58 58 59 59 95 95 58 58 95 95 94 94 59 59 60 60 96 96 59 59 96 96 95 95 60 60 61 61 97 97 60 60 97 97 96 96 61 61 62 62 98 98 61 61 98 98 97 97 62 62 63 63 99 99 62 62 99 99 98 98 63 63 64 64 100 100 63 63 100 100 99 99 64 64 65 65 101 101 64 64 101 101 100 100 65 65 66 66 102 102 65 65 102 102 101 101 66 66 67 67 103 103 66 66 103 103 102 102 67 67 68 68 104 104 67 67 104 104 103 103 68 68 69 69 105 105 68 68 105 105 104 104 69 69 70 70 106 106 69 69 106 106 105 105 70 70 71 71 107 107 70 70 107 107 106 106 71 71 36 36 72 72 71 71 72 72 107 107 72 72 73 73 109 109 72 72 109 109 108 108 73 73 74 74 110 110 73 73 110 110 109 109 74 74 75 75 111 111 74 74 111 111 110 110 75 75 76 76 112 112 75 75 112 112 111 111 76 76 77 77 113 113 76 76 113 113 112 112 77 77 78 78 114 114 77 77 114 114 113 113 78 78 79 79 115 115 78 78 115 115 114 114 79 79 80 80 116 116 79 79 116 116 115 115 80 80 81 81 117 117 80 80 117 117 116 116 81 81 82 82 118 118 81 81 118 118 117 117 82 82 83 83 119 119 82 82 119 119 118 118 83 83 84 84 120 120 83 83 120 120 119 119 84 84 85 85 121 121 84 84 121 121 120 120 85 85 86 86 122 122 85 85 122 122 121 121 86 86 87 87 123 123 86 86 123 123 122 122 87 87 88 88 124 124 87 87 124 124 123 123 88 88 89 89 125 125 88 88 125 125 124 124 89 89 90 90 126 126 89 89 126 126 125 125 90 90 91 91 127 127 90 90 127 127 126 126 91 91 92 92 128 128 91 91 128 128 127 127 92 92 93 93 129 129 92 92 129 129 128 128 93 93 94 94 130 130 93 93 130 130 129 129 94 94 95 95 131 131 94 94 131 131 130 130 95 95 96 96 132 132 95 95 132 132 131 131 96 96 97 97 133 133 96 96 133 133 132 132 97 97 98 98 134 134 97 97 134 134 133 133 98 98 99 99 135 135 98 98 135 135 134 134 99 99 100 100 136 136 99 99 136 136 135 135 100 100 101 101 137 137 100 100 137 137 136 136 101 101 102 102 138 138 101 101 138 138 137 137 102 102 103 103 139 139 102 102 139 139 138 138 103 103 104 104 140 140 103 103 140 140 139 139 104 104 105 105 141 141 104 104 141 141 140 140 105 105 106 106 142 142 105 105 142 142 141 141 106 106 107 107 143 143 106 106 143 143 142 142 107 107 72 72 108 108 107 107 108 108 143 143 144 144 1 1 0 0 144 144 2 2 1 1 144 144 3 3 2 2 144 144 4 4 3 3 144 144 5 5 4 4 144 144 6 6 5 5 144 144 7 7 6 6 144 144 8 8 7 7 144 144 9 9 8 8 144 144 10 10 9 9 144 144 11 11 10 10 144 144 12 12 11 11 144 144 13 13 12 12 144 144 14 14 13 13 144 144 15 15 14 14 144 144 16 16 15 15 144 144 17 17 16 16 144 144 18 18 17 17 144 144 19 19 18 18 144 144 20 20 19 19 144 144 21 21 20 20 144 144 22 22 21 21 144 144 23 23 22 22 144 144 24 24 23 23 144 144 25 25 24 24 144 144 26 26 25 25 144 144 27 27 26 26 144 144 28 28 27 27 144 144 29 29 28 28 144 144 30 30 29 29 144 144 31 31 30 30 144 144 32 32 31 31 144 144 33 33 32 32 144 144 34 34 33 33 144 144 35 35 34 34 144 144 0 0 35 35 145 145 108 108 109 109 145 145 109 109 110 110 145 145 110 110 111 111 145 145 111 111 112 112 145 145 112 112 113 113 145 145 113 113 114 114 145 145 114 114 115 115 145 145 115 115 116 116 145 145 116 116 117 117 145 145 117 117 118 118 145 145 118 118 119 119 145 145 119 119 120 120 145 145 120 120 121 121 145 145 121 121 122 122 145 145 122 122 123 123 145 145 123 123 124 124 145 145 124 124 125 125 145 145 125 125 126 126 145 145 126 126 127 127 145 145 127 127 128 128 145 145 128 128 129 129 145 145 129 129 130 130 145 145 130 130 131 131 145 145 131 131 132 132 145 145 132 132 133 133 145 145 133 133 134 134 145 145 134 134 135 135 145 145 135 135 136 136 145 145 136 136 137 137 145 145 137 137 138 138 145 145 138 138 139 139 145 145 139 139 140 140 145 145 140 140 141 141 145 145 141 141 142 142 145 145 142 142 143 143 145 145 143 143 108 108</p>
        </triangles>
      </mesh>
    </geometry>
    <geometry id="mesh13">
      <mesh>
        <source id="mesh13-positions">
          <float_array id="mesh13-positions-array" count="438">-0.0429506 0.0293513 0.026 -0.0433471 0.0286748 0.026 -0.043604 0.0279339 0.026 -0.0437114 0.0271572 0.026 -0.0436652 0.0263744 0.026 -0.0434673 0.0256157 0.026 -0.0431251 0.0249102 0.026 -0.0426518 0.024285 0.026 -0.0420656 0.0237641 0.026 -0.0145591 0.0037794 0.026 -0.0138826 0.0033829 0.026 -0.0131417 0.003126 0.026 -0.012365 0.0030186 0.026 -0.0115822 0.0030647 0.026 -0.0108234 0.0032627 0.026 -0.0101179 0.0036049 0.026 -0.0094927 0.0040782 0.026 -0.0089718 0.0046643 0.026 -0.0072085 0.0070914 0.026 -0.006812 0.0077679 0.026 -0.0065551 0.0085087 0.026 -0.0064476 0.0092855 0.026 -0.0064938 0.0100683 0.026 -0.0066918 0.010827 0.026 -0.007034 0.0115325 0.026 -0.0075073 0.0121577 0.026 -0.0080934 0.0126786 0.026 -0.0356 0.0326633 0.026 -0.0362765 0.0330598 0.026 -0.0370174 0.0333167 0.026 -0.0377941 0.0334241 0.026 -0.0385769 0.033378 0.026 -0.0393356 0.03318 0.026 -0.0400411 0.0328378 0.026 -0.0406663 0.0323645 0.026 -0.0411872 0.0317784 0.026 -0.0437596 0.0299391 0.027 -0.0442552 0.0290935 0.027 -0.0445763 0.0281674 0.027 -0.0447106 0.0271965 0.027 -0.0446529 0.026218 0.027 -0.0444055 0.0252696 0.027 -0.0439777 0.0243877 0.027 -0.0433861 0.0236062 0.027 -0.0426534 0.0229551 0.027 -0.0151468 0.0029704 0.027 -0.0143012 0.0024748 0.027 -0.0133751 0.0021536 0.027 -0.0124042 0.0020193 0.027 -0.0114257 0.002077 0.027 -0.0104773 0.0023245 0.027 -0.0095954 0.0027523 0.027 -0.0088139 0.0033439 0.027 -0.0081628 0.0040765 0.027 -0.0063995 0.0065036 0.027 -0.0059038 0.0073492 0.027 -0.0055827 0.0082753 0.027 -0.0054484 0.0092462 0.027 -0.0055061 0.0102247 0.027 -0.0057536 0.0111731 0.027 -0.0061814 0.012055 0.027 -0.0067729 0.0128365 0.027 -0.0075056 0.0134876 0.027 -0.0350122 0.0334723 0.027 -0.0358578 0.0339679 0.027 -0.0367839 0.0342891 0.027 -0.0377548 0.0344234 0.027 -0.0387333 0.0343657 0.027 -0.0396817 0.0341182 0.027 -0.0405636 0.0336904 0.027 -0.0413451 0.0330988 0.027 -0.0419962 0.0323661 0.027 -0.0437596 0.0299391 0.031 -0.0442552 0.0290935 0.031 -0.0445763 0.0281674 0.031 -0.0447106 0.0271965 0.031 -0.0446529 0.026218 0.031 -0.0444055 0.0252696 0.031 -0.0439777 0.0243877 0.031 -0.0433861 0.0236062 0.031 -0.0426534 0.0229551 0.031 -0.0151468 0.0029704 0.031 -0.0143012 0.0024748 0.031 -0.0133751 0.0021536 0.031 -0.0124042 0.0020193 0.031 -0.0114257 0.002077 0.031 -0.0104773 0.0023245 0.031 -0.0095954 0.0027523 0.031 -0.0088139 0.0033439 0.031 -0.0081628 0.0040765 0.031 -0.0063995 0.0065036 0.031 -0.0059038 0.0073492 0.031 -0.0055827 0.0082753 0.031 -0.0054484 0.0092462 0.031 -0.0055061 0.0102247 0.031 -0.0057536 0.0111731 0.031 -0.0061814 0.012055 0.031 -0.0067729 0.0128365 0.031 -0.0075056 0.0134876 0.031 -0.0350122 0.0334723 0.031 -0.0358578 0.0339679 0.031 -0.0367839 0.0342891 0.031 -0.0377548 0.0344234 0.031 -0.0387333 0.0343657 0.031 -0.0396817 0.0341182 0.031 -0.0405636 0.0336904 0.031 -0.0413451 0.0330988 0.031 -0.0419962 0.0323661 0.031 -0.0429506 0.0293513 0.032 -0.0433471 0.0286748 0.032 -0.043604 0.0279339 0.032 -0.0437114 0.0271572 0.032 -0.0436652 0.0263744 0.032 -0.0434673 0.0256157 0.032 -0.0431251 0.0249102 0.032 -0.0426518 0.024285 0.032 -0.0420656 0.0237641 0.032 -0.0145591 0.0037794 0.032 -0.0138826 0.0033829 0.032 -0.0131417 0.003126 0.032 -0.012365 0.0030186 0.032 -0.0115822 0.0030647 0.032 -0.0108234 0.0032627 0.032 -0.0101179 0.0036049 0.032 -0.0094927 0.0040782 0.032 -0.0089718 0.0046643 0.032 -0.0072085 0.0070914 0.032 -0.006812 0.0077679 0.032 -0.0065551 0.0085087 0.032 -0.0064476 0.0092855 0.032 -0.0064938 0.0100683 0.032 -0.0066918 0.010827 0.032 -0.007034 0.0115325 0.032 -0.0075073 0.0121577 0.032 -0.0080934 0.0126786 0.032 -0.0356 0.0326633 0.032 -0.0362765 0.0330598 0.032 -0.0370174 0.0333167 0.032 -0.0377941 0.0334241 0.032 -0.0385769 0.033378 0.032 -0.0393356 0.03318 0.032 -0.0400411 0.0328378 0.032 -0.0406663 0.0323645 0.032 -0.0411872 0.0317784 0.032 -0.0250795 0.0182213 0.026 -0.0250795 0.0182213 0.032</float_array>
          <technique_common>
            <accessor source="#mesh13-positions-array" count="146" stride="3">
              <param name="X" type="float" />
              <param name="Y" type="float" />
              <param name="Z" type="float" />
            </accessor>
          </technique_common>
        </source>
        <source id="mesh13-normals">
          <float_array id="mesh13-normals-array" count="438">-0.0467951 0.0314658 -0.9984088 -0.0662932 0.0275689 -0.9974193 -0.0725906 0.0145454 -0.9972558 -0.0787205 0.0001107 -0.9968967 -0.0849636 -0.0167761 -0.9962428 -0.0916746 -0.0378219 -0.9950705 -0.0994113 -0.0662224 -0.9928404 -0.1092605 -0.1089536 -0.9880239 -0.1498102 -0.2057122 -0.9670778 -0.0903224 -0.125591 -0.9879619 -0.0592488 -0.1424722 -0.9880239 -0.0234681 -0.1171208 -0.9928404 -0.0001395 -0.0991701 -0.9950705 0.0167761 -0.0849636 -0.9962428 0.0300227 -0.0727706 -0.9968967 0.0410442 -0.0616144 -0.9972558 0.0506968 -0.0508396 -0.9974193 0.0628573 -0.0467662 -0.9969262 0.0467951 -0.0314658 -0.9984088 0.0662932 -0.0275689 -0.9974193 0.0725906 -0.0145454 -0.9972558 0.0787205 -0.0001107 -0.9968967 0.0849636 0.0167761 -0.9962428 0.0916746 0.0378219 -0.9950705 0.0994113 0.0662224 -0.9928404 0.1092605 0.1089536 -0.9880239 0.1498102 0.2057122 -0.9670778 0.0903224 0.125591 -0.9879619 0.0592488 0.1424722 -0.9880239 0.0234681 0.1171208 -0.9928404 0.0001395 0.0991701 -0.9950705 -0.0167761 0.0849636 -0.9962428 -0.0300227 0.0727706 -0.9968967 -0.0410442 0.0616144 -0.9972558 -0.0506968 0.0508396 -0.9974193 -0.0628573 0.0467662 -0.9969262 -0.8008681 0.5432613 -0.2519473 -0.9008774 0.3922745 -0.185851 -0.9600963 0.2089846 -0.185851 -0.9824192 0.0176635 -0.185851 -0.9669882 -0.1743363 -0.185851 -0.9143965 -0.3596366 -0.185851 -0.826665 -0.5311162 -0.185851 -0.7071653 -0.6821853 -0.185851 -0.5853908 -0.8026993 -0.11398 -0.5560094 -0.7718579 -0.308365 -0.3922745 -0.9008774 -0.185851 -0.2089846 -0.9600963 -0.185851 -0.0176635 -0.9824192 -0.185851 0.1743363 -0.9669882 -0.185851 0.3596366 -0.9143965 -0.185851 0.5311162 -0.826665 -0.185851 0.6821853 -0.7071653 -0.185851 0.7905354 -0.5952251 -0.1440859 0.8008681 -0.5432613 -0.2519473 0.9008774 -0.3922745 -0.185851 0.9600963 -0.2089846 -0.185851 0.9824192 -0.0176635 -0.185851 0.9669882 0.1743363 -0.185851 0.9143965 0.3596366 -0.185851 0.826665 0.5311162 -0.185851 0.7071653 0.6821853 -0.185851 0.5853908 0.8026993 -0.11398 0.5560094 0.7718579 -0.308365 0.3922745 0.9008774 -0.185851 0.2089846 0.9600963 -0.185851 0.0176635 0.9824192 -0.185851 -0.1743363 0.9669882 -0.185851 -0.3596366 0.9143965 -0.185851 -0.5311162 0.826665 -0.185851 -0.6821853 0.7071653 -0.185851 -0.7905354 0.5952251 -0.1440859 -0.8103816 0.5679092 0.1440859 -0.883361 0.4302706 0.185851 -0.9503291 0.2496679 0.185851 -0.9807766 0.0594706 0.185851 -0.9735334 -0.1330121 0.185851 -0.9288778 -0.3203832 0.185851 -0.848526 -0.4954422 0.185851 -0.7355658 -0.6514617 0.185851 -0.5622641 -0.7673136 0.308365 -0.5825167 -0.8047875 0.11398 -0.4302706 -0.883361 0.185851 -0.2496679 -0.9503291 0.185851 -0.0594706 -0.9807766 0.185851 0.1330121 -0.9735334 0.185851 0.3203832 -0.9288778 0.185851 0.4954422 -0.848526 0.185851 0.6514617 -0.7355658 0.185851 0.764154 -0.5937939 0.2519473 0.8103816 -0.5679092 0.1440859 0.883361 -0.4302706 0.185851 0.9503291 -0.2496679 0.185851 0.9807766 -0.0594706 0.185851 0.9735334 0.1330121 0.185851 0.9288778 0.3203832 0.185851 0.848526 0.4954422 0.185851 0.7355658 0.6514617 0.185851 0.5622641 0.7673136 0.308365 0.5825167 0.8047875 0.11398 0.4302706 0.883361 0.185851 0.2496679 0.9503291 0.185851 0.0594706 0.9807766 0.185851 -0.1330121 0.9735334 0.185851 -0.3203832 0.9288778 0.185851 -0.4954422 0.848526 0.185851 -0.6514617 0.7355658 0.185851 -0.764154 0.5937939 0.2519473 -0.0639012 0.0453293 0.9969262 -0.0640175 0.0325052 0.9974193 -0.0712822 0.0199954 0.9972558 -0.0784865 0.0060659 0.9968967 -0.0859893 -0.0103002 0.9962428 -0.0942732 -0.0307779 0.9950705 -0.1041364 -0.0585118 0.9928404 -0.1171902 -0.1003753 0.9880239 -0.091533 -0.1247115 0.9879619 -0.1493501 -0.2060465 0.9670778 -0.0698576 -0.1375815 0.9880239 -0.0322615 -0.1150097 0.9928404 -0.0076417 -0.0988753 0.9950705 0.0103002 -0.0859893 0.9962428 0.0244313 -0.0748334 0.9968967 0.0362652 -0.064543 0.9972558 0.0467053 -0.0545293 0.9974193 0.0443862 -0.0347814 0.9984088 0.0639012 -0.0453293 0.9969262 0.0640175 -0.0325052 0.9974193 0.0712822 -0.0199954 0.9972558 0.0784865 -0.0060659 0.9968967 0.0859893 0.0103002 0.9962428 0.0942732 0.0307779 0.9950705 0.1041364 0.0585118 0.9928404 0.1171902 0.1003753 0.9880239 0.091533 0.1247115 0.9879619 0.1493501 0.2060465 0.9670778 0.0698576 0.1375815 0.9880239 0.0322615 0.1150097 0.9928404 0.0076417 0.0988753 0.9950705 -0.0103002 0.0859893 0.9962428 -0.0244313 0.0748334 0.9968967 -0.0362652 0.064543 0.9972558 -0.0467053 0.0545293 0.9974193 -0.0443862 0.0347814 0.9984088 -0.0 0.0 -1.0 0.0 0.0 1.0</float_array>
          <technique_common>
            <accessor source="#mesh13-normals-array" count="146" stride="3">
              <param name="X" type="float" />
              <param name="Y" type="float" />
              <param name="Z" type="float" />
            </accessor>
          </technique_common>
        </source>
        <vertices id="mesh13-vertices">
          <input semantic="POSITION" source="#mesh13-positions" />
        </vertices>
        <triangles count="288" material="alloy">
          <input semantic="VERTEX" source="#mesh13-vertices" offset="0" />
          <input semantic="NORMAL" source="#mesh13-normals" offset="1" />
          <p>0 0 1 1 37 37 0 0 37 37 36 36 1 1 2 2 38 38 1 1 38 38 37 37 2 2 3 3 39 39 2 2 39 39 38 38 3 3 4 4 40 40 3 3 40 40 39 39 4 4 5 5 41 41 4 4 41 41 40 40 5 5 6 6 42 42 5 5 42 42 41 41 6 6 7 7 43 43 6 6 43 43 42 42 7 7 8 8 44 44 7 7 44 44 43 43 8 8 9 9 45 45 8 8 45 45 44 44 9 9 10 10 46 46 9 9 46 46 45 45 10 10 11 11 47 47 10 10 47 47 46 46 11 11 12 12 48 48 11 11 48 48 47 47 12 12 13 13 49 49 12 12 49 49 48 48 13 13 14 14 50 50 13 13 50 50 49 49 14 14 15 15 51 51 14 14 51 51 50 50 15 15 16 16 52 52 15 15 52 52 51 51 16 16 17 17 53 53 16 16 53 53 52 52 17 17 18 18 54 54 17 17 54 54 53 53 18 18 19 19 55 55 18 18 55 55 54 54 19 19 20 20 56 56 19 19 56 56 55 55 20 20 21 21 57 57 20 20 57 57 56 56 21 21 22 22 58 58 21 21 58 58 57 57 22 22 23 23 59 59 22 22 59 59 58 58 23 23 24 24 60 60 23 23 60 60 59 59 24 24 25 25 61 61 24 24 61 61 60 60 25 25 26 26 62 62 25 25 62 62 61 61 26 26 27 27 63 63 26 26 63 63 62 62 27 27 28 28 64 64 27 27 64 64 63 63 28 28 29 29 65 65 28 28 65 65 64 64 29 29 30 30 66 66 29 29 66 66 65 65 30 30 31 31 67 67 30 30 67 67 66 66 31 31 32 32 68 68 31 31 68 68 67 67 32 32 33 33 69 69 32 32 69 69 68 68 33 33 34 34 70 70 33 33 70 70 69 69 34 34 35 35 71 71 34 34 71 71 70 70 35 35 0 0 36 36 35 35 36 36 71 71 36 36 37 37 73 73 36 36 73 73 72 72 37 37 38 38 74 74 37 37 74 74 73 73 38 38 39 39 75 75 38 38 75 75 74 74 39 39 40 40 76 76 39 39 76 76 75 75 40 40 41 41 77 77 40 40 77 77 76 76 41 41 42 42 78 78 41 41 78 78 77 77 42 42 43 43 79 79 42 42 79 79 78 78 43 43 44 44 80 80 43 43 80 80 79 79 44 44 45 45 81 81 44 44 81 81 80 80 45 45 46 46 82 82 45 45 82 82 81 81 46 46 47 47 83 83 46 46 83 83 82 82 47 47 48 48 84 84 47 47 84 84 83 83 48 48 49 49 85 85 48 48 85 85 84 84 49 49 50 50 86 86 49 49 86 86 85 85 50 50 51 51 87 87 50 50 87 87 86 86 51 51 52 52 88 88 51 51 88 88 87 87 52 52 53 53 89 89 52 52 89 89 88 88 53 53 54 54 90 90 53 53 90 90 89 89 54 54 55 55 91 91 54 54 91 91 90 90 55 55 56 56 92 92 55 55 92 92 91 91 56 56 57 57 93 93 56 56 93 93 92 92 57 57 58 58 94 94 57 57 94 94 93 93 58 58 59 59 95 95 58 58 95 95 94 94 59 59 60 60 96 96 59 59 96 96 95 95 60 60 61 61 97 97 60 60 97 97 96 96 61 61 62 62 98 98 61 61 98 98 97 97 62 62 63 63 99 99 62 62 99 99 98 98 63 63 64 64 100 100 63 63 100 100 99 99 64 64 65 65 101 101 64 64 101 101 100 100 65 65 66 66 102 102 65 65 102 102 101 101 66 66 67 67 103 103 66 66 103 103 102 102 67 67 68 68 104 104 67 67 104 104 103 103 68 68 69 69 105 105 68 68 105 105 104 104 69 69 70 70 106 106 69 69 106 106 105 105 70 70 71 71 107 107 70 70 107 107 106 106 71 71 36 36 72 72 71 71 72 72 107 107 72 72 73 73 109 109 72 72 109 109 108 108 73 73 74 74 110 110 73 73 110 110 109 109 74 74 75 75 111 111 74 74 111 111 110 110 75 75 76 76 112 112 75 75 112 112 111 111 76 76 77 77 113 113 76 76 113 113 112 112 77 77 78 78 114 114 77 77 114 114 113 113 78 78 79 79 115 115 78 78 115 115 114 114 79 79 80 80 116 116 79 79 116 116 115 115 80 80 81 81 117 117 80 80 117 117 116 116 81 81 82 82 118 118 81 81 118 118 117 117 82 82 83 83 119 119 82 82 119 119 118 118 83 83 84 84 120 120 83 83 120 120 119 119 84 84 85 85 121 121 84 84 121 121 120 120 85 85 86 86 122 122 85 85 122 122 121 121 86 86 87 87 123 123 86 86 123 123 122 122 87 87 88 88 124 124 87 87 124 124 123 123 88 88 89 89 125 125 88 88 125 125 124 124 89 89 90 90 126 126 89 89 126 126 125 125 90 90 91 91 127 127 90 90 127 127 126 126 91 91 92 92 128 128 91 91 128 128 127 127 92 92 93 93 129 129 92 92 129 129 128 128 93 93 94 94 130 130 93 93 130 130 129 129 94 94 95 95 131 131 94 94 131 131 130 130 95 95 96 96 132 132 95 95 132 132 131 131 96 96 97 97 133 133 96 96 133 133 132 132 97 97 98 98 134 134 97 97 134 134 133 133 98 98 99 99 135 135 98 98 135 135 134 134 99 99 100 100 136 136 99 99 136 136 135 135 100 100 101 101 137 137 100 100 137 137 136 136 101 101 102 102 138 138 101 101 138 138 137 137 102 102 103 103 139 139 102 102 139 139 138 138 103 103 104 104 140 140 103 103 140 140 139 139 104 104 105 105 141 141 104 104 141 141 140 140 105 105 106 106 142 142 105 105 142 142 141 141 106 106 107 107 143 143 106 106 143 143 142 142 107 107 72 72 108 108 107 107 108 108 143 143 144 144 1 1 0 0 144 144 2 2 1 1 144 144 3 3 2 2 144 144 4 4 3 3 144 144 5 5 4 4 144 144 6 6 5 5 144 144 7 7 6 6 144 144 8 8 7 7 144 144 9 9 8 8 144 144 10 10 9 9 144 144 11 11 10 10 144 144 12 12 11 11 144 144 13 13 12 12 144 144 14 14 13 13 144 144 15 15 14 14 144 144 16 16 15 15 144 144 17 17 16 16 144 144 18 18 17 17 144 144 19 19 18 18 144 144 20 20 19 19 144 144 21 21 20 20 144 144 22 22 21 21 144 144 23 23 22 22 144 144 24 24 23 23 144 144 25 25 24 24 144 144 26 26 25 25 144 144 27 27 26 26 144 144 28 28 27 27 144 144 29 29 28 28 144 144 30 30 29 29 144 144 31 31 30 30 144 144 32 32 31 31 144 144 33 33 32 32 144 144 34 34 33 33 144 144 35 35 34 34 144 144 0 0 35 35 145 145 108 108 109 109 145 145 109 109 110 110 145 145 110 110 111 111 145 145 111 111 112 112 145 145 112 112 113 113 145 145 113 113 114 114 145 145 114 114 115 115 145 145 115 115 116 116 145 145 116 116 117 117 145 145 117 117 118 118 145 145 118 118 119 119 145 145 119 119 120 120 145 145 120 120 121 121 145 145 121 121 122 122 145 145 122 122 123 123 145 145 123 123 124 124 145 145 124 124 125 125 145 145 125 125 126 126 145 145 126 126 127 127 145 145 127 127 128 128 145 145 128 128 129 129 145 145 129 129 130 130 145 145 130 130 131 131 145 145 131 131 132 132 145 145 132 132 133 133 145 145 133 133 134 134 145 145 134 134 135 135 145 145 135 135 136 136 145 145 136 136 137 137 145 145 137 137 138 138 145 145 138 138 139 139 145 145 139 139 140 140 145 145 140 140 141 141 145 145 141 141 142 142 145 145 142 142 143 143 145 145 143 143 108 108</p>
        </triangles>
      </mesh>
    </geometry>
    <geometry id="mesh14">
      <mesh>
        <source id="mesh14-positions">
          <float_array id="mesh14-positions-array" count="438">-0.0411872 -0.0317784 0.026 -0.0406663 -0.0323645 0.026 -0.0400411 -0.0328378 0.026 -0.0393356 -0.03318 0.026 -0.0385769 -0.033378 0.026 -0.0377941 -0.0334241 0.026 -0.0370174 -0.0333167 0.026 -0.0362765 -0.0330598 0.026 -0.0356 -0.0326633 0.026 -0.0080934 -0.0126786 0.026 -0.0075073 -0.0121577 0.026 -0.007034 -0.0115325 0.026 -0.0066918 -0.010827 0.026 -0.0064938 -0.0100683 0.026 -0.0064476 -0.0092855 0.026 -0.0065551 -0.0085087 0.026 -0.006812 -0.0077679 0.026 -0.0072085 -0.0070914 0.026 -0.0089718 -0.0046643 0.026 -0.0094927 -0.0040782 0.026 -0.0101179 -0.0036049 0.026 -0.0108234 -0.0032627 0.026 -0.0115822 -0.0030647 0.026 -0.012365 -0.0030186 0.026 -0.0131417 -0.003126 0.026 -0.0138826 -0.0033829 0.026 -0.0145591 -0.0037794 0.026 -0.0420656 -0.0237641 0.026 -0.0426518 -0.024285 0.026 -0.0431251 -0.0249102 0.026 -0.0434673 -0.0256157 0.026 -0.0436652 -0.0263744 0.026 -0.0437114 -0.0271572 0.026 -0.043604 -0.0279339 0.026 -0.0433471 -0.0286748 0.026 -0.0429506 -0.0293513 0.026 -0.0419962 -0.0323661 0.027 -0.0413451 -0.0330988 0.027 -0.0405636 -0.0336904 0.027 -0.0396817 -0.0341182 0.027 -0.0387333 -0.0343657 0.027 -0.0377548 -0.0344234 0.027 -0.0367839 -0.0342891 0.027 -0.0358578 -0.0339679 0.027 -0.0350122 -0.0334723 0.027 -0.0075056 -0.0134876 0.027 -0.0067729 -0.0128365 0.027 -0.0061814 -0.012055 0.027 -0.0057536 -0.0111731 0.027 -0.0055061 -0.0102247 0.027 -0.0054484 -0.0092462 0.027 -0.0055827 -0.0082753 0.027 -0.0059038 -0.0073492 0.027 -0.0063995 -0.0065036 0.027 -0.0081628 -0.0040765 0.027 -0.0088139 -0.0033439 0.027 -0.0095954 -0.0027523 0.027 -0.0104773 -0.0023245 0.027 -0.0114257 -0.002077 0.027 -0.0124042 -0.0020193 0.027 -0.0133751 -0.0021536 0.027 -0.0143012 -0.0024748 0.027 -0.0151468 -0.0029704 0.027 -0.0426534 -0.0229551 0.027 -0.0433861 -0.0236062 0.027 -0.0439777 -0.0243877 0.027 -0.0444055 -0.0252696 0.027 -0.0446529 -0.026218 0.027 -0.0447106 -0.0271965 0.027 -0.0445763 -0.0281674 0.027 -0.0442552 -0.0290935 0.027 -0.0437596 -0.0299391 0.027 -0.0419962 -0.0323661 0.031 -0.0413451 -0.0330988 0.031 -0.0405636 -0.0336904 0.031 -0.0396817 -0.0341182 0.031 -0.0387333 -0.0343657 0.031 -0.0377548 -0.0344234 0.031 -0.0367839 -0.0342891 0.031 -0.0358578 -0.0339679 0.031 -0.0350122 -0.0334723 0.031 -0.0075056 -0.0134876 0.031 -0.0067729 -0.0128365 0.031 -0.0061814 -0.012055 0.031 -0.0057536 -0.0111731 0.031 -0.0055061 -0.0102247 0.031 -0.0054484 -0.0092462 0.031 -0.0055827 -0.0082753 0.031 -0.0059038 -0.0073492 0.031 -0.0063995 -0.0065036 0.031 -0.0081628 -0.0040765 0.031 -0.0088139 -0.0033439 0.031 -0.0095954 -0.0027523 0.031 -0.0104773 -0.0023245 0.031 -0.0114257 -0.002077 0.031 -0.0124042 -0.0020193 0.031 -0.0133751 -0.0021536 0.031 -0.0143012 -0.0024748 0.031 -0.0151468 -0.0029704 0.031 -0.0426534 -0.0229551 0.031 -0.0433861 -0.0236062 0.031 -0.0439777 -0.0243877 0.031 -0.0444055 -0.0252696 0.031 -0.0446529 -0.026218 0.031 -0.0447106 -0.0271965 0.031 -0.0445763 -0.0281674 0.031 -0.0442552 -0.0290935 0.031 -0.0437596 -0.0299391 0.031 -0.0411872 -0.0317784 0.032 -0.0406663 -0.0323645 0.032 -0.0400411 -0.0328378 0.032 -0.0393356 -0.03318 0.032 -0.0385769 -0.033378 0.032 -0.0377941 -0.0334241 0.032 -0.0370174 -0.0333167 0.032 -0.0362765 -0.0330598 0.032 -0.0356 -0.0326633 0.032 -0.0080934 -0.0126786 0.032 -0.0075073 -0.0121577 0.032 -0.007034 -0.0115325 0.032 -0.0066918 -0.010827 0.032 -0.0064938 -0.0100683 0.032 -0.0064476 -0.0092855 0.032 -0.0065551 -0.0085087 0.032 -0.006812 -0.0077679 0.032 -0.0072085 -0.0070914 0.032 -0.0089718 -0.0046643 0.032 -0.0094927 -0.0040782 0.032 -0.0101179 -0.0036049 0.032 -0.0108234 -0.0032627 0.032 -0.0115822 -0.0030647 0.032 -0.012365 -0.0030186 0.032 -0.0131417 -0.003126 0.032 -0.0138826 -0.0033829 0.032 -0.0145591 -0.0037794 0.032 -0.0420656 -0.0237641 0.032 -0.0426518 -0.024285 0.032 -0.0431251 -0.0249102 0.032 -0.0434673 -0.0256157 0.032 -0.0436652 -0.0263744 0.032 -0.0437114 -0.0271572 0.032 -0.043604 -0.0279339 0.032 -0.0433471 -0.0286748 0.032 -0.0429506 -0.0293513 0.032 -0.0250795 -0.0182213 0.026 -0.0250795 -0.0182213 0.032</float_array>
          <technique_common>
            <accessor source="#mesh14-positions-array" count="146" stride="3">
              <param name="X" type="float" />
              <param name="Y" type="float" />
              <param name="Z" type="float" />
            </accessor>
          </technique_common>
        </source>
        <source id="mesh14-normals">
          <float_array id="mesh14-normals-array" count="438">-0.0443862 -0.0347814 -0.9984088 -0.0467053 -0.0545293 -0.9974193 -0.0362652 -0.064543 -0.9972558 -0.0244313 -0.0748334 -0.9968967 -0.0103002 -0.0859893 -0.9962428 0.0076417 -0.0988753 -0.9950705 0.0322615 -0.1150097 -0.9928404 0.0698576 -0.1375815 -0.9880239 0.1493501 -0.2060465 -0.9670778 0.091533 -0.1247115 -0.9879619 0.1171902 -0.1003753 -0.9880239 0.1041364 -0.0585118 -0.9928404 0.0942732 -0.0307779 -0.9950705 0.0859893 -0.0103002 -0.9962428 0.0784865 0.0060659 -0.9968967 0.0712822 0.0199954 -0.9972558 0.0640175 0.0325052 -0.9974193 0.0639012 0.0453293 -0.9969262 0.0443862 0.0347814 -0.9984088 0.0467053 0.0545293 -0.9974193 0.0362652 0.064543 -0.9972558 0.0244313 0.0748334 -0.9968967 0.0103002 0.0859893 -0.9962428 -0.0076417 0.0988753 -0.9950705 -0.0322615 0.1150097 -0.9928404 -0.0698576 0.1375815 -0.9880239 -0.1493501 0.2060465 -0.9670778 -0.091533 0.1247115 -0.9879619 -0.1171902 0.1003753 -0.9880239 -0.1041364 0.0585118 -0.9928404 -0.0942732 0.0307779 -0.9950705 -0.0859893 0.0103002 -0.9962428 -0.0784865 -0.0060659 -0.9968967 -0.0712822 -0.0199954 -0.9972558 -0.0640175 -0.0325052 -0.9974193 -0.0639012 -0.0453293 -0.9969262 -0.764154 -0.5937939 -0.2519473 -0.6514617 -0.7355658 -0.185851 -0.4954422 -0.848526 -0.185851 -0.3203832 -0.9288778 -0.185851 -0.1330121 -0.9735334 -0.185851 0.0594706 -0.9807766 -0.185851 0.2496679 -0.9503291 -0.185851 0.4302706 -0.883361 -0.185851 0.5825167 -0.8047875 -0.11398 0.5622641 -0.7673136 -0.308365 0.7355658 -0.6514617 -0.185851 0.848526 -0.4954422 -0.185851 0.9288778 -0.3203832 -0.185851 0.9735334 -0.1330121 -0.185851 0.9807766 0.0594706 -0.185851 0.9503291 0.2496679 -0.185851 0.883361 0.4302706 -0.185851 0.8103816 0.5679092 -0.1440859 0.764154 0.5937939 -0.2519473 0.6514617 0.7355658 -0.185851 0.4954422 0.848526 -0.185851 0.3203832 0.9288778 -0.185851 0.1330121 0.9735334 -0.185851 -0.0594706 0.9807766 -0.185851 -0.2496679 0.9503291 -0.185851 -0.4302706 0.883361 -0.185851 -0.5825167 0.8047875 -0.11398 -0.5622641 0.7673136 -0.308365 -0.7355658 0.6514617 -0.185851 -0.848526 0.4954422 -0.185851 -0.9288778 0.3203832 -0.185851 -0.9735334 0.1330121 -0.185851 -0.9807766 -0.0594706 -0.185851 -0.9503291 -0.2496679 -0.185851 -0.883361 -0.4302706 -0.185851 -0.8103816 -0.5679092 -0.1440859 -0.7905354 -0.5952251 0.1440859 -0.6821853 -0.7071653 0.185851 -0.5311162 -0.826665 0.185851 -0.3596366 -0.9143965 0.185851 -0.1743363 -0.9669882 0.185851 0.0176635 -0.9824192 0.185851 0.2089846 -0.9600963 0.185851 0.3922745 -0.9008774 0.185851 0.5560094 -0.7718579 0.308365 0.5853908 -0.8026993 0.11398 0.7071653 -0.6821853 0.185851 0.826665 -0.5311162 0.185851 0.9143965 -0.3596366 0.185851 0.9669882 -0.1743363 0.185851 0.9824192 0.0176635 0.185851 0.9600963 0.2089846 0.185851 0.9008774 0.3922745 0.185851 0.8008681 0.5432613 0.2519473 0.7905354 0.5952251 0.1440859 0.6821853 0.7071653 0.185851 0.5311162 0.826665 0.185851 0.3596366 0.9143965 0.185851 0.1743363 0.9669882 0.185851 -0.0176635 0.9824192 0.185851 -0.2089846 0.9600963 0.185851 -0.3922745 0.9008774 0.185851 -0.5560094 0.7718579 0.308365 -0.5853908 0.8026993 0.11398 -0.7071653 0.6821853 0.185851 -0.826665 0.5311162 0.185851 -0.9143965 0.3596366 0.185851 -0.9669882 0.1743363 0.185851 -0.9824192 -0.0176635 0.185851 -0.9600963 -0.2089846 0.185851 -0.9008774 -0.3922745 0.185851 -0.8008681 -0.5432613 0.2519473 -0.0628573 -0.0467662 0.9969262 -0.0506968 -0.0508396 0.9974193 -0.0410442 -0.0616144 0.9972558 -0.0300227 -0.0727706 0.9968967 -0.0167761 -0.0849636 0.9962428 0.0001395 -0.0991701 0.9950705 0.0234681 -0.1171208 0.9928404 0.0592488 -0.1424722 0.9880239 0.0903224 -0.125591 0.9879619 0.1498102 -0.2057122 0.9670778 0.1092605 -0.1089536 0.9880239 0.0994113 -0.0662224 0.9928404 0.0916746 -0.0378219 0.9950705 0.0849636 -0.0167761 0.9962428 0.0787205 0.0001107 0.9968967 0.0725906 0.0145454 0.9972558 0.0662932 0.0275689 0.9974193 0.0467951 0.0314658 0.9984088 0.0628573 0.0467662 0.9969262 0.0506968 0.0508396 0.9974193 0.0410442 0.0616144 0.9972558 0.0300227 0.0727706 0.9968967 0.0167761 0.0849636 0.9962428 -0.0001395 0.0991701 0.9950705 -0.0234681 0.1171208 0.9928404 -0.0592488 0.1424722 0.9880239 -0.0903224 0.125591 0.9879619 -0.1498102 0.2057122 0.9670778 -0.1092605 0.1089536 0.9880239 -0.0994113 0.0662224 0.9928404 -0.0916746 0.0378219 0.9950705 -0.0849636 0.0167761 0.9962428 -0.0787205 -0.0001107 0.9968967 -0.0725906 -0.0145454 0.9972558 -0.0662932 -0.0275689 0.9974193 -0.0467951 -0.0314658 0.9984088 0.0 -0.0 -1.0 0.0 0.0 1.0</float_array>
          <technique_common>
            <accessor source="#mesh14-normals-array" count="146" stride="3">
              <param name="X" type="float" />
              <param name="Y" type="float" />
              <param name="Z" type="float" />
            </accessor>
          </technique_common>
        </source>
        <vertices id="mesh14-vertices">
          <input semantic="POSITION" source="#mesh14-positions" />
        </vertices>
        <triangles count="288" material="alloy">
          <input semantic="VERTEX" source="#mesh14-vertices" offset="0" />
          <input semantic="NORMAL" source="#mesh14-normals" offset="1" />
          <p>0 0 1 1 37 37 0 0 37 37 36 36 1 1 2 2 38 38 1 1 38 38 37 37 2 2 3 3 39 39 2 2 39 39 38 38 3 3 4 4 40 40 3 3 40 40 39 39 4 4 5 5 41 41 4 4 41 41 40 40 5 5 6 6 42 42 5 5 42 42 41 41 6 6 7 7 43 43 6 6 43 43 42 42 7 7 8 8 44 44 7 7 44 44 43 43 8 8 9 9 45 45 8 8 45 45 44 44 9 9 10 10 46 46 9 9 46 46 45 45 10 10 11 11 47 47 10 10 47 47 46 46 11 11 12 12 48 48 11 11 48 48 47 47 12 12 13 13 49 49 12 12 49 49 48 48 13 13 14 14 50 50 13 13 50 50 49 49 14 14 15 15 51 51 14 14 51 51 50 50 15 15 16 16 52 52 15 15 52 52 51 51 16 16 17 17 53 53 16 16 53 53 52 52 17 17 18 18 54 54 17 17 54 54 53 53 18 18 19 19 55 55 18 18 55 55 54 54 19 19 20 20 56 56 19 19 56 56 55 55 20 20 21 21 57 57 20 20 57 57 56 56 21 21 22 22 58 58 21 21 58 58 57 57 22 22 23 23 59 59 22 22 59 59 58 58 23 23 24 24 60 60 23 23 60 60 59 59 24 24 25 25 61 61 24 24 61 61 60 60 25 25 26 26 62 62 25 25 62 62 61 61 26 26 27 27 63 63 26 26 63 63 62 62 27 27 28 28 64 64 27 27 64 64 63 63 28 28 29 29 65 65 28 28 65 65 64 64 29 29 30 30 66 66 29 29 66 66 65 65 30 30 31 31 67 67 30 30 67 67 66 66 31 31 32 32 68 68 31 31 68 68 67 67 32 32 33 33 69 69 32 32 69 69 68 68 33 33 34 34 70 70 33 33 70 70 69 69 34 34 35 35 71 71 34 34 71 71 70 70 35 35 0 0 36 36 35 35 36 36 71 71 36 36 37 37 73 73 36 36 73 73 72 72 37 37 38 38 74 74 37 37 74 74 73 73 38 38 39 39 75 75 38 38 75 75 74 74 39 39 40 40 76 76 39 39 76 76 75 75 40 40 41 41 77 77 40 40 77 77 76 76 41 41 42 42 78 78 41 41 78 78 77 77 42 42 43 43 79 79 42 42 79 79 78 78 43 43 44 44 80 80 43 43 80 80 79 79 44 44 45 45 81 81 44 44 81 81 80 80 45 45 46 46 82 82 45 45 82 82 81 81 46 46 47 47 83 83 46 46 83 83 82 82 47 47 48 48 84 84 47 47 84 84 83 83 48 48 49 49 85 85 48 48 85 85 84 84 49 49 50 50 86 86 49 49 86 86 85 85 50 50 51 51 87 87 50 50 87 87 86 86 51 51 52 52 88 88 51 51 88 88 87 87 52 52 53 53 89 89 52 52 89 89 88 88 53 53 54 54 90 90 53 53 90 90 89 89 54 54 55 55 91 91 54 54 91 91 90 90 55 55 56 56 92 92 55 55 92 92 91 91 56 56 57 57 93 93 56 56 93 93 92 92 57 57 58 58 94 94 57 57 94 94 93 93 58 58 59 59 95 95 58 58 95 95 94 94 59 59 60 60 96 96 59 59 96 96 95 95 60 60 61 61 97 97 60 60 97 97 96 96 61 61 62 62 98 98 61 61 98 98 97 97 62 62 63 63 99 99 62 62 99 99 98 98 63 63 64 64 100 100 63 63 100 100 99 99 64 64 65 65 101 101 64 64 101 101 100 100 65 65 66 66 102 102 65 65 102 102 101 101 66 66 67 67 103 103 66 66 103 103 102 102 67 67 68 68 104 104 67 67 104 104 103 103 68 68 69 69 105 105 68 68 105 105 104 104 69 69 70 70 106 106 69 69 106 106 105 105 70 70 71 71 107 107 70 70 107 107 106 106 71 71 36 36 72 72 71 71 72 72 107 107 72 72 73 73 109 109 72 72 109 109 108 108 73 73 74 74 110 110 73 73 110 110 109 109 74 74 75 75 111 111 74 74 111 111 110 110 75 75 76 76 112 112 75 75 112 112 111 111 76 76 77 77 113 113 76 76 113 113 112 112 77 77 78 78 114 114 77 77 114 114 113 113 78 78 79 79 115 115 78 78 115 115 114 114 79 79 80 80 116 116 79 79 116 116 115 115 80 80 81 81 117 117 80 80 117 117 116 116 81 81 82 82 118 118 81 81 118 118 117 117 82 82 83 83 119 119 82 82 119 119 118 118 83 83 84 84 120 120 83 83 120 120 119 119 84 84 85 85 121 121 84 84 121 121 120 120 85 85 86 86 122 122 85 85 122 122 121 121 86 86 87 87 123 123 86 86 123 123 122 122 87 87 88 88 124 124 87 87 124 124 123 123 88 88 89 89 125 125 88 88 125 125 124 124 89 89 90 90 126 126 89 89 126 126 125 125 90 90 91 91 127 127 90 90 127 127 126 126 91 91 92 92 128 128 91 91 128 128 127 127 92 92 93 93 129 129 92 92 129 129 128 128 93 93 94 94 130 130 93 93 130 130 129 129 94 94 95 95 131 131 94 94 131 131 130 130 95 95 96 96 132 132 95 95 132 132 131 131 96 96 97 97 133 133 96 96 133 133 132 132 97 97 98 98 134 134 97 97 134 134 133 133 98 98 99 99 135 135 98 98 135 135 134 134 99 99 100 100 136 136 99 99 136 136 135 135 100 100 101 101 137 137 100 100 137 137 136 136 101 101 102 102 138 138 101 101 138 138 137 137 102 102 103 103 139 139 102 102 139 139 138 138 103 103 104 104 140 140 103 103 140 140 139 139 104 104 105 105 141 141 104 104 141 141 140 140 105 105 106 106 142 142 105 105 142 142 141 141 106 106 107 107 143 143 106 106 143 143 142 142 107 107 72 72 108 108 107 107 108 108 143 143 144 144 1 1 0 0 144 144 2 2 1 1 144 144 3 3 2 2 144 144 4 4 3 3 144 144 5 5 4 4 144 144 6 6 5 5 144 144 7 7 6 6 144 144 8 8 7 7 144 144 9 9 8 8 144 144 10 10 9 9 144 144 11 11 10 10 144 144 12 12 11 11 144 144 13 13 12 12 144 144 14 14 13 13 144 144 15 15 14 14 144 144 16 16 15 15 144 144 17 17 16 16 144 144 18 18 17 17 144 144 19 19 18 18 144 144 20 20 19 19 144 144 21 21 20 20 144 144 22 22 21 21 144 144 23 23 22 22 144 144 24 24 23 23 144 144 25 25 24 24 144 144 26 26 25 25 144 144 27 27 26 26 144 144 28 28 27 27 144 144 29 29 28 28 144 144 30 30 29 29 144 144 31 31 30 30 144 144 32 32 31 31 144 144 33 33 32 32 144 144 34 34 33 33 144 144 35 35 34 34 144 144 0 0 35 35 145 145 108 108 109 109 145 145 109 109 110 110 145 145 110 110 111 111 145 145 111 111 112 112 145 145 112 112 113 113 145 145 113 113 114 114 145 145 114 114 115 115 145 145 115 115 116 116 145 145 116 116 117 117 145 145 117 117 118 118 145 145 118 118 119 119 145 145 119 119 120 120 145 145 120 120 121 121 145 145 121 121 122 122 145 145 122 122 123 123 145 145 123 123 124 124 145 145 124 124 125 125 145 145 125 125 126 126 145 145 126 126 127 127 145 145 127 127 128 128 145 145 128 128 129 129 145 145 129 129 130 130 145 145 130 130 131 131 145 145 131 131 132 132 145 145 132 132 133 133 145 145 133 133 134 134 145 145 134 134 135 135 145 145 135 135 136 136 145 145 136 136 137 137 145 145 137 137 138 138 145 145 138 138 139 139 145 145 139 139 140 140 145 145 140 140 141 141 145 145 141 141 142 142 145 145 142 142 143 143 145 145 143 143 108 108</p>
        </triangles>
      </mesh>
    </geometry>
    <geometry id="mesh15">
      <mesh>
        <source id="mesh15-positions">
          <float_array id="mesh15-positions-array" count="438">0.0174955 -0.0489914 0.026 0.0182139 -0.0486772 0.026 0.0188572 -0.0482288 0.026 0.0194007 -0.0476636 0.026 0.0198234 -0.0470031 0.026 0.0201092 -0.0462729 0.026 0.0202471 -0.045501 0.026 0.0202317 -0.044717 0.026 0.0200636 -0.0439511 0.026 0.009557 -0.0116152 0.026 0.0092428 -0.0108968 0.026 0.0087944 -0.0102535 0.026 0.0082292 -0.00971 0.026 0.0075688 -0.0092872 0.026 0.0068386 -0.0090014 0.026 0.0060667 -0.0088636 0.026 0.0052827 -0.008879 0.026 0.0045168 -0.009047 0.026 0.0016636 -0.0099741 0.026 0.0009452 -0.0102883 0.026 0.0003019 -0.0107367 0.026 -0.0002416 -0.0113019 0.026 -0.0006644 -0.0119624 0.026 -0.0009502 -0.0126926 0.026 -0.001088 -0.0134645 0.026 -0.0010726 -0.0142485 0.026 -0.0009046 -0.0150144 0.026 0.009602 -0.0473503 0.026 0.0099162 -0.0480687 0.026 0.0103646 -0.048712 0.026 0.0109299 -0.0492555 0.026 0.0115903 -0.0496783 0.026 0.0123205 -0.0499641 0.026 0.0130924 -0.0501019 0.026 0.0138764 -0.0500865 0.026 0.0146423 -0.0499185 0.026 0.0178045 -0.0499425 0.027 0.0187025 -0.0495497 0.027 0.0195066 -0.0489892 0.027 0.020186 -0.0482827 0.027 0.0207144 -0.0474571 0.027 0.0210717 -0.0465444 0.027 0.021244 -0.0455795 0.027 0.0212247 -0.0445995 0.027 0.0210147 -0.0436421 0.027 0.0105081 -0.0113062 0.027 0.0101153 -0.0104082 0.027 0.0095549 -0.009604 0.027 0.0088483 -0.0089247 0.027 0.0080228 -0.0083962 0.027 0.00711 -0.008039 0.027 0.0061451 -0.0078667 0.027 0.0051651 -0.0078859 0.027 0.0042077 -0.008096 0.027 0.0013546 -0.009023 0.027 0.0004565 -0.0094158 0.027 -0.0003476 -0.0099763 0.027 -0.0010269 -0.0106828 0.027 -0.0015554 -0.0115084 0.027 -0.0019126 -0.0124211 0.027 -0.0020849 -0.013386 0.027 -0.0020657 -0.014366 0.027 -0.0018556 -0.0153234 0.027 0.0086509 -0.0476593 0.027 0.0090438 -0.0485573 0.027 0.0096042 -0.0493615 0.027 0.0103108 -0.0500408 0.027 0.0111363 -0.0505693 0.027 0.012049 -0.0509265 0.027 0.0130139 -0.0510988 0.027 0.0139939 -0.0510796 0.027 0.0149513 -0.0508695 0.027 0.0178045 -0.0499425 0.031 0.0187025 -0.0495497 0.031 0.0195066 -0.0489892 0.031 0.020186 -0.0482827 0.031 0.0207144 -0.0474571 0.031 0.0210717 -0.0465444 0.031 0.021244 -0.0455795 0.031 0.0212247 -0.0445995 0.031 0.0210147 -0.0436421 0.031 0.0105081 -0.0113062 0.031 0.0101153 -0.0104082 0.031 0.0095549 -0.009604 0.031 0.0088483 -0.0089247 0.031 0.0080228 -0.0083962 0.031 0.00711 -0.008039 0.031 0.0061451 -0.0078667 0.031 0.0051651 -0.0078859 0.031 0.0042077 -0.008096 0.031 0.0013546 -0.009023 0.031 0.0004565 -0.0094158 0.031 -0.0003476 -0.0099763 0.031 -0.0010269 -0.0106828 0.031 -0.0015554 -0.0115084 0.031 -0.0019126 -0.0124211 0.031 -0.0020849 -0.013386 0.031 -0.0020657 -0.014366 0.031 -0.0018556 -0.0153234 0.031 0.0086509 -0.0476593 0.031 0.0090438 -0.0485573 0.031 0.0096042 -0.0493615 0.031 0.0103108 -0.0500408 0.031 0.0111363 -0.0505693 0.031 0.012049 -0.0509265 0.031 0.0130139 -0.0510988 0.031 0.0139939 -0.0510796 0.031 0.0149513 -0.0508695 0.031 0.0174955 -0.0489914 0.032 0.0182139 -0.0486772 0.032 0.0188572 -0.0482288 0.032 0.0194007 -0.0476636 0.032 0.0198234 -0.0470031 0.032 0.0201092 -0.0462729 0.032 0.0202471 -0.045501 0.032 0.0202317 -0.044717 0.032 0.0200636 -0.0439511 0.032 0.009557 -0.0116152 0.032 0.0092428 -0.0108968 0.032 0.0087944 -0.0102535 0.032 0.0082292 -0.00971 0.032 0.0075688 -0.0092872 0.032 0.0068386 -0.0090014 0.032 0.0060667 -0.0088636 0.032 0.0052827 -0.008879 0.032 0.0045168 -0.009047 0.032 0.0016636 -0.0099741 0.032 0.0009452 -0.0102883 0.032 0.0003019 -0.0107367 0.032 -0.0002416 -0.0113019 0.032 -0.0006644 -0.0119624 0.032 -0.0009502 -0.0126926 0.032 -0.001088 -0.0134645 0.032 -0.0010726 -0.0142485 0.032 -0.0009046 -0.0150144 0.032 0.009602 -0.0473503 0.032 0.0099162 -0.0480687 0.032 0.0103646 -0.048712 0.032 0.0109299 -0.0492555 0.032 0.0115903 -0.0496783 0.032 0.0123205 -0.0499641 0.032 0.0130924 -0.0501019 0.032 0.0138764 -0.0500865 0.032 0.0146423 -0.0499185 0.032 0.0095795 -0.0294828 0.026 0.0095795 -0.0294828 0.032</float_array>
          <technique_common>
            <accessor source="#mesh15-positions-array" count="146" stride="3">
              <param name="X" type="float" />
              <param name="Y" type="float" />
              <param name="Z" type="float" />
            </accessor>
          </technique_common>
        </source>
        <source id="mesh15-normals">
          <float_array id="mesh15-normals-array" count="438">0.0193629 -0.0529618 -0.9984088 0.0374278 -0.0612699 -0.9974193 0.0501775 -0.0544351 -0.9972558 0.0636211 -0.0463603 -0.9968967 0.0785978 -0.0363682 -0.9962428 0.0963974 -0.0232864 -0.9950705 0.11935 -0.0048574 -0.9928404 0.1524349 0.0239236 -0.9880239 0.2421136 0.0783685 -0.9670778 0.1468929 0.0485151 -0.9879619 0.1316764 0.0804368 -0.9880239 0.0878279 0.0809585 -0.9928404 0.0584036 0.0801483 -0.9950705 0.0363682 0.0785978 -0.9962428 0.0184846 0.0765196 -0.9968967 0.0030106 0.0739723 -0.9972558 -0.0111318 0.070929 -0.9974193 -0.0233641 0.0747812 -0.9969262 -0.0193629 0.0529618 -0.9984088 -0.0374278 0.0612699 -0.9974193 -0.0501775 0.0544351 -0.9972558 -0.0636211 0.0463603 -0.9968967 -0.0785978 0.0363682 -0.9962428 -0.0963974 0.0232864 -0.9950705 -0.11935 0.0048574 -0.9928404 -0.1524349 -0.0239236 -0.9880239 -0.2421136 -0.0783685 -0.9670778 -0.1468929 -0.0485151 -0.9879619 -0.1316764 -0.0804368 -0.9880239 -0.0878279 -0.0809585 -0.9928404 -0.0584036 -0.0801483 -0.9950705 -0.0363682 -0.0785978 -0.9962428 -0.0184846 -0.0765196 -0.9968967 -0.0030106 -0.0739723 -0.9972558 0.0111318 -0.070929 -0.9974193 0.0233641 -0.0747812 -0.9969262 0.3285949 -0.9102461 -0.2519473 0.498252 -0.8468792 -0.185851 0.6538961 -0.7334025 -0.185851 0.7844114 -0.5917416 -0.185851 0.8847822 -0.4273404 -0.185851 0.9511514 -0.2465167 -0.185851 0.9809683 -0.0562195 -0.185851 0.9730871 0.1362382 -0.185851 0.9454059 0.3053133 -0.11398 0.9035077 0.297632 -0.308365 0.8468792 0.498252 -0.185851 0.7334025 0.6538961 -0.185851 0.5917416 0.7844114 -0.185851 0.4273404 0.8847822 -0.185851 0.2465167 0.9511514 -0.185851 0.0562195 0.9809683 -0.185851 -0.1362382 0.9730871 -0.185851 -0.289692 0.9462123 -0.1440859 -0.3285949 0.9102461 -0.2519473 -0.498252 0.8468792 -0.185851 -0.6538961 0.7334025 -0.185851 -0.7844114 0.5917416 -0.185851 -0.8847822 0.4273404 -0.185851 -0.9511514 0.2465167 -0.185851 -0.9809683 0.0562195 -0.185851 -0.9730871 -0.1362382 -0.185851 -0.9454059 -0.3053133 -0.11398 -0.9035077 -0.297632 -0.308365 -0.8468792 -0.498252 -0.185851 -0.7334025 -0.6538961 -0.185851 -0.5917416 -0.7844114 -0.185851 -0.4273404 -0.8847822 -0.185851 -0.2465167 -0.9511514 -0.185851 -0.0562195 -0.9809683 -0.185851 0.1362382 -0.9730871 -0.185851 0.289692 -0.9462123 -0.1440859 0.3218039 -0.9357786 0.1440859 0.4617473 -0.8673228 0.185851 0.6220812 -0.760575 0.185851 0.7585089 -0.6245988 0.185851 0.8657876 -0.4646195 0.185851 0.9397945 -0.2867852 0.185851 0.9776856 -0.0979299 0.185851 0.9780048 0.0946888 0.185851 0.9058968 0.2902792 0.308365 0.9443081 0.308692 0.11398 0.8673228 0.4617473 0.185851 0.760575 0.6220812 0.185851 0.6245988 0.7585089 0.185851 0.4646195 0.8657876 0.185851 0.2867852 0.9397945 0.185851 0.0979299 0.9776856 0.185851 -0.0946888 0.9780048 0.185851 -0.2691903 0.9295478 0.2519473 -0.3218039 0.9357786 0.1440859 -0.4617473 0.8673228 0.185851 -0.6220812 0.760575 0.185851 -0.7585089 0.6245988 0.185851 -0.8657876 0.4646195 0.185851 -0.9397945 0.2867852 0.185851 -0.9776856 0.0979299 0.185851 -0.9780048 -0.0946888 0.185851 -0.9058968 -0.2902792 0.308365 -0.9443081 -0.308692 0.11398 -0.8673228 -0.4617473 0.185851 -0.760575 -0.6220812 0.185851 -0.6245988 -0.7585089 0.185851 -0.4646195 -0.8657876 0.185851 -0.2867852 -0.9397945 0.185851 -0.0979299 -0.9776856 0.185851 0.0946888 -0.9780048 0.185851 0.2691903 -0.9295478 0.2519473 0.0250533 -0.0742324 0.9969262 0.0326852 -0.0639258 0.9974193 0.0459155 -0.0580753 0.9972558 0.0599314 -0.0510407 0.9968967 0.0756211 -0.0422102 0.9962428 0.0943594 -0.0305126 0.9950705 0.1186405 -0.0138728 0.9928404 0.153808 0.0123227 0.9880239 0.1473553 0.047092 0.9879619 0.2419379 0.0789094 0.9670778 0.1373844 0.0702444 0.9880239 0.0937011 0.0740819 0.9928404 0.0642997 0.0755001 0.9950705 0.0422102 0.0756211 0.9962428 0.0242206 0.0749018 0.9968967 0.0085983 0.0735325 0.9972558 -0.0057338 0.0715678 0.9974193 -0.0154652 0.0542283 0.9984088 -0.0250533 0.0742324 0.9969262 -0.0326852 0.0639258 0.9974193 -0.0459155 0.0580753 0.9972558 -0.0599314 0.0510407 0.9968967 -0.0756211 0.0422102 0.9962428 -0.0943594 0.0305126 0.9950705 -0.1186405 0.0138728 0.9928404 -0.153808 -0.0123227 0.9880239 -0.1473553 -0.047092 0.9879619 -0.2419379 -0.0789094 0.9670778 -0.1373844 -0.0702444 0.9880239 -0.0937011 -0.0740819 0.9928404 -0.0642997 -0.0755001 0.9950705 -0.0422102 -0.0756211 0.9962428 -0.0242206 -0.0749018 0.9968967 -0.0085983 -0.0735325 0.9972558 0.0057338 -0.0715678 0.9974193 0.0154652 -0.0542283 0.9984088 -0.0 -0.0 -1.0 0.0 0.0 1.0</float_array>
          <technique_common>
            <accessor source="#mesh15-normals-array" count="146" stride="3">
              <param name="X" type="float" />
              <param name="Y" type="float" />
              <param name="Z" type="float" />
            </accessor>
          </technique_common>
        </source>
        <vertices id="mesh15-vertices">
          <input semantic="POSITION" source="#mesh15-positions" />
        </vertices>
        <triangles count="288" material="alloy">
          <input semantic="VERTEX" source="#mesh15-vertices" offset="0" />
          <input semantic="NORMAL" source="#mesh15-normals" offset="1" />
          <p>0 0 1 1 37 37 0 0 37 37 36 36 1 1 2 2 38 38 1 1 38 38 37 37 2 2 3 3 39 39 2 2 39 39 38 38 3 3 4 4 40 40 3 3 40 40 39 39 4 4 5 5 41 41 4 4 41 41 40 40 5 5 6 6 42 42 5 5 42 42 41 41 6 6 7 7 43 43 6 6 43 43 42 42 7 7 8 8 44 44 7 7 44 44 43 43 8 8 9 9 45 45 8 8 45 45 44 44 9 9 10 10 46 46 9 9 46 46 45 45 10 10 11 11 47 47 10 10 47 47 46 46 11 11 12 12 48 48 11 11 48 48 47 47 12 12 13 13 49 49 12 12 49 49 48 48 13 13 14 14 50 50 13 13 50 50 49 49 14 14 15 15 51 51 14 14 51 51 50 50 15 15 16 16 52 52 15 15 52 52 51 51 16 16 17 17 53 53 16 16 53 53 52 52 17 17 18 18 54 54 17 17 54 54 53 53 18 18 19 19 55 55 18 18 55 55 54 54 19 19 20 20 56 56 19 19 56 56 55 55 20 20 21 21 57 57 20 20 57 57 56 56 21 21 22 22 58 58 21 21 58 58 57 57 22 22 23 23 59 59 22 22 59 59 58 58 23 23 24 24 60 60 23 23 60 60 59 59 24 24 25 25 61 61 24 24 61 61 60 60 25 25 26 26 62 62 25 25 62 62 61 61 26 26 27 27 63 63 26 26 63 63 62 62 27 27 28 28 64 64 27 27 64 64 63 63 28 28 29 29 65 65 28 28 65 65 64 64 29 29 30 30 66 66 29 29 66 66 65 65 30 30 31 31 67 67 30 30 67 67 66 66 31 31 32 32 68 68 31 31 68 68 67 67 32 32 33 33 69 69 32 32 69 69 68 68 33 33 34 34 70 70 33 33 70 70 69 69 34 34 35 35 71 71 34 34 71 71 70 70 35 35 0 0 36 36 35 35 36 36 71 71 36 36 37 37 73 73 36 36 73 73 72 72 37 37 38 38 74 74 37 37 74 74 73 73 38 38 39 39 75 75 38 38 75 75 74 74 39 39 40 40 76 76 39 39 76 76 75 75 40 40 41 41 77 77 40 40 77 77 76 76 41 41 42 42 78 78 41 41 78 78 77 77 42 42 43 43 79 79 42 42 79 79 78 78 43 43 44 44 80 80 43 43 80 80 79 79 44 44 45 45 81 81 44 44 81 81 80 80 45 45 46 46 82 82 45 45 82 82 81 81 46 46 47 47 83 83 46 46 83 83 82 82 47 47 48 48 84 84 47 47 84 84 83 83 48 48 49 49 85 85 48 48 85 85 84 84 49 49 50 50 86 86 49 49 86 86 85 85 50 50 51 51 87 87 50 50 87 87 86 86 51 51 52 52 88 88 51 51 88 88 87 87 52 52 53 53 89 89 52 52 89 89 88 88 53 53 54 54 90 90 53 53 90 90 89 89 54 54 55 55 91 91 54 54 91 91 90 90 55 55 56 56 92 92 55 55 92 92 91 91 56 56 57 57 93 93 56 56 93 93 92 92 57 57 58 58 94 94 57 57 94 94 93 93 58 58 59 59 95 95 58 58 95 95 94 94 59 59 60 60 96 96 59 59 96 96 95 95 60 60 61 61 97 97 60 60 97 97 96 96 61 61 62 62 98 98 61 61 98 98 97 97 62 62 63 63 99 99 62 62 99 99 98 98 63 63 64 64 100 100 63 63 100 100 99 99 64 64 65 65 101 101 64 64 101 101 100 100 65 65 66 66 102 102 65 65 102 102 101 101 66 66 67 67 103 103 66 66 103 103 102 102 67 67 68 68 104 104 67 67 104 104 103 103 68 68 69 69 105 105 68 68 105 105 104 104 69 69 70 70 106 106 69 69 106 106 105 105 70 70 71 71 107 107 70 70 107 107 106 106 71 71 36 36 72 72 71 71 72 72 107 107 72 72 73 73 109 109 72 72 109 109 108 108 73 73 74 74 110 110 73 73 110 110 109 109 74 74 75 75 111 111 74 74 111 111 110 110 75 75 76 76 112 112 75 75 112 112 111 111 76 76 77 77 113 113 76 76 113 113 112 112 77 77 78 78 114 114 77 77 114 114 113 113 78 78 79 79 115 115 78 78 115 115 114 114 79 79 80 80 116 116 79 79 116 116 115 115 80 80 81 81 117 117 80 80 117 117 116 116 81 81 82 82 118 118 81 81 118 118 117 117 82 82 83 83 119 119 82 82 119 119 118 118 83 83 84 84 120 120 83 83 120 120 119 119 84 84 85 85 121 121 84 84 121 121 120 120 85 85 86 86 122 122 85 85 122 122 121 121 86 86 87 87 123 123 86 86 123 123 122 122 87 87 88 88 124 124 87 87 124 124 123 123 88 88 89 89 125 125 88 88 125 125 124 124 89 89 90 90 126 126 89 89 126 126 125 125 90 90 91 91 127 127 90 90 127 127 126 126 91 91 92 92 128 128 91 91 128 128 127 127 92 92 93 93 129 129 92 92 129 129 128 128 93 93 94 94 130 130 93 93 130 130 129 129 94 94 95 95 131 131 94 94 131 131 130 130 95 95 96 96 132 132 95 95 132 132 131 131 96 96 97 97 133 133 96 96 133 133 132 132 97 97 98 98 134 134 97 97 134 134 133 133 98 98 99 99 135 135 98 98 135 135 134 134 99 99 100 100 136 136 99 99 136 136 135 135 100 100 101 101 137 137 100 100 137 137 136 136 101 101 102 102 138 138 101 101 138 138 137 137 102 102 103 103 139 139 102 102 139 139 138 138 103 103 104 104 140 140 103 103 140 140 139 139 104 104 105 105 141 141 104 104 141 141 140 140 105 105 106 106 142 142 105 105 142 142 141 141 106 106 107 107 143 143 106 106 143 143 142 142 107 107 72 72 108 108 107 107 108 108 143 143 144 144 1 1 0 0 144 144 2 2 1 1 144 144 3 3 2 2 144 144 4 4 3 3 144 144 5 5 4 4 144 144 6 6 5 5 144 144 7 7 6 6 144 144 8 8 7 7 144 144 9 9 8 8 144 144 10 10 9 9 144 144 11 11 10 10 144 144 12 12 11 11 144 144 13 13 12 12 144 144 14 14 13 13 144 144 15 15 14 14 144 144 16 16 15 15 144 144 17 17 16 16 144 144 18 18 17 17 144 144 19 19 18 18 144 144 20 20 19 19 144 144 21 21 20 20 144 144 22 22 21 21 144 144 23 23 22 22 144 144 24 24 23 23 144 144 25 25 24 24 144 144 26 26 25 25 144 144 27 27 26 26 144 144 28 28 27 27 144 144 29 29 28 28 144 144 30 30 29 29 144 144 31 31 30 30 144 144 32 32 31 31 144 144 33 33 32 32 144 144 34 34 33 33 144 144 35 35 34 34 144 144 0 0 35 35 145 145 108 108 109 109 145 145 109 109 110 110 145 145 110 110 111 111 145 145 111 111 112 112 145 145 112 112 113 113 145 145 113 113 114 114 145 145 114 114 115 115 145 145 115 115 116 116 145 145 116 116 117 117 145 145 117 117 118 118 145 145 118 118 119 119 145 145 119 119 120 120 145 145 120 120 121 121 145 145 121 121 122 122 145 145 122 122 123 123 145 145 123 123 124 124 145 145 124 124 125 125 145 145 125 125 126 126 145 145 126 126 127 127 145 145 127 127 128 128 145 145 128 128 129 129 145 145 129 129 130 130 145 145 130 130 131 131 145 145 131 131 132 132 145 145 132 132 133 133 145 145 133 133 134 134 145 145 134 134 135 135 145 145 135 135 136 136 145 145 136 136 137 137 145 145 137 137 138 138 145 145 138 138 139 139 145 145 139 139 140 140 145 145 140 140 141 141 145 145 141 141 142 142 145 145 142 142 143 143 145 145 143 143 108 108</p>
        </triangles>
      </mesh>
    </geometry>
    <geometry id="mesh16">
      <mesh>
        <source id="mesh16-positions">
          <float_array id="mesh16-positions-array" count="774">0.019 0.0 0.0205 0.0189085 0.0018623 0.0205 0.0186349 0.0037067 0.0205 0.0181819 0.0055154 0.0205 0.0175537 0.007271 0.0205 0.0167565 0.0089565 0.0205 0.0157979 0.0105558 0.0205 0.0146872 0.0120535 0.0205 0.013435 0.013435 0.0205 0.0120535 0.0146872 0.0205 0.0105558 0.0157979 0.0205 0.0089565 0.0167565 0.0205 0.007271 0.0175537 0.0205 0.0055154 0.0181819 0.0205 0.0037067 0.0186349 0.0205 0.0018623 0.0189085 0.0205 0.0 0.019 0.0205 -0.0018623 0.0189085 0.0205 -0.0037067 0.0186349 0.0205 -0.0055154 0.0181819 0.0205 -0.007271 0.0175537 0.0205 -0.0089565 0.0167565 0.0205 -0.0105558 0.0157979 0.0205 -0.0120535 0.0146872 0.0205 -0.013435 0.013435 0.0205 -0.0146872 0.0120535 0.0205 -0.0157979 0.0105558 0.0205 -0.0167565 0.0089565 0.0205 -0.0175537 0.007271 0.0205 -0.0181819 0.0055154 0.0205 -0.0186349 0.0037067 0.0205 -0.0189085 0.0018623 0.0205 -0.019 0.0 0.0205 -0.0189085 -0.0018623 0.0205 -0.0186349 -0.0037067 0.0205 -0.0181819 -0.0055154 0.0205 -0.0175537 -0.007271 0.0205 -0.0167565 -0.0089565 0.0205 -0.0157979 -0.0105558 0.0205 -0.0146872 -0.0120535 0.0205 -0.013435 -0.013435 0.0205 -0.0120535 -0.0146872 0.0205 -0.0105558 -0.0157979 0.0205 -0.0089565 -0.0167565 0.0205 -0.007271 -0.0175537 0.0205 -0.0055154 -0.0181819 0.0205 -0.0037067 -0.0186349 0.0205 -0.0018623 -0.0189085 0.0205 -0.0 -0.019 0.0205 0.0018623 -0.0189085 0.0205 0.0037067 -0.0186349 0.0205 0.0055154 -0.0181819 0.0205 0.007271 -0.0175537 0.0205 0.0089565 -0.0167565 0.0205 0.0105558 -0.0157979 0.0205 0.0120535 -0.0146872 0.0205 0.013435 -0.013435 0.0205 0.0146872 -0.0120535 0.0205 0.0157979 -0.0105558 0.0205 0.0167565 -0.0089565 0.0205 0.0175537 -0.007271 0.0205 0.0181819 -0.0055154 0.0205 0.0186349 -0.0037067 0.0205 0.0189085 -0.0018623 0.0205 0.022 0.0 0.0235 0.0218941 0.0021564 0.0235 0.0215773 0.004292 0.0235 0.0210527 0.0063863 0.0235 0.0203253 0.008419 0.0235 0.0194023 0.0103707 0.0235 0.0182923 0.0122225 0.0235 0.0170062 0.0139567 0.0235 0.0155563 0.0155563 0.0235 0.0139567 0.0170062 0.0235 0.0122225 0.0182923 0.0235 0.0103707 0.0194023 0.0235 0.008419 0.0203253 0.0235 0.0063863 0.0210527 0.0235 0.004292 0.0215773 0.0235 0.0021564 0.0218941 0.0235 0.0 0.022 0.0235 -0.0021564 0.0218941 0.0235 -0.004292 0.0215773 0.0235 -0.0063863 0.0210527 0.0235 -0.008419 0.0203253 0.0235 -0.0103707 0.0194023 0.0235 -0.0122225 0.0182923 0.0235 -0.0139567 0.0170062 0.0235 -0.0155563 0.0155563 0.0235 -0.0170062 0.0139567 0.0235 -0.0182923 0.0122225 0.0235 -0.0194023 0.0103707 0.0235 -0.0203253 0.008419 0.0235 -0.0210527 0.0063863 0.0235 -0.0215773 0.004292 0.0235 -0.0218941 0.0021564 0.0235 -0.022 0.0 0.0235 -0.0218941 -0.0021564 0.0235 -0.0215773 -0.004292 0.0235 -0.0210527 -0.0063863 0.0235 -0.0203253 -0.008419 0.0235 -0.0194023 -0.0103707 0.0235 -0.0182923 -0.0122225 0.0235 -0.0170062 -0.0139567 0.0235 -0.0155563 -0.0155563 0.0235 -0.0139567 -0.0170062 0.0235 -0.0122225 -0.0182923 0.0235 -0.0103707 -0.0194023 0.0235 -0.008419 -0.0203253 0.0235 -0.0063863 -0.0210527 0.0235 -0.004292 -0.0215773 0.0235 -0.0021564 -0.0218941 0.0235 -0.0 -0.022 0.0235 0.0021564 -0.0218941 0.0235 0.004292 -0.0215773 0.0235 0.0063863 -0.0210527 0.0235 0.008419 -0.0203253 0.0235 0.0103707 -0.0194023 0.0235 0.0122225 -0.0182923 0.0235 0.0139567 -0.0170062 0.0235 0.0155563 -0.0155563 0.0235 0.0170062 -0.0139567 0.0235 0.0182923 -0.0122225 0.0235 0.0194023 -0.0103707 0.0235 0.0203253 -0.008419 0.0235 0.0210527 -0.0063863 0.0235 0.0215773 -0.004292 0.0235 0.0218941 -0.0021564 0.0235 0.022 0.0 0.0285 0.0218941 0.0021564 0.0285 0.0215773 0.004292 0.0285 0.0210527 0.0063863 0.0285 0.0203253 0.008419 0.0285 0.0194023 0.0103707 0.0285 0.0182923 0.0122225 0.0285 0.0170062 0.0139567 0.0285 0.0155563 0.0155563 0.0285 0.0139567 0.0170062 0.0285 0.0122225 0.0182923 0.0285 0.0103707 0.0194023 0.0285 0.008419 0.0203253 0.0285 0.0063863 0.0210527 0.0285 0.004292 0.0215773 0.0285 0.0021564 0.0218941 0.0285 0.0 0.022 0.0285 -0.0021564 0.0218941 0.0285 -0.004292 0.0215773 0.0285 -0.0063863 0.0210527 0.0285 -0.008419 0.0203253 0.0285 -0.0103707 0.0194023 0.0285 -0.0122225 0.0182923 0.0285 -0.0139567 0.0170062 0.0285 -0.0155563 0.0155563 0.0285 -0.0170062 0.0139567 0.0285 -0.0182923 0.0122225 0.0285 -0.0194023 0.0103707 0.0285 -0.0203253 0.008419 0.0285 -0.0210527 0.0063863 0.0285 -0.0215773 0.004292 0.0285 -0.0218941 0.0021564 0.0285 -0.022 0.0 0.0285 -0.0218941 -0.0021564 0.0285 -0.0215773 -0.004292 0.0285 -0.0210527 -0.0063863 0.0285 -0.0203253 -0.008419 0.0285 -0.0194023 -0.0103707 0.0285 -0.0182923 -0.0122225 0.0285 -0.0170062 -0.0139567 0.0285 -0.0155563 -0.0155563 0.0285 -0.0139567 -0.0170062 0.0285 -0.0122225 -0.0182923 0.0285 -0.0103707 -0.0194023 0.0285 -0.008419 -0.0203253 0.0285 -0.0063863 -0.0210527 0.0285 -0.004292 -0.0215773 0.0285 -0.0021564 -0.0218941 0.0285 -0.0 -0.022 0.0285 0.0021564 -0.0218941 0.0285 0.004292 -0.0215773 0.0285 0.0063863 -0.0210527 0.0285 0.008419 -0.0203253 0.0285 0.0103707 -0.0194023 0.0285 0.0122225 -0.0182923 0.0285 0.0139567 -0.0170062 0.0285 0.0155563 -0.0155563 0.0285 0.0170062 -0.0139567 0.0285 0.0182923 -0.0122225 0.0285 0.0194023 -0.0103707 0.0285 0.0203253 -0.008419 0.0285 0.0210527 -0.0063863 0.0285 0.0215773 -0.004292 0.0285 0.0218941 -0.0021564 0.0285 0.019 0.0 0.0315 0.0189085 0.0018623 0.0315 0.0186349 0.0037067 0.0315 0.0181819 0.0055154 0.0315 0.0175537 0.007271 0.0315 0.0167565 0.0089565 0.0315 0.0157979 0.0105558 0.0315 0.0146872 0.0120535 0.0315 0.013435 0.013435 0.0315 0.0120535 0.0146872 0.0315 0.0105558 0.0157979 0.0315 0.0089565 0.0167565 0.0315 0.007271 0.0175537 0.0315 0.0055154 0.0181819 0.0315 0.0037067 0.0186349 0.0315 0.0018623 0.0189085 0.0315 0.0 0.019 0.0315 -0.0018623 0.0189085 0.0315 -0.0037067 0.0186349 0.0315 -0.0055154 0.0181819 0.0315 -0.007271 0.0175537 0.0315 -0.0089565 0.0167565 0.0315 -0.0105558 0.0157979 0.0315 -0.0120535 0.0146872 0.0315 -0.013435 0.013435 0.0315 -0.0146872 0.0120535 0.0315 -0.0157979 0.0105558 0.0315 -0.0167565 0.0089565 0.0315 -0.0175537 0.007271 0.0315 -0.0181819 0.0055154 0.0315 -0.0186349 0.0037067 0.0315 -0.0189085 0.0018623 0.0315 -0.019 0.0 0.0315 -0.0189085 -0.0018623 0.0315 -0.0186349 -0.0037067 0.0315 -0.0181819 -0.0055154 0.0315 -0.0175537 -0.007271 0.0315 -0.0167565 -0.0089565 0.0315 -0.0157979 -0.0105558 0.0315 -0.0146872 -0.0120535 0.0315 -0.013435 -0.013435 0.0315 -0.0120535 -0.0146872 0.0315 -0.0105558 -0.0157979 0.0315 -0.0089565 -0.0167565 0.0315 -0.007271 -0.0175537 0.0315 -0.0055154 -0.0181819 0.0315 -0.0037067 -0.0186349 0.0315 -0.0018623 -0.0189085 0.0315 -0.0 -0.019 0.0315 0.0018623 -0.0189085 0.0315 0.0037067 -0.0186349 0.0315 0.0055154 -0.0181819 0.0315 0.007271 -0.0175537 0.0315 0.0089565 -0.0167565 0.0315 0.0105558 -0.0157979 0.0315 0.0120535 -0.0146872 0.0315 0.013435 -0.013435 0.0315 0.0146872 -0.0120535 0.0315 0.0157979 -0.0105558 0.0315 0.0167565 -0.0089565 0.0315 0.0175537 -0.007271 0.0315 0.0181819 -0.0055154 0.0315 0.0186349 -0.0037067 0.0315 0.0189085 -0.0018623 0.0315 -0.0 -0.0 0.0205 -0.0 -0.0 0.0315</float_array>
          <technique_common>
            <accessor source="#mesh16-positions-array" count="258" stride="3">
              <param name="X" type="float" />
              <param name="Y" type="float" />
              <param name="Z" type="float" />
            </accessor>
          </technique_common>
        </source>
        <source id="mesh16-normals">
          <float_array id="mesh16-normals-array" count="774">0.1956967 0.0035251 -0.9806581 0.1944089 0.0226898 -0.9806581 0.1912488 0.0416359 -0.9806581 0.1862468 0.0601811 -0.9806581 0.1794512 0.0781467 -0.9806581 0.1709274 0.0953597 -0.9806581 0.1607574 0.1116543 -0.9806581 0.1490393 0.1268737 -0.9806581 0.1358859 0.1408711 -0.9806581 0.1214237 0.1535119 -0.9806581 0.1057923 0.1646743 -0.9806581 0.0891419 0.1742508 -0.9806581 0.0716331 0.1821492 -0.9806581 0.0534344 0.1882934 -0.9806581 0.0347212 0.1926242 -0.9806581 0.0156735 0.1950999 -0.9806581 -0.0035251 0.1956967 -0.9806581 -0.0226898 0.1944089 -0.9806581 -0.0416359 0.1912488 -0.9806581 -0.0601811 0.1862468 -0.9806581 -0.0781467 0.1794512 -0.9806581 -0.0953597 0.1709274 -0.9806581 -0.1116543 0.1607574 -0.9806581 -0.1268737 0.1490393 -0.9806581 -0.1408711 0.1358859 -0.9806581 -0.1535119 0.1214237 -0.9806581 -0.1646743 0.1057923 -0.9806581 -0.1742508 0.0891419 -0.9806581 -0.1821492 0.0716331 -0.9806581 -0.1882934 0.0534344 -0.9806581 -0.1926242 0.0347212 -0.9806581 -0.1950999 0.0156735 -0.9806581 -0.1956967 -0.0035251 -0.9806581 -0.1944089 -0.0226898 -0.9806581 -0.1912488 -0.0416359 -0.9806581 -0.1862468 -0.0601811 -0.9806581 -0.1794512 -0.0781467 -0.9806581 -0.1709274 -0.0953597 -0.9806581 -0.1607574 -0.1116543 -0.9806581 -0.1490393 -0.1268737 -0.9806581 -0.1358859 -0.1408711 -0.9806581 -0.1214237 -0.1535119 -0.9806581 -0.1057923 -0.1646743 -0.9806581 -0.0891419 -0.1742508 -0.9806581 -0.0716331 -0.1821492 -0.9806581 -0.0534344 -0.1882934 -0.9806581 -0.0347212 -0.1926242 -0.9806581 -0.0156735 -0.1950999 -0.9806581 0.0035251 -0.1956967 -0.9806581 0.0226898 -0.1944089 -0.9806581 0.0416359 -0.1912488 -0.9806581 0.0601811 -0.1862468 -0.9806581 0.0781467 -0.1794512 -0.9806581 0.0953597 -0.1709274 -0.9806581 0.1116543 -0.1607574 -0.9806581 0.1268737 -0.1490393 -0.9806581 0.1408711 -0.1358859 -0.9806581 0.1535119 -0.1214237 -0.9806581 0.1646743 -0.1057923 -0.9806581 0.1742508 -0.0891419 -0.9806581 0.1821492 -0.0716331 -0.9806581 0.1882934 -0.0534344 -0.9806581 0.1926242 -0.0347212 -0.9806581 0.1950999 -0.0156735 -0.9806581 0.9396243 0.0047139 -0.3421753 0.9346377 0.0967905 -0.3421753 0.92065 0.1879349 -0.3421753 0.897796 0.2772695 -0.3421753 0.8662957 0.3639337 -0.3421753 0.8264525 0.4470931 -0.3421753 0.7786501 0.5259468 -0.3421753 0.7233489 0.5997353 -0.3421753 0.6610815 0.667748 -0.3421753 0.5924474 0.7293299 -0.3421753 0.5181078 0.783888 -0.3421753 0.4387785 0.8308968 -0.3421753 0.3552236 0.8699036 -0.3421753 0.2682476 0.9005328 -0.3421753 0.1786883 0.9224893 -0.3421753 0.0874081 0.9355618 -0.3421753 -0.0047139 0.9396243 -0.3421753 -0.0967905 0.9346377 -0.3421753 -0.1879349 0.92065 -0.3421753 -0.2772695 0.897796 -0.3421753 -0.3639337 0.8662957 -0.3421753 -0.4470931 0.8264525 -0.3421753 -0.5259468 0.7786501 -0.3421753 -0.5997353 0.7233489 -0.3421753 -0.667748 0.6610815 -0.3421753 -0.7293299 0.5924474 -0.3421753 -0.783888 0.5181078 -0.3421753 -0.8308968 0.4387785 -0.3421753 -0.8699036 0.3552236 -0.3421753 -0.9005328 0.2682476 -0.3421753 -0.9224893 0.1786883 -0.3421753 -0.9355618 0.0874081 -0.3421753 -0.9396243 -0.0047139 -0.3421753 -0.9346377 -0.0967905 -0.3421753 -0.92065 -0.1879349 -0.3421753 -0.897796 -0.2772695 -0.3421753 -0.8662957 -0.3639337 -0.3421753 -0.8264525 -0.4470931 -0.3421753 -0.7786501 -0.5259468 -0.3421753 -0.7233489 -0.5997353 -0.3421753 -0.6610815 -0.667748 -0.3421753 -0.5924474 -0.7293299 -0.3421753 -0.5181078 -0.783888 -0.3421753 -0.4387785 -0.8308968 -0.3421753 -0.3552236 -0.8699036 -0.3421753 -0.2682476 -0.9005328 -0.3421753 -0.1786883 -0.9224893 -0.3421753 -0.0874081 -0.9355618 -0.3421753 0.0047139 -0.9396243 -0.3421753 0.0967905 -0.9346377 -0.3421753 0.1879349 -0.92065 -0.3421753 0.2772695 -0.897796 -0.3421753 0.3639337 -0.8662957 -0.3421753 0.4470931 -0.8264525 -0.3421753 0.5259468 -0.7786501 -0.3421753 0.5997353 -0.7233489 -0.3421753 0.667748 -0.6610815 -0.3421753 0.7293299 -0.5924474 -0.3421753 0.783888 -0.5181078 -0.3421753 0.8308968 -0.4387785 -0.3421753 0.8699036 -0.3552236 -0.3421753 0.9005328 -0.2682476 -0.3421753 0.9224893 -0.1786883 -0.3421753 0.9355618 -0.0874081 -0.3421753 0.9396243 -0.0047139 0.3421753 0.9355618 0.0874081 0.3421753 0.9224893 0.1786883 0.3421753 0.9005328 0.2682476 0.3421753 0.8699036 0.3552236 0.3421753 0.8308968 0.4387785 0.3421753 0.783888 0.5181078 0.3421753 0.7293299 0.5924474 0.3421753 0.667748 0.6610815 0.3421753 0.5997353 0.7233489 0.3421753 0.5259468 0.7786501 0.3421753 0.4470931 0.8264525 0.3421753 0.3639337 0.8662957 0.3421753 0.2772695 0.897796 0.3421753 0.1879349 0.92065 0.3421753 0.0967905 0.9346377 0.3421753 0.0047139 0.9396243 0.3421753 -0.0874081 0.9355618 0.3421753 -0.1786883 0.9224893 0.3421753 -0.2682476 0.9005328 0.3421753 -0.3552236 0.8699036 0.3421753 -0.4387785 0.8308968 0.3421753 -0.5181078 0.783888 0.3421753 -0.5924474 0.7293299 0.3421753 -0.6610815 0.667748 0.3421753 -0.7233489 0.5997353 0.3421753 -0.7786501 0.5259468 0.3421753 -0.8264525 0.4470931 0.3421753 -0.8662957 0.3639337 0.3421753 -0.897796 0.2772695 0.3421753 -0.92065 0.1879349 0.3421753 -0.9346377 0.0967905 0.3421753 -0.9396243 0.0047139 0.3421753 -0.9355618 -0.0874081 0.3421753 -0.9224893 -0.1786883 0.3421753 -0.9005328 -0.2682476 0.3421753 -0.8699036 -0.3552236 0.3421753 -0.8308968 -0.4387785 0.3421753 -0.783888 -0.5181078 0.3421753 -0.7293299 -0.5924474 0.3421753 -0.667748 -0.6610815 0.3421753 -0.5997353 -0.7233489 0.3421753 -0.5259468 -0.7786501 0.3421753 -0.4470931 -0.8264525 0.3421753 -0.3639337 -0.8662957 0.3421753 -0.2772695 -0.897796 0.3421753 -0.1879349 -0.92065 0.3421753 -0.0967905 -0.9346377 0.3421753 -0.0047139 -0.9396243 0.3421753 0.0874081 -0.9355618 0.3421753 0.1786883 -0.9224893 0.3421753 0.2682476 -0.9005328 0.3421753 0.3552236 -0.8699036 0.3421753 0.4387785 -0.8308968 0.3421753 0.5181078 -0.783888 0.3421753 0.5924474 -0.7293299 0.3421753 0.6610815 -0.667748 0.3421753 0.7233489 -0.5997353 0.3421753 0.7786501 -0.5259468 0.3421753 0.8264525 -0.4470931 0.3421753 0.8662957 -0.3639337 0.3421753 0.897796 -0.2772695 0.3421753 0.92065 -0.1879349 0.3421753 0.9346377 -0.0967905 0.3421753 0.1956967 -0.0035251 0.9806581 0.1950999 0.0156735 0.9806581 0.1926242 0.0347212 0.9806581 0.1882934 0.0534344 0.9806581 0.1821492 0.0716331 0.9806581 0.1742508 0.0891419 0.9806581 0.1646743 0.1057923 0.9806581 0.1535119 0.1214237 0.9806581 0.1408711 0.1358859 0.9806581 0.1268737 0.1490393 0.9806581 0.1116543 0.1607574 0.9806581 0.0953597 0.1709274 0.9806581 0.0781467 0.1794512 0.9806581 0.0601811 0.1862468 0.9806581 0.0416359 0.1912488 0.9806581 0.0226898 0.1944089 0.9806581 0.0035251 0.1956967 0.9806581 -0.0156735 0.1950999 0.9806581 -0.0347212 0.1926242 0.9806581 -0.0534344 0.1882934 0.9806581 -0.0716331 0.1821492 0.9806581 -0.0891419 0.1742508 0.9806581 -0.1057923 0.1646743 0.9806581 -0.1214237 0.1535119 0.9806581 -0.1358859 0.1408711 0.9806581 -0.1490393 0.1268737 0.9806581 -0.1607574 0.1116543 0.9806581 -0.1709274 0.0953597 0.9806581 -0.1794512 0.0781467 0.9806581 -0.1862468 0.0601811 0.9806581 -0.1912488 0.0416359 0.9806581 -0.1944089 0.0226898 0.9806581 -0.1956967 0.0035251 0.9806581 -0.1950999 -0.0156735 0.9806581 -0.1926242 -0.0347212 0.9806581 -0.1882934 -0.0534344 0.9806581 -0.1821492 -0.0716331 0.9806581 -0.1742508 -0.0891419 0.9806581 -0.1646743 -0.1057923 0.9806581 -0.1535119 -0.1214237 0.9806581 -0.1408711 -0.1358859 0.9806581 -0.1268737 -0.1490393 0.9806581 -0.1116543 -0.1607574 0.9806581 -0.0953597 -0.1709274 0.9806581 -0.0781467 -0.1794512 0.9806581 -0.0601811 -0.1862468 0.9806581 -0.0416359 -0.1912488 0.9806581 -0.0226898 -0.1944089 0.9806581 -0.0035251 -0.1956967 0.9806581 0.0156735 -0.1950999 0.9806581 0.0347212 -0.1926242 0.9806581 0.0534344 -0.1882934 0.9806581 0.0716331 -0.1821492 0.9806581 0.0891419 -0.1742508 0.9806581 0.1057923 -0.1646743 0.9806581 0.1214237 -0.1535119 0.9806581 0.1358859 -0.1408711 0.9806581 0.1490393 -0.1268737 0.9806581 0.1607574 -0.1116543 0.9806581 0.1709274 -0.0953597 0.9806581 0.1794512 -0.0781467 0.9806581 0.1862468 -0.0601811 0.9806581 0.1912488 -0.0416359 0.9806581 0.1944089 -0.0226898 0.9806581 0.0 0.0 -1.0 0.0 0.0 1.0</float_array>
          <technique_common>
            <accessor source="#mesh16-normals-array" count="258" stride="3">
              <param name="X" type="float" />
              <param name="Y" type="float" />
              <param name="Z" type="float" />
            </accessor>
          </technique_common>
        </source>
        <vertices id="mesh16-vertices">
          <input semantic="POSITION" source="#mesh16-positions" />
        </vertices>
        <triangles count="512" material="graphite">
          <input semantic="VERTEX" source="#mesh16-vertices" offset="0" />
          <input semantic="NORMAL" source="#mesh16-normals" offset="1" />
          <p>0 0 1 1 65 65 0 0 65 65 64 64 1 1 2 2 66 66 1 1 66 66 65 65 2 2 3 3 67 67 2 2 67 67 66 66 3 3 4 4 68 68 3 3 68 68 67 67 4 4 5 5 69 69 4 4 69 69 68 68 5 5 6 6 70 70 5 5 70 70 69 69 6 6 7 7 71 71 6 6 71 71 70 70 7 7 8 8 72 72 7 7 72 72 71 71 8 8 9 9 73 73 8 8 73 73 72 72 9 9 10 10 74 74 9 9 74 74 73 73 10 10 11 11 75 75 10 10 75 75 74 74 11 11 12 12 76 76 11 11 76 76 75 75 12 12 13 13 77 77 12 12 77 77 76 76 13 13 14 14 78 78 13 13 78 78 77 77 14 14 15 15 79 79 14 14 79 79 78 78 15 15 16 16 80 80 15 15 80 80 79 79 16 16 17 17 81 81 16 16 81 81 80 80 17 17 18 18 82 82 17 17 82 82 81 81 18 18 19 19 83 83 18 18 83 83 82 82 19 19 20 20 84 84 19 19 84 84 83 83 20 20 21 21 85 85 20 20 85 85 84 84 21 21 22 22 86 86 21 21 86 86 85 85 22 22 23 23 87 87 22 22 87 87 86 86 23 23 24 24 88 88 23 23 88 88 87 87 24 24 25 25 89 89 24 24 89 89 88 88 25 25 26 26 90 90 25 25 90 90 89 89 26 26 27 27 91 91 26 26 91 91 90 90 27 27 28 28 92 92 27 27 92 92 91 91 28 28 29 29 93 93 28 28 93 93 92 92 29 29 30 30 94 94 29 29 94 94 93 93 30 30 31 31 95 95 30 30 95 95 94 94 31 31 32 32 96 96 31 31 96 96 95 95 32 32 33 33 97 97 32 32 97 97 96 96 33 33 34 34 98 98 33 33 98 98 97 97 34 34 35 35 99 99 34 34 99 99 98 98 35 35 36 36 100 100 35 35 100 100 99 99 36 36 37 37 101 101 36 36 101 101 100 100 37 37 38 38 102 102 37 37 102 102 101 101 38 38 39 39 103 103 38 38 103 103 102 102 39 39 40 40 104 104 39 39 104 104 103 103 40 40 41 41 105 105 40 40 105 105 104 104 41 41 42 42 106 106 41 41 106 106 105 105 42 42 43 43 107 107 42 42 107 107 106 106 43 43 44 44 108 108 43 43 108 108 107 107 44 44 45 45 109 109 44 44 109 109 108 108 45 45 46 46 110 110 45 45 110 110 109 109 46 46 47 47 111 111 46 46 111 111 110 110 47 47 48 48 112 112 47 47 112 112 111 111 48 48 49 49 113 113 48 48 113 113 112 112 49 49 50 50 114 114 49 49 114 114 113 113 50 50 51 51 115 115 50 50 115 115 114 114 51 51 52 52 116 116 51 51 116 116 115 115 52 52 53 53 117 117 52 52 117 117 116 116 53 53 54 54 118 118 53 53 118 118 117 117 54 54 55 55 119 119 54 54 119 119 118 118 55 55 56 56 120 120 55 55 120 120 119 119 56 56 57 57 121 121 56 56 121 121 120 120 57 57 58 58 122 122 57 57 122 122 121 121 58 58 59 59 123 123 58 58 123 123 122 122 59 59 60 60 124 124 59 59 124 124 123 123 60 60 61 61 125 125 60 60 125 125 124 124 61 61 62 62 126 126 61 61 126 126 125 125 62 62 63 63 127 127 62 62 127 127 126 126 63 63 0 0 64 64 63 63 64 64 127 127 64 64 65 65 129 129 64 64 129 129 128 128 65 65 66 66 130 130 65 65 130 130 129 129 66 66 67 67 131 131 66 66 131 131 130 130 67 67 68 68 132 132 67 67 132 132 131 131 68 68 69 69 133 133 68 68 133 133 132 132 69 69 70 70 134 134 69 69 134 134 133 133 70 70 71 71 135 135 70 70 135 135 134 134 71 71 72 72 136 136 71 71 136 136 135 135 72 72 73 73 137 137 72 72 137 137 136 136 73 73 74 74 138 138 73 73 138 138 137 137 74 74 75 75 139 139 74 74 139 139 138 138 75 75 76 76 140 140 75 75 140 140 139 139 76 76 77 77 141 141 76 76 141 141 140 140 77 77 78 78 142 142 77 77 142 142 141 141 78 78 79 79 143 143 78 78 143 143 142 142 79 79 80 80 144 144 79 79 144 144 143 143 80 80 81 81 145 145 80 80 145 145 144 144 81 81 82 82 146 146 81 81 146 146 145 145 82 82 83 83 147 147 82 82 147 147 146 146 83 83 84 84 148 148 83 83 148 148 147 147 84 84 85 85 149 149 84 84 149 149 148 148 85 85 86 86 150 150 85 85 150 150 149 149 86 86 87 87 151 151 86 86 151 151 150 150 87 87 88 88 152 152 87 87 152 152 151 151 88 88 89 89 153 153 88 88 153 153 152 152 89 89 90 90 154 154 89 89 154 154 153 153 90 90 91 91 155 155 90 90 155 155 154 154 91 91 92 92 156 156 91 91 156 156 155 155 92 92 93 93 157 157 92 92 157 157 156 156 93 93 94 94 158 158 93 93 158 158 157 157 94 94 95 95 159 159 94 94 159 159 158 158 95 95 96 96 160 160 95 95 160 160 159 159 96 96 97 97 161 161 96 96 161 161 160 160 97 97 98 98 162 162 97 97 162 162 161 161 98 98 99 99 163 163 98 98 163 163 162 162 99 99 100 100 164 164 99 99 164 164 163 163 100 100 101 101 165 165 100 100 165 165 164 164 101 101 102 102 166 166 101 101 166 166 165 165 102 102 103 103 167 167 102 102 167 167 166 166 103 103 104 104 168 168 103 103 168 168 167 167 104 104 105 105 169 169 104 104 169 169 168 168 105 105 106 106 170 170 105 105 170 170 169 169 106 106 107 107 171 171 106 106 171 171 170 170 107 107 108 108 172 172 107 107 172 172 171 171 108 108 109 109 173 173 108 108 173 173 172 172 109 109 110 110 174 174 109 109 174 174 173 173 110 110 111 111 175 175 110 110 175 175 174 174 111 111 112 112 176 176 111 111 176 176 175 175 112 112 113 113 177 177 112 112 177 177 176 176 113 113 114 114 178 178 113 113 178 178 177 177 114 114 115 115 179 179 114 114 179 179 178 178 115 115 116 116 180 180 115 115 180 180 179 179 116 116 117 117 181 181 116 116 181 181 180 180 117 117 118 118 182 182 117 117 182 182 181 181 118 118 119 119 183 183 118 118 183 183 182 182 119 119 120 120 184 184 119 119 184 184 183 183 120 120 121 121 185 185 120 120 185 185 184 184 121 121 122 122 186 186 121 121 186 186 185 185 122 122 123 123 187 187 122 122 187 187 186 186 123 123 124 124 188 188 123 123 188 188 187 187 124 124 125 125 189 189 124 124 189 189 188 188 125 125 126 126 190 190 125 125 190 190 189 189 126 126 127 127 191 191 126 126 191 191 190 190 127 127 64 64 128 128 127 127 128 128 191 191 128 128 129 129 193 193 128 128 193 193 192 192 129 129 130 130 194 194 129 129 194 194 193 193 130 130 131 131 195 195 130 130 195 195 194 194 131 131 132 132 196 196 131 131 196 196 195 195 132 132 133 133 197 197 132 132 197 197 196 196 133 133 134 134 198 198 133 133 198 198 197 197 134 134 135 135 199 199 134 134 199 199 198 198 135 135 136 136 200 200 135 135 200 200 199 199 136 136 137 137 201 201 136 136 201 201 200 200 137 137 138 138 202 202 137 137 202 202 201 201 138 138 139 139 203 203 138 138 203 203 202 202 139 139 140 140 204 204 139 139 204 204 203 203 140 140 141 141 205 205 140 140 205 205 204 204 141 141 142 142 206 206 141 141 206 206 205 205 142 142 143 143 207 207 142 142 207 207 206 206 143 143 144 144 208 208 143 143 208 208 207 207 144 144 145 145 209 209 144 144 209 209 208 208 145 145 146 146 210 210 145 145 210 210 209 209 146 146 147 147 211 211 146 146 211 211 210 210 147 147 148 148 212 212 147 147 212 212 211 211 148 148 149 149 213 213 148 148 213 213 212 212 149 149 150 150 214 214 149 149 214 214 213 213 150 150 151 151 215 215 150 150 215 215 214 214 151 151 152 152 216 216 151 151 216 216 215 215 152 152 153 153 217 217 152 152 217 217 216 216 153 153 154 154 218 218 153 153 218 218 217 217 154 154 155 155 219 219 154 154 219 219 218 218 155 155 156 156 220 220 155 155 220 220 219 219 156 156 157 157 221 221 156 156 221 221 220 220 157 157 158 158 222 222 157 157 222 222 221 221 158 158 159 159 223 223 158 158 223 223 222 222 159 159 160 160 224 224 159 159 224 224 223 223 160 160 161 161 225 225 160 160 225 225 224 224 161 161 162 162 226 226 161 161 226 226 225 225 162 162 163 163 227 227 162 162 227 227 226 226 163 163 164 164 228 228 163 163 228 228 227 227 164 164 165 165 229 229 164 164 229 229 228 228 165 165 166 166 230 230 165 165 230 230 229 229 166 166 167 167 231 231 166 166 231 231 230 230 167 167 168 168 232 232 167 167 232 232 231 231 168 168 169 169 233 233 168 168 233 233 232 232 169 169 170 170 234 234 169 169 234 234 233 233 170 170 171 171 235 235 170 170 235 235 234 234 171 171 172 172 236 236 171 171 236 236 235 235 172 172 173 173 237 237 172 172 237 237 236 236 173 173 174 174 238 238 173 173 238 238 237 237 174 174 175 175 239 239 174 174 239 239 238 238 175 175 176 176 240 240 175 175 240 240 239 239 176 176 177 177 241 241 176 176 241 241 240 240 177 177 178 178 242 242 177 177 242 242 241 241 178 178 179 179 243 243 178 178 243 243 242 242 179 179 180 180 244 244 179 179 244 244 243 243 180 180 181 181 245 245 180 180 245 245 244 244 181 181 182 182 246 246 181 181 246 246 245 245 182 182 183 183 247 247 182 182 247 247 246 246 183 183 184 184 248 248 183 183 248 248 247 247 184 184 185 185 249 249 184 184 249 249 248 248 185 185 186 186 250 250 185 185 250 250 249 249 186 186 187 187 251 251 186 186 251 251 250 250 187 187 188 188 252 252 187 187 252 252 251 251 188 188 189 189 253 253 188 188 253 253 252 252 189 189 190 190 254 254 189 189 254 254 253 253 190 190 191 191 255 255 190 190 255 255 254 254 191 191 128 128 192 192 191 191 192 192 255 255 256 256 1 1 0 0 256 256 2 2 1 1 256 256 3 3 2 2 256 256 4 4 3 3 256 256 5 5 4 4 256 256 6 6 5 5 256 256 7 7 6 6 256 256 8 8 7 7 256 256 9 9 8 8 256 256 10 10 9 9 256 256 11 11 10 10 256 256 12 12 11 11 256 256 13 13 12 12 256 256 14 14 13 13 256 256 15 15 14 14 256 256 16 16 15 15 256 256 17 17 16 16 256 256 18 18 17 17 256 256 19 19 18 18 256 256 20 20 19 19 256 256 21 21 20 20 256 256 22 22 21 21 256 256 23 23 22 22 256 256 24 24 23 23 256 256 25 25 24 24 256 256 26 26 25 25 256 256 27 27 26 26 256 256 28 28 27 27 256 256 29 29 28 28 256 256 30 30 29 29 256 256 31 31 30 30 256 256 32 32 31 31 256 256 33 33 32 32 256 256 34 34 33 33 256 256 35 35 34 34 256 256 36 36 35 35 256 256 37 37 36 36 256 256 38 38 37 37 256 256 39 39 38 38 256 256 40 40 39 39 256 256 41 41 40 40 256 256 42 42 41 41 256 256 43 43 42 42 256 256 44 44 43 43 256 256 45 45 44 44 256 256 46 46 45 45 256 256 47 47 46 46 256 256 48 48 47 47 256 256 49 49 48 48 256 256 50 50 49 49 256 256 51 51 50 50 256 256 52 52 51 51 256 256 53 53 52 52 256 256 54 54 53 53 256 256 55 55 54 54 256 256 56 56 55 55 256 256 57 57 56 56 256 256 58 58 57 57 256 256 59 59 58 58 256 256 60 60 59 59 256 256 61 61 60 60 256 256 62 62 61 61 256 256 63 63 62 62 256 256 0 0 63 63 257 257 192 192 193 193 257 257 193 193 194 194 257 257 194 194 195 195 257 257 195 195 196 196 257 257 196 196 197 197 257 257 197 197 198 198 257 257 198 198 199 199 257 257 199 199 200 200 257 257 200 200 201 201 257 257 201 201 202 202 257 257 202 202 203 203 257 257 203 203 204 204 257 257 204 204 205 205 257 257 205 205 206 206 257 257 206 206 207 207 257 257 207 207 208 208 257 257 208 208 209 209 257 257 209 209 210 210 257 257 210 210 211 211 257 257 211 211 212 212 257 257 212 212 213 213 257 257 213 213 214 214 257 257 214 214 215 215 257 257 215 215 216 216 257 257 216 216 217 217 257 257 217 217 218 218 257 257 218 218 219 219 257 257 219 219 220 220 257 257 220 220 221 221 257 257 221 221 222 222 257 257 222 222 223 223 257 257 223 223 224 224 257 257 224 224 225 225 257 257 225 225 226 226 257 257 226 226 227 227 257 257 227 227 228 228 257 257 228 228 229 229 257 257 229 229 230 230 257 257 230 230 231 231 257 257 231 231 232 232 257 257 232 232 233 233 257 257 233 233 234 234 257 257 234 234 235 235 257 257 235 235 236 236 257 257 236 236 237 237 257 257 237 237 238 238 257 257 238 238 239 239 257 257 239 239 240 240 257 257 240 240 241 241 257 257 241 241 242 242 257 257 242 242 243 243 257 257 243 243 244 244 257 257 244 244 245 245 257 257 245 245 246 246 257 257 246 246 247 247 257 257 247 247 248 248 257 257 248 248 249 249 257 257 249 249 250 250 257 257 250 250 251 251 257 257 251 251 252 252 257 257 252 252 253 253 257 257 253 253 254 254 257 257 254 254 255 255 257 257 255 255 192 192</p>
        </triangles>
      </mesh>
    </geometry>
  </library_geometries>
  <library_visual_scenes>
    <visual_scene id="Scene">
      <node id="mesh0-node">
        <instance_geometry url="#mesh0">
          <bind_material>
            <technique_common>
              <instance_material symbol="rubber" target="#rubber" />
            </technique_common>
          </bind_material>
        </instance_geometry>
      </node>
      <node id="mesh1-node">
        <instance_geometry url="#mesh1">
          <bind_material>
            <technique_common>
              <instance_material symbol="alloy" target="#alloy" />
            </technique_common>
          </bind_material>
        </instance_geometry>
      </node>
      <node id="mesh2-node">
        <instance_geometry url="#mesh2">
          <bind_material>
            <technique_common>
              <instance_material symbol="graphite" target="#graphite" />
            </technique_common>
          </bind_material>
        </instance_geometry>
      </node>
      <node id="mesh3-node">
        <instance_geometry url="#mesh3">
          <bind_material>
            <technique_common>
              <instance_material symbol="alloy" target="#alloy" />
            </technique_common>
          </bind_material>
        </instance_geometry>
      </node>
      <node id="mesh4-node">
        <instance_geometry url="#mesh4">
          <bind_material>
            <technique_common>
              <instance_material symbol="alloy" target="#alloy" />
            </technique_common>
          </bind_material>
        </instance_geometry>
      </node>
      <node id="mesh5-node">
        <instance_geometry url="#mesh5">
          <bind_material>
            <technique_common>
              <instance_material symbol="alloy" target="#alloy" />
            </technique_common>
          </bind_material>
        </instance_geometry>
      </node>
      <node id="mesh6-node">
        <instance_geometry url="#mesh6">
          <bind_material>
            <technique_common>
              <instance_material symbol="alloy" target="#alloy" />
            </technique_common>
          </bind_material>
        </instance_geometry>
      </node>
      <node id="mesh7-node">
        <instance_geometry url="#mesh7">
          <bind_material>
            <technique_common>
              <instance_material symbol="alloy" target="#alloy" />
            </technique_common>
          </bind_material>
        </instance_geometry>
      </node>
      <node id="mesh8-node">
        <instance_geometry url="#mesh8">
          <bind_material>
            <technique_common>
              <instance_material symbol="graphite" target="#graphite" />
            </technique_common>
          </bind_material>
        </instance_geometry>
      </node>
      <node id="mesh9-node">
        <instance_geometry url="#mesh9">
          <bind_material>
            <technique_common>
              <instance_material symbol="alloy" target="#alloy" />
            </technique_common>
          </bind_material>
        </instance_geometry>
      </node>
      <node id="mesh10-node">
        <instance_geometry url="#mesh10">
          <bind_material>
            <technique_common>
              <instance_material symbol="graphite" target="#graphite" />
            </technique_common>
          </bind_material>
        </instance_geometry>
      </node>
      <node id="mesh11-node">
        <instance_geometry url="#mesh11">
          <bind_material>
            <technique_common>
              <instance_material symbol="alloy" target="#alloy" />
            </technique_common>
          </bind_material>
        </instance_geometry>
      </node>
      <node id="mesh12-node">
        <instance_geometry url="#mesh12">
          <bind_material>
            <technique_common>
              <instance_material symbol="alloy" target="#alloy" />
            </technique_common>
          </bind_material>
        </instance_geometry>
      </node>
      <node id="mesh13-node">
        <instance_geometry url="#mesh13">
          <bind_material>
            <technique_common>
              <instance_material symbol="alloy" target="#alloy" />
            </technique_common>
          </bind_material>
        </instance_geometry>
      </node>
      <node id="mesh14-node">
        <instance_geometry url="#mesh14">
          <bind_material>
            <technique_common>
              <instance_material symbol="alloy" target="#alloy" />
            </technique_common>
          </bind_material>
        </instance_geometry>
      </node>
      <node id="mesh15-node">
        <instance_geometry url="#mesh15">
          <bind_material>
            <technique_common>
              <instance_material symbol="alloy" target="#alloy" />
            </technique_common>
          </bind_material>
        </instance_geometry>
      </node>
      <node id="mesh16-node">
        <instance_geometry url="#mesh16">
          <bind_material>
            <technique_common>
              <instance_material symbol="graphite" target="#graphite" />
            </technique_common>
          </bind_material>
        </instance_geometry>
      </node>
    </visual_scene>
  </library_visual_scenes>
  <scene>
    <instance_visual_scene url="#Scene" />
  </scene>
</COLLADA>